at,scenario_id,db_cpu_core_equivalents,proc_cpu_error,active_app_connections,idle_app_connections,lock_waiters,sampled_lock_wait_fraction,oldest_ready_age_ms,gpu_reserved_vram_mb,gpu_capacity_vram_mb,gpu_free_vram_mb,gpu_available_devices,gpu_reserved_devices,gpu_reservation_ratio,subthreshold_available_vram_slack_for_16gb_job_mb,whole_device_stranded_vram_mb,connections_by_application
2026-09-30T13:53:55.860281051Z,startup,,CPU sampler warming up,0,33,0,0.000000,,0,0,0,0,0,,0,0,"{""atlasexp-api-0ed5f5"":{""active"":0,""idle"":1,""other"":0},""atlasexp-worker-w00-cpu-00-e089a9"":{""active"":0,""idle"":4,""other"":0},""atlasexp-worker-w00-cpu-01-584c93"":{""active"":0,""idle"":4,""other"":0},""atlasexp-worker-w00-cpu-02-a78d88"":{""active"":0,""idle"":4,""other"":0},""atlasexp-worker-w00-cpu-03-9fa922"":{""active"":0,""idle"":4,""other"":0},""atlasexp-worker-w00-cpu-04-1ad602"":{""active"":0,""idle"":4,""other"":0},""atlasexp-worker-w00-cpu-05-54f63a"":{""active"":0,""idle"":4,""other"":0},""atlasexp-worker-w00-cpu-06-e81e93"":{""active"":0,""idle"":4,""other"":0},""atlasexp-worker-w00-cpu-07-40277b"":{""active"":0,""idle"":4,""other"":0}}"
2026-09-30T13:53:56.109952874Z,bench-cpu-w8-best-fit-r50-t1,0.080105,,2,33,0,0.000000,85.149000,0,0,0,0,0,,0,0,"{""atlasexp-api-0ed5f5"":{""active"":0,""idle"":1,""other"":0},""atlasexp-scheduler-best-fit-c163dd"":{""active"":1,""idle"":1,""other"":0},""atlasexp-worker-w00-cpu-00-e089a9"":{""active"":0,""idle"":4,""other"":0},""atlasexp-worker-w00-cpu-01-584c93"":{""active"":0,""idle"":4,""other"":0},""atlasexp-worker-w00-cpu-02-a78d88"":{""active"":0,""idle"":4,""other"":0},""atlasexp-worker-w00-cpu-03-9fa922"":{""active"":0,""idle"":4,""other"":0},""atlasexp-worker-w00-cpu-04-1ad602"":{""active"":0,""idle"":4,""other"":0},""atlasexp-worker-w00-cpu-05-54f63a"":{""active"":0,""idle"":4,""other"":0},""atlasexp-worker-w00-cpu-06-e81e93"":{""active"":0,""idle"":4,""other"":0},""atlasexp-worker-w00-cpu-07-40277b"":{""active"":1,""idle"":3,""other"":0}}"
2026-09-30T13:53:56.359704075Z,bench-cpu-w8-best-fit-r50-t1,0.320319,,3,30,0,0.000000,135.368000,0,0,0,0,0,,0,0,"{""atlasexp-api-0ed5f5"":{""active"":0,""idle"":1,""other"":0},""atlasexp-scheduler-best-fit-c163dd"":{""active"":0,""idle"":1,""other"":1},""atlasexp-worker-w00-cpu-00-e089a9"":{""active"":1,""idle"":3,""other"":0},""atlasexp-worker-w00-cpu-01-584c93"":{""active"":0,""idle"":4,""other"":0},""atlasexp-worker-w00-cpu-02-a78d88"":{""active"":0,""idle"":4,""other"":0},""atlasexp-worker-w00-cpu-03-9fa922"":{""active"":1,""idle"":2,""other"":1},""atlasexp-worker-w00-cpu-04-1ad602"":{""active"":0,""idle"":4,""other"":0},""atlasexp-worker-w00-cpu-05-54f63a"":{""active"":0,""idle"":4,""other"":0},""atlasexp-worker-w00-cpu-06-e81e93"":{""active"":0,""idle"":4,""other"":0},""atlasexp-worker-w00-cpu-07-40277b"":{""active"":1,""idle"":3,""other"":0}}"
2026-09-30T13:53:56.610229552Z,bench-cpu-w8-best-fit-r50-t1,0.558825,,1,34,0,0.000000,86.312000,0,0,0,0,0,,0,0,"{""atlasexp-api-0ed5f5"":{""active"":0,""idle"":1,""other"":0},""atlasexp-scheduler-best-fit-c163dd"":{""active"":1,""idle"":1,""other"":0},""atlasexp-worker-w00-cpu-00-e089a9"":{""active"":0,""idle"":4,""other"":0},""atlasexp-worker-w00-cpu-01-584c93"":{""active"":0,""idle"":4,""other"":0},""atlasexp-worker-w00-cpu-02-a78d88"":{""active"":0,""idle"":4,""other"":0},""atlasexp-worker-w00-cpu-03-9fa922"":{""active"":0,""idle"":4,""other"":0},""atlasexp-worker-w00-cpu-04-1ad602"":{""active"":0,""idle"":4,""other"":0},""atlasexp-worker-w00-cpu-05-54f63a"":{""active"":0,""idle"":4,""other"":0},""atlasexp-worker-w00-cpu-06-e81e93"":{""active"":0,""idle"":4,""other"":0},""atlasexp-worker-w00-cpu-07-40277b"":{""active"":0,""idle"":4,""other"":0}}"
2026-09-30T13:53:56.859671635Z,bench-cpu-w8-best-fit-r50-t1,0.320716,,1,33,0,0.000000,35.984000,0,0,0,0,0,,0,0,"{""atlasexp-api-0ed5f5"":{""active"":0,""idle"":1,""other"":0},""atlasexp-scheduler-best-fit-c163dd"":{""active"":0,""idle"":1,""other"":1},""atlasexp-worker-w00-cpu-00-e089a9"":{""active"":0,""idle"":4,""other"":0},""atlasexp-worker-w00-cpu-01-584c93"":{""active"":0,""idle"":4,""other"":0},""atlasexp-worker-w00-cpu-02-a78d88"":{""active"":0,""idle"":4,""other"":0},""atlasexp-worker-w00-cpu-03-9fa922"":{""active"":1,""idle"":3,""other"":0},""atlasexp-worker-w00-cpu-04-1ad602"":{""active"":0,""idle"":4,""other"":0},""atlasexp-worker-w00-cpu-05-54f63a"":{""active"":0,""idle"":4,""other"":0},""atlasexp-worker-w00-cpu-06-e81e93"":{""active"":0,""idle"":4,""other"":0},""atlasexp-worker-w00-cpu-07-40277b"":{""active"":0,""idle"":4,""other"":0}}"
2026-09-30T13:53:57.110544013Z,bench-cpu-w8-best-fit-r50-t1,0.318887,,1,34,0,0.000000,86.379000,0,0,0,0,0,,0,0,"{""atlasexp-api-0ed5f5"":{""active"":0,""idle"":1,""other"":0},""atlasexp-scheduler-best-fit-c163dd"":{""active"":0,""idle"":2,""other"":0},""atlasexp-worker-w00-cpu-00-e089a9"":{""active"":0,""idle"":4,""other"":0},""atlasexp-worker-w00-cpu-01-584c93"":{""active"":0,""idle"":4,""other"":0},""atlasexp-worker-w00-cpu-02-a78d88"":{""active"":0,""idle"":4,""other"":0},""atlasexp-worker-w00-cpu-03-9fa922"":{""active"":0,""idle"":4,""other"":0},""atlasexp-worker-w00-cpu-04-1ad602"":{""active"":0,""idle"":4,""other"":0},""atlasexp-worker-w00-cpu-05-54f63a"":{""active"":0,""idle"":4,""other"":0},""atlasexp-worker-w00-cpu-06-e81e93"":{""active"":0,""idle"":4,""other"":0},""atlasexp-worker-w00-cpu-07-40277b"":{""active"":1,""idle"":3,""other"":0}}"
2026-09-30T13:53:57.360182764Z,bench-cpu-w8-best-fit-r50-t1,0.360521,,3,30,0,0.000000,35.917000,0,0,0,0,0,,0,0,"{""atlasexp-api-0ed5f5"":{""active"":0,""idle"":1,""other"":0},""atlasexp-scheduler-best-fit-c163dd"":{""active"":0,""idle"":1,""other"":1},""atlasexp-worker-w00-cpu-00-e089a9"":{""active"":2,""idle"":2,""other"":0},""atlasexp-worker-w00-cpu-01-584c93"":{""active"":0,""idle"":3,""other"":1},""atlasexp-worker-w00-cpu-02-a78d88"":{""active"":0,""idle"":4,""other"":0},""atlasexp-worker-w00-cpu-03-9fa922"":{""active"":0,""idle"":4,""other"":0},""atlasexp-worker-w00-cpu-04-1ad602"":{""active"":0,""idle"":4,""other"":0},""atlasexp-worker-w00-cpu-05-54f63a"":{""active"":0,""idle"":4,""other"":0},""atlasexp-worker-w00-cpu-06-e81e93"":{""active"":0,""idle"":4,""other"":0},""atlasexp-worker-w00-cpu-07-40277b"":{""active"":1,""idle"":3,""other"":0}}"
2026-09-30T13:53:57.610070129Z,bench-cpu-w8-best-fit-r50-t1,0.280126,,0,33,0,0.000000,85.627000,0,0,0,0,0,,0,0,"{""atlasexp-api-0ed5f5"":{""active"":0,""idle"":1,""other"":0},""atlasexp-scheduler-best-fit-c163dd"":{""active"":0,""idle"":2,""other"":0},""atlasexp-worker-w00-cpu-00-e089a9"":{""active"":0,""idle"":4,""other"":0},""atlasexp-worker-w00-cpu-01-584c93"":{""active"":0,""idle"":3,""other"":1},""atlasexp-worker-w00-cpu-02-a78d88"":{""active"":0,""idle"":3,""other"":1},""atlasexp-worker-w00-cpu-03-9fa922"":{""active"":0,""idle"":4,""other"":0},""atlasexp-worker-w00-cpu-04-1ad602"":{""active"":0,""idle"":4,""other"":0},""atlasexp-worker-w00-cpu-05-54f63a"":{""active"":0,""idle"":4,""other"":0},""atlasexp-worker-w00-cpu-06-e81e93"":{""active"":0,""idle"":4,""other"":0},""atlasexp-worker-w00-cpu-07-40277b"":{""active"":0,""idle"":4,""other"":0}}"
2026-09-30T13:53:57.860437903Z,bench-cpu-w8-best-fit-r50-t1,0.359471,,1,34,0,0.000000,36.817000,0,0,0,0,0,,0,0,"{""atlasexp-api-0ed5f5"":{""active"":0,""idle"":1,""other"":0},""atlasexp-scheduler-best-fit-c163dd"":{""active"":0,""idle"":2,""other"":0},""atlasexp-worker-w00-cpu-00-e089a9"":{""active"":0,""idle"":4,""other"":0},""atlasexp-worker-w00-cpu-01-584c93"":{""active"":0,""idle"":4,""other"":0},""atlasexp-worker-w00-cpu-02-a78d88"":{""active"":0,""idle"":4,""other"":0},""atlasexp-worker-w00-cpu-03-9fa922"":{""active"":0,""idle"":4,""other"":0},""atlasexp-worker-w00-cpu-04-1ad602"":{""active"":0,""idle"":4,""other"":0},""atlasexp-worker-w00-cpu-05-54f63a"":{""active"":0,""idle"":4,""other"":0},""atlasexp-worker-w00-cpu-06-e81e93"":{""active"":0,""idle"":4,""other"":0},""atlasexp-worker-w00-cpu-07-40277b"":{""active"":1,""idle"":3,""other"":0}}"
2026-09-30T13:53:58.109790008Z,bench-cpu-w8-best-fit-r50-t1,0.401039,,2,33,0,0.000000,85.978000,0,0,0,0,0,,0,0,"{""atlasexp-api-0ed5f5"":{""active"":0,""idle"":1,""other"":0},""atlasexp-scheduler-best-fit-c163dd"":{""active"":0,""idle"":2,""other"":0},""atlasexp-worker-w00-cpu-00-e089a9"":{""active"":1,""idle"":3,""other"":0},""atlasexp-worker-w00-cpu-01-584c93"":{""active"":0,""idle"":4,""other"":0},""atlasexp-worker-w00-cpu-02-a78d88"":{""active"":1,""idle"":3,""other"":0},""atlasexp-worker-w00-cpu-03-9fa922"":{""active"":0,""idle"":4,""other"":0},""atlasexp-worker-w00-cpu-04-1ad602"":{""active"":0,""idle"":4,""other"":0},""atlasexp-worker-w00-cpu-05-54f63a"":{""active"":0,""idle"":4,""other"":0},""atlasexp-worker-w00-cpu-06-e81e93"":{""active"":0,""idle"":4,""other"":0},""atlasexp-worker-w00-cpu-07-40277b"":{""active"":0,""idle"":4,""other"":0}}"
2026-09-30T13:53:58.360506794Z,bench-cpu-w8-best-fit-r50-t1,0.358971,,2,33,0,0.000000,36.762000,0,0,0,0,0,,0,0,"{""atlasexp-api-0ed5f5"":{""active"":0,""idle"":1,""other"":0},""atlasexp-scheduler-best-fit-c163dd"":{""active"":1,""idle"":1,""other"":0},""atlasexp-worker-w00-cpu-00-e089a9"":{""active"":0,""idle"":4,""other"":0},""atlasexp-worker-w00-cpu-01-584c93"":{""active"":1,""idle"":3,""other"":0},""atlasexp-worker-w00-cpu-02-a78d88"":{""active"":0,""idle"":4,""other"":0},""atlasexp-worker-w00-cpu-03-9fa922"":{""active"":0,""idle"":4,""other"":0},""atlasexp-worker-w00-cpu-04-1ad602"":{""active"":0,""idle"":4,""other"":0},""atlasexp-worker-w00-cpu-05-54f63a"":{""active"":0,""idle"":4,""other"":0},""atlasexp-worker-w00-cpu-06-e81e93"":{""active"":0,""idle"":4,""other"":0},""atlasexp-worker-w00-cpu-07-40277b"":{""active"":0,""idle"":4,""other"":0}}"
2026-09-30T13:53:58.610037072Z,bench-cpu-w8-best-fit-r50-t1,0.400753,,2,33,0,0.000000,,0,0,0,0,0,,0,0,"{""atlasexp-api-0ed5f5"":{""active"":0,""idle"":1,""other"":0},""atlasexp-scheduler-best-fit-c163dd"":{""active"":0,""idle"":2,""other"":0},""atlasexp-worker-w00-cpu-00-e089a9"":{""active"":0,""idle"":4,""other"":0},""atlasexp-worker-w00-cpu-01-584c93"":{""active"":0,""idle"":4,""other"":0},""atlasexp-worker-w00-cpu-02-a78d88"":{""active"":1,""idle"":3,""other"":0},""atlasexp-worker-w00-cpu-03-9fa922"":{""active"":0,""idle"":4,""other"":0},""atlasexp-worker-w00-cpu-04-1ad602"":{""active"":0,""idle"":4,""other"":0},""atlasexp-worker-w00-cpu-05-54f63a"":{""active"":0,""idle"":4,""other"":0},""atlasexp-worker-w00-cpu-06-e81e93"":{""active"":0,""idle"":4,""other"":0},""atlasexp-worker-w00-cpu-07-40277b"":{""active"":1,""idle"":3,""other"":0}}"
2026-09-30T13:53:58.860146913Z,bench-cpu-w8-best-fit-r50-t1,0.319859,,0,34,0,0.000000,36.086000,0,0,0,0,0,,0,0,"{""atlasexp-api-0ed5f5"":{""active"":0,""idle"":1,""other"":0},""atlasexp-scheduler-best-fit-c163dd"":{""active"":0,""idle"":1,""other"":1},""atlasexp-worker-w00-cpu-00-e089a9"":{""active"":0,""idle"":4,""other"":0},""atlasexp-worker-w00-cpu-01-584c93"":{""active"":0,""idle"":4,""other"":0},""atlasexp-worker-w00-cpu-02-a78d88"":{""active"":0,""idle"":4,""other"":0},""atlasexp-worker-w00-cpu-03-9fa922"":{""active"":0,""idle"":4,""other"":0},""atlasexp-worker-w00-cpu-04-1ad602"":{""active"":0,""idle"":4,""other"":0},""atlasexp-worker-w00-cpu-05-54f63a"":{""active"":0,""idle"":4,""other"":0},""atlasexp-worker-w00-cpu-06-e81e93"":{""active"":0,""idle"":4,""other"":0},""atlasexp-worker-w00-cpu-07-40277b"":{""active"":0,""idle"":4,""other"":0}}"
2026-09-30T13:53:59.110390965Z,bench-cpu-w8-best-fit-r50-t1,0.199805,,1,33,0,0.000000,85.549000,0,0,0,0,0,,0,0,"{""atlasexp-api-0ed5f5"":{""active"":0,""idle"":1,""other"":0},""atlasexp-scheduler-best-fit-c163dd"":{""active"":0,""idle"":2,""other"":0},""atlasexp-worker-w00-cpu-00-e089a9"":{""active"":0,""idle"":3,""other"":1},""atlasexp-worker-w00-cpu-01-584c93"":{""active"":0,""idle"":4,""other"":0},""atlasexp-worker-w00-cpu-02-a78d88"":{""active"":0,""idle"":4,""other"":0},""atlasexp-worker-w00-cpu-03-9fa922"":{""active"":0,""idle"":4,""other"":0},""atlasexp-worker-w00-cpu-04-1ad602"":{""active"":0,""idle"":4,""other"":0},""atlasexp-worker-w00-cpu-05-54f63a"":{""active"":0,""idle"":4,""other"":0},""atlasexp-worker-w00-cpu-06-e81e93"":{""active"":0,""idle"":4,""other"":0},""atlasexp-worker-w00-cpu-07-40277b"":{""active"":1,""idle"":3,""other"":0}}"
2026-09-30T13:53:59.360483996Z,bench-cpu-w8-best-fit-r50-t1,0.479821,,2,33,0,0.000000,36.002000,0,0,0,0,0,,0,0,"{""atlasexp-api-0ed5f5"":{""active"":0,""idle"":1,""other"":0},""atlasexp-scheduler-best-fit-c163dd"":{""active"":0,""idle"":2,""other"":0},""atlasexp-worker-w00-cpu-00-e089a9"":{""active"":0,""idle"":4,""other"":0},""atlasexp-worker-w00-cpu-01-584c93"":{""active"":1,""idle"":3,""other"":0},""atlasexp-worker-w00-cpu-02-a78d88"":{""active"":0,""idle"":4,""other"":0},""atlasexp-worker-w00-cpu-03-9fa922"":{""active"":0,""idle"":4,""other"":0},""atlasexp-worker-w00-cpu-04-1ad602"":{""active"":0,""idle"":4,""other"":0},""atlasexp-worker-w00-cpu-05-54f63a"":{""active"":0,""idle"":4,""other"":0},""atlasexp-worker-w00-cpu-06-e81e93"":{""active"":0,""idle"":4,""other"":0},""atlasexp-worker-w00-cpu-07-40277b"":{""active"":1,""idle"":3,""other"":0}}"
2026-09-30T13:53:59.610050341Z,bench-cpu-w8-best-fit-r50-t1,0.400695,,1,34,0,0.000000,85.576000,0,0,0,0,0,,0,0,"{""atlasexp-api-0ed5f5"":{""active"":0,""idle"":1,""other"":0},""atlasexp-scheduler-best-fit-c163dd"":{""active"":0,""idle"":2,""other"":0},""atlasexp-worker-w00-cpu-00-e089a9"":{""active"":0,""idle"":4,""other"":0},""atlasexp-worker-w00-cpu-01-584c93"":{""active"":0,""idle"":4,""other"":0},""atlasexp-worker-w00-cpu-02-a78d88"":{""active"":0,""idle"":4,""other"":0},""atlasexp-worker-w00-cpu-03-9fa922"":{""active"":0,""idle"":4,""other"":0},""atlasexp-worker-w00-cpu-04-1ad602"":{""active"":0,""idle"":4,""other"":0},""atlasexp-worker-w00-cpu-05-54f63a"":{""active"":0,""idle"":4,""other"":0},""atlasexp-worker-w00-cpu-06-e81e93"":{""active"":0,""idle"":4,""other"":0},""atlasexp-worker-w00-cpu-07-40277b"":{""active"":1,""idle"":3,""other"":0}}"
2026-09-30T13:53:59.860292169Z,bench-cpu-w8-best-fit-r50-t1,0.599420,,5,27,0,0.000000,35.846000,0,0,0,0,0,,0,0,"{""atlasexp-api-0ed5f5"":{""active"":0,""idle"":1,""other"":0},""atlasexp-scheduler-best-fit-c163dd"":{""active"":1,""idle"":1,""other"":0},""atlasexp-worker-w00-cpu-00-e089a9"":{""active"":1,""idle"":3,""other"":0},""atlasexp-worker-w00-cpu-01-584c93"":{""active"":1,""idle"":2,""other"":1},""atlasexp-worker-w00-cpu-02-a78d88"":{""active"":0,""idle"":4,""other"":0},""atlasexp-worker-w00-cpu-03-9fa922"":{""active"":0,""idle"":4,""other"":0},""atlasexp-worker-w00-cpu-04-1ad602"":{""active"":0,""idle"":4,""other"":0},""atlasexp-worker-w00-cpu-05-54f63a"":{""active"":0,""idle"":4,""other"":0},""atlasexp-worker-w00-cpu-06-e81e93"":{""active"":1,""idle"":1,""other"":2},""atlasexp-worker-w00-cpu-07-40277b"":{""active"":1,""idle"":3,""other"":0}}"
2026-09-30T13:54:00.109706571Z,bench-cpu-w8-best-fit-r50-t1,0.280657,,1,34,0,0.000000,85.290000,0,0,0,0,0,,0,0,"{""atlasexp-api-0ed5f5"":{""active"":0,""idle"":1,""other"":0},""atlasexp-scheduler-best-fit-c163dd"":{""active"":0,""idle"":2,""other"":0},""atlasexp-worker-w00-cpu-00-e089a9"":{""active"":0,""idle"":4,""other"":0},""atlasexp-worker-w00-cpu-01-584c93"":{""active"":0,""idle"":4,""other"":0},""atlasexp-worker-w00-cpu-02-a78d88"":{""active"":0,""idle"":4,""other"":0},""atlasexp-worker-w00-cpu-03-9fa922"":{""active"":0,""idle"":4,""other"":0},""atlasexp-worker-w00-cpu-04-1ad602"":{""active"":0,""idle"":4,""other"":0},""atlasexp-worker-w00-cpu-05-54f63a"":{""active"":0,""idle"":4,""other"":0},""atlasexp-worker-w00-cpu-06-e81e93"":{""active"":0,""idle"":4,""other"":0},""atlasexp-worker-w00-cpu-07-40277b"":{""active"":1,""idle"":3,""other"":0}}"
2026-09-30T13:54:00.360441972Z,bench-cpu-w8-best-fit-r50-t1,0.398827,,3,32,0,0.000000,36.589000,0,0,0,0,0,,0,0,"{""atlasexp-api-0ed5f5"":{""active"":0,""idle"":1,""other"":0},""atlasexp-scheduler-best-fit-c163dd"":{""active"":1,""idle"":1,""other"":0},""atlasexp-worker-w00-cpu-00-e089a9"":{""active"":0,""idle"":4,""other"":0},""atlasexp-worker-w00-cpu-01-584c93"":{""active"":1,""idle"":3,""other"":0},""atlasexp-worker-w00-cpu-02-a78d88"":{""active"":0,""idle"":4,""other"":0},""atlasexp-worker-w00-cpu-03-9fa922"":{""active"":0,""idle"":4,""other"":0},""atlasexp-worker-w00-cpu-04-1ad602"":{""active"":0,""idle"":4,""other"":0},""atlasexp-worker-w00-cpu-05-54f63a"":{""active"":0,""idle"":4,""other"":0},""atlasexp-worker-w00-cpu-06-e81e93"":{""active"":0,""idle"":4,""other"":0},""atlasexp-worker-w00-cpu-07-40277b"":{""active"":1,""idle"":3,""other"":0}}"
2026-09-30T13:54:00.610220453Z,bench-cpu-w8-best-fit-r50-t1,0.400355,,2,33,0,0.000000,86.221000,0,0,0,0,0,,0,0,"{""atlasexp-api-0ed5f5"":{""active"":0,""idle"":1,""other"":0},""atlasexp-scheduler-best-fit-c163dd"":{""active"":0,""idle"":2,""other"":0},""atlasexp-worker-w00-cpu-00-e089a9"":{""active"":0,""idle"":4,""other"":0},""atlasexp-worker-w00-cpu-01-584c93"":{""active"":0,""idle"":4,""other"":0},""atlasexp-worker-w00-cpu-02-a78d88"":{""active"":1,""idle"":3,""other"":0},""atlasexp-worker-w00-cpu-03-9fa922"":{""active"":0,""idle"":4,""other"":0},""atlasexp-worker-w00-cpu-04-1ad602"":{""active"":0,""idle"":4,""other"":0},""atlasexp-worker-w00-cpu-05-54f63a"":{""active"":0,""idle"":4,""other"":0},""atlasexp-worker-w00-cpu-06-e81e93"":{""active"":0,""idle"":4,""other"":0},""atlasexp-worker-w00-cpu-07-40277b"":{""active"":1,""idle"":3,""other"":0}}"
2026-09-30T13:54:00.860066101Z,bench-cpu-w8-best-fit-r50-t1,0.280173,,0,34,0,0.000000,135.398000,0,0,0,0,0,,0,0,"{""atlasexp-api-0ed5f5"":{""active"":0,""idle"":1,""other"":0},""atlasexp-scheduler-best-fit-c163dd"":{""active"":0,""idle"":1,""other"":1},""atlasexp-worker-w00-cpu-00-e089a9"":{""active"":0,""idle"":4,""other"":0},""atlasexp-worker-w00-cpu-01-584c93"":{""active"":0,""idle"":4,""other"":0},""atlasexp-worker-w00-cpu-02-a78d88"":{""active"":0,""idle"":4,""other"":0},""atlasexp-worker-w00-cpu-03-9fa922"":{""active"":0,""idle"":4,""other"":0},""atlasexp-worker-w00-cpu-04-1ad602"":{""active"":0,""idle"":4,""other"":0},""atlasexp-worker-w00-cpu-05-54f63a"":{""active"":0,""idle"":4,""other"":0},""atlasexp-worker-w00-cpu-06-e81e93"":{""active"":0,""idle"":4,""other"":0},""atlasexp-worker-w00-cpu-07-40277b"":{""active"":0,""idle"":4,""other"":0}}"
2026-09-30T13:54:01.109608633Z,bench-cpu-w8-best-fit-r50-t1,0.440807,,0,34,0,0.000000,85.579000,0,0,0,0,0,,0,0,"{""atlasexp-api-0ed5f5"":{""active"":0,""idle"":1,""other"":0},""atlasexp-scheduler-best-fit-c163dd"":{""active"":0,""idle"":2,""other"":0},""atlasexp-worker-w00-cpu-00-e089a9"":{""active"":0,""idle"":3,""other"":1},""atlasexp-worker-w00-cpu-01-584c93"":{""active"":0,""idle"":4,""other"":0},""atlasexp-worker-w00-cpu-02-a78d88"":{""active"":0,""idle"":4,""other"":0},""atlasexp-worker-w00-cpu-03-9fa922"":{""active"":0,""idle"":4,""other"":0},""atlasexp-worker-w00-cpu-04-1ad602"":{""active"":0,""idle"":4,""other"":0},""atlasexp-worker-w00-cpu-05-54f63a"":{""active"":0,""idle"":4,""other"":0},""atlasexp-worker-w00-cpu-06-e81e93"":{""active"":0,""idle"":4,""other"":0},""atlasexp-worker-w00-cpu-07-40277b"":{""active"":0,""idle"":4,""other"":0}}"
2026-09-30T13:54:01.36039538Z,bench-cpu-w8-best-fit-r50-t1,0.358871,,0,34,0,0.000000,35.742000,0,0,0,0,0,,0,0,"{""atlasexp-api-0ed5f5"":{""active"":0,""idle"":1,""other"":0},""atlasexp-scheduler-best-fit-c163dd"":{""active"":0,""idle"":1,""other"":1},""atlasexp-worker-w00-cpu-00-e089a9"":{""active"":0,""idle"":4,""other"":0},""atlasexp-worker-w00-cpu-01-584c93"":{""active"":0,""idle"":4,""other"":0},""atlasexp-worker-w00-cpu-02-a78d88"":{""active"":0,""idle"":4,""other"":0},""atlasexp-worker-w00-cpu-03-9fa922"":{""active"":0,""idle"":4,""other"":0},""atlasexp-worker-w00-cpu-04-1ad602"":{""active"":0,""idle"":4,""other"":0},""atlasexp-worker-w00-cpu-05-54f63a"":{""active"":0,""idle"":4,""other"":0},""atlasexp-worker-w00-cpu-06-e81e93"":{""active"":0,""idle"":4,""other"":0},""atlasexp-worker-w00-cpu-07-40277b"":{""active"":0,""idle"":4,""other"":0}}"
2026-09-30T13:54:01.610495552Z,bench-cpu-w8-best-fit-r50-t1,0.319872,,3,32,0,0.000000,86.684000,0,0,0,0,0,,0,0,"{""atlasexp-api-0ed5f5"":{""active"":0,""idle"":1,""other"":0},""atlasexp-scheduler-best-fit-c163dd"":{""active"":0,""idle"":2,""other"":0},""atlasexp-worker-w00-cpu-00-e089a9"":{""active"":1,""idle"":3,""other"":0},""atlasexp-worker-w00-cpu-01-584c93"":{""active"":0,""idle"":4,""other"":0},""atlasexp-worker-w00-cpu-02-a78d88"":{""active"":1,""idle"":3,""other"":0},""atlasexp-worker-w00-cpu-03-9fa922"":{""active"":0,""idle"":4,""other"":0},""atlasexp-worker-w00-cpu-04-1ad602"":{""active"":0,""idle"":4,""other"":0},""atlasexp-worker-w00-cpu-05-54f63a"":{""active"":0,""idle"":4,""other"":0},""atlasexp-worker-w00-cpu-06-e81e93"":{""active"":0,""idle"":4,""other"":0},""atlasexp-worker-w00-cpu-07-40277b"":{""active"":1,""idle"":3,""other"":0}}"
2026-09-30T13:54:01.860249668Z,bench-cpu-w8-best-fit-r50-t1,0.440433,,2,33,0,0.000000,36.293000,0,0,0,0,0,,0,0,"{""atlasexp-api-0ed5f5"":{""active"":0,""idle"":1,""other"":0},""atlasexp-scheduler-best-fit-c163dd"":{""active"":1,""idle"":1,""other"":0},""atlasexp-worker-w00-cpu-00-e089a9"":{""active"":0,""idle"":4,""other"":0},""atlasexp-worker-w00-cpu-01-584c93"":{""active"":0,""idle"":4,""other"":0},""atlasexp-worker-w00-cpu-02-a78d88"":{""active"":0,""idle"":4,""other"":0},""atlasexp-worker-w00-cpu-03-9fa922"":{""active"":0,""idle"":4,""other"":0},""atlasexp-worker-w00-cpu-04-1ad602"":{""active"":0,""idle"":4,""other"":0},""atlasexp-worker-w00-cpu-05-54f63a"":{""active"":0,""idle"":4,""other"":0},""atlasexp-worker-w00-cpu-06-e81e93"":{""active"":0,""idle"":4,""other"":0},""atlasexp-worker-w00-cpu-07-40277b"":{""active"":1,""idle"":3,""other"":0}}"
2026-09-30T13:54:02.109873382Z,bench-cpu-w8-best-fit-r50-t1,0.200301,,0,30,0,0.000000,,0,0,0,0,0,,0,0,"{""atlasexp-api-0ed5f5"":{""active"":0,""idle"":1,""other"":0},""atlasexp-scheduler-best-fit-c163dd"":{""active"":0,""idle"":2,""other"":0},""atlasexp-worker-w00-cpu-00-e089a9"":{""active"":0,""idle"":4,""other"":0},""atlasexp-worker-w00-cpu-01-584c93"":{""active"":0,""idle"":4,""other"":0},""atlasexp-worker-w00-cpu-02-a78d88"":{""active"":0,""idle"":4,""other"":0},""atlasexp-worker-w00-cpu-03-9fa922"":{""active"":0,""idle"":0,""other"":4},""atlasexp-worker-w00-cpu-04-1ad602"":{""active"":0,""idle"":4,""other"":0},""atlasexp-worker-w00-cpu-05-54f63a"":{""active"":0,""idle"":4,""other"":0},""atlasexp-worker-w00-cpu-06-e81e93"":{""active"":0,""idle"":4,""other"":0},""atlasexp-worker-w00-cpu-07-40277b"":{""active"":0,""idle"":3,""other"":1}}"
2026-09-30T13:54:02.359998893Z,bench-cpu-w8-best-fit-r50-t2,0.319839,,1,34,0,0.000000,35.629000,0,0,0,0,0,,0,0,"{""atlasexp-api-0ed5f5"":{""active"":0,""idle"":1,""other"":0},""atlasexp-scheduler-best-fit-c163dd"":{""active"":0,""idle"":2,""other"":0},""atlasexp-worker-w00-cpu-00-e089a9"":{""active"":0,""idle"":4,""other"":0},""atlasexp-worker-w00-cpu-01-584c93"":{""active"":0,""idle"":4,""other"":0},""atlasexp-worker-w00-cpu-02-a78d88"":{""active"":0,""idle"":4,""other"":0},""atlasexp-worker-w00-cpu-03-9fa922"":{""active"":0,""idle"":4,""other"":0},""atlasexp-worker-w00-cpu-04-1ad602"":{""active"":0,""idle"":4,""other"":0},""atlasexp-worker-w00-cpu-05-54f63a"":{""active"":0,""idle"":4,""other"":0},""atlasexp-worker-w00-cpu-06-e81e93"":{""active"":0,""idle"":4,""other"":0},""atlasexp-worker-w00-cpu-07-40277b"":{""active"":1,""idle"":3,""other"":0}}"
2026-09-30T13:54:02.609702264Z,bench-cpu-w8-best-fit-r50-t2,0.440523,,5,28,0,0.000000,85.056000,0,0,0,0,0,,0,0,"{""atlasexp-api-0ed5f5"":{""active"":0,""idle"":1,""other"":0},""atlasexp-scheduler-best-fit-c163dd"":{""active"":0,""idle"":2,""other"":0},""atlasexp-worker-w00-cpu-00-e089a9"":{""active"":2,""idle"":2,""other"":0},""atlasexp-worker-w00-cpu-01-584c93"":{""active"":2,""idle"":2,""other"":0},""atlasexp-worker-w00-cpu-02-a78d88"":{""active"":0,""idle"":4,""other"":0},""atlasexp-worker-w00-cpu-03-9fa922"":{""active"":0,""idle"":4,""other"":0},""atlasexp-worker-w00-cpu-04-1ad602"":{""active"":0,""idle"":4,""other"":0},""atlasexp-worker-w00-cpu-05-54f63a"":{""active"":0,""idle"":2,""other"":2},""atlasexp-worker-w00-cpu-06-e81e93"":{""active"":0,""idle"":4,""other"":0},""atlasexp-worker-w00-cpu-07-40277b"":{""active"":1,""idle"":3,""other"":0}}"
2026-09-30T13:54:02.860118337Z,bench-cpu-w8-best-fit-r50-t2,0.279535,,2,33,0,0.000000,35.695000,0,0,0,0,0,,0,0,"{""atlasexp-api-0ed5f5"":{""active"":0,""idle"":1,""other"":0},""atlasexp-scheduler-best-fit-c163dd"":{""active"":1,""idle"":1,""other"":0},""atlasexp-worker-w00-cpu-00-e089a9"":{""active"":0,""idle"":4,""other"":0},""atlasexp-worker-w00-cpu-01-584c93"":{""active"":0,""idle"":4,""other"":0},""atlasexp-worker-w00-cpu-02-a78d88"":{""active"":0,""idle"":4,""other"":0},""atlasexp-worker-w00-cpu-03-9fa922"":{""active"":0,""idle"":4,""other"":0},""atlasexp-worker-w00-cpu-04-1ad602"":{""active"":0,""idle"":4,""other"":0},""atlasexp-worker-w00-cpu-05-54f63a"":{""active"":0,""idle"":4,""other"":0},""atlasexp-worker-w00-cpu-06-e81e93"":{""active"":0,""idle"":4,""other"":0},""atlasexp-worker-w00-cpu-07-40277b"":{""active"":1,""idle"":3,""other"":0}}"
2026-09-30T13:54:03.109493206Z,bench-cpu-w8-best-fit-r50-t2,0.360902,,2,32,0,0.000000,85.756000,0,0,0,0,0,,0,0,"{""atlasexp-api-0ed5f5"":{""active"":0,""idle"":1,""other"":0},""atlasexp-scheduler-best-fit-c163dd"":{""active"":0,""idle"":2,""other"":0},""atlasexp-worker-w00-cpu-00-e089a9"":{""active"":0,""idle"":4,""other"":0},""atlasexp-worker-w00-cpu-01-584c93"":{""active"":1,""idle"":3,""other"":0},""atlasexp-worker-w00-cpu-02-a78d88"":{""active"":0,""idle"":4,""other"":0},""atlasexp-worker-w00-cpu-03-9fa922"":{""active"":0,""idle"":3,""other"":1},""atlasexp-worker-w00-cpu-04-1ad602"":{""active"":0,""idle"":4,""other"":0},""atlasexp-worker-w00-cpu-05-54f63a"":{""active"":0,""idle"":4,""other"":0},""atlasexp-worker-w00-cpu-06-e81e93"":{""active"":0,""idle"":4,""other"":0},""atlasexp-worker-w00-cpu-07-40277b"":{""active"":1,""idle"":3,""other"":0}}"
2026-09-30T13:54:03.360291083Z,bench-cpu-w8-best-fit-r50-t2,0.358855,,1,32,0,0.000000,136.545000,0,0,0,0,0,,0,0,"{""atlasexp-api-0ed5f5"":{""active"":0,""idle"":1,""other"":0},""atlasexp-scheduler-best-fit-c163dd"":{""active"":1,""idle"":1,""other"":0},""atlasexp-worker-w00-cpu-00-e089a9"":{""active"":0,""idle"":4,""other"":0},""atlasexp-worker-w00-cpu-01-584c93"":{""active"":0,""idle"":4,""other"":0},""atlasexp-worker-w00-cpu-02-a78d88"":{""active"":0,""idle"":4,""other"":0},""atlasexp-worker-w00-cpu-03-9fa922"":{""active"":0,""idle"":4,""other"":0},""atlasexp-worker-w00-cpu-04-1ad602"":{""active"":0,""idle"":2,""other"":2},""atlasexp-worker-w00-cpu-05-54f63a"":{""active"":0,""idle"":4,""other"":0},""atlasexp-worker-w00-cpu-06-e81e93"":{""active"":0,""idle"":4,""other"":0},""atlasexp-worker-w00-cpu-07-40277b"":{""active"":0,""idle"":4,""other"":0}}"
2026-09-30T13:54:03.609968046Z,bench-cpu-w8-best-fit-r50-t2,0.400518,,0,34,0,0.000000,85.883000,0,0,0,0,0,,0,0,"{""atlasexp-api-0ed5f5"":{""active"":0,""idle"":1,""other"":0},""atlasexp-scheduler-best-fit-c163dd"":{""active"":0,""idle"":2,""other"":0},""atlasexp-worker-w00-cpu-00-e089a9"":{""active"":0,""idle"":4,""other"":0},""atlasexp-worker-w00-cpu-01-584c93"":{""active"":0,""idle"":3,""other"":1},""atlasexp-worker-w00-cpu-02-a78d88"":{""active"":0,""idle"":4,""other"":0},""atlasexp-worker-w00-cpu-03-9fa922"":{""active"":0,""idle"":4,""other"":0},""atlasexp-worker-w00-cpu-04-1ad602"":{""active"":0,""idle"":4,""other"":0},""atlasexp-worker-w00-cpu-05-54f63a"":{""active"":0,""idle"":4,""other"":0},""atlasexp-worker-w00-cpu-06-e81e93"":{""active"":0,""idle"":4,""other"":0},""atlasexp-worker-w00-cpu-07-40277b"":{""active"":0,""idle"":4,""other"":0}}"
2026-09-30T13:54:03.860215664Z,bench-cpu-w8-best-fit-r50-t2,0.279723,,1,33,0,0.000000,36.338000,0,0,0,0,0,,0,0,"{""atlasexp-api-0ed5f5"":{""active"":0,""idle"":1,""other"":0},""atlasexp-scheduler-best-fit-c163dd"":{""active"":0,""idle"":1,""other"":1},""atlasexp-worker-w00-cpu-00-e089a9"":{""active"":0,""idle"":4,""other"":0},""atlasexp-worker-w00-cpu-01-584c93"":{""active"":0,""idle"":4,""other"":0},""atlasexp-worker-w00-cpu-02-a78d88"":{""active"":0,""idle"":4,""other"":0},""atlasexp-worker-w00-cpu-03-9fa922"":{""active"":0,""idle"":4,""other"":0},""atlasexp-worker-w00-cpu-04-1ad602"":{""active"":0,""idle"":4,""other"":0},""atlasexp-worker-w00-cpu-05-54f63a"":{""active"":0,""idle"":4,""other"":0},""atlasexp-worker-w00-cpu-06-e81e93"":{""active"":0,""idle"":4,""other"":0},""atlasexp-worker-w00-cpu-07-40277b"":{""active"":1,""idle"":3,""other"":0}}"
2026-09-30T13:54:04.110376881Z,bench-cpu-w8-best-fit-r50-t2,0.399742,,0,34,0,0.000000,86.313000,0,0,0,0,0,,0,0,"{""atlasexp-api-0ed5f5"":{""active"":0,""idle"":1,""other"":0},""atlasexp-scheduler-best-fit-c163dd"":{""active"":0,""idle"":2,""other"":0},""atlasexp-worker-w00-cpu-00-e089a9"":{""active"":0,""idle"":4,""other"":0},""atlasexp-worker-w00-cpu-01-584c93"":{""active"":0,""idle"":3,""other"":1},""atlasexp-worker-w00-cpu-02-a78d88"":{""active"":0,""idle"":4,""other"":0},""atlasexp-worker-w00-cpu-03-9fa922"":{""active"":0,""idle"":4,""other"":0},""atlasexp-worker-w00-cpu-04-1ad602"":{""active"":0,""idle"":4,""other"":0},""atlasexp-worker-w00-cpu-05-54f63a"":{""active"":0,""idle"":4,""other"":0},""atlasexp-worker-w00-cpu-06-e81e93"":{""active"":0,""idle"":4,""other"":0},""atlasexp-worker-w00-cpu-07-40277b"":{""active"":0,""idle"":4,""other"":0}}"
2026-09-30T13:54:04.359855394Z,bench-cpu-w8-best-fit-r50-t2,0.280585,,0,34,0,0.000000,35.551000,0,0,0,0,0,,0,0,"{""atlasexp-api-0ed5f5"":{""active"":0,""idle"":1,""other"":0},""atlasexp-scheduler-best-fit-c163dd"":{""active"":0,""idle"":1,""other"":1},""atlasexp-worker-w00-cpu-00-e089a9"":{""active"":0,""idle"":4,""other"":0},""atlasexp-worker-w00-cpu-01-584c93"":{""active"":0,""idle"":4,""other"":0},""atlasexp-worker-w00-cpu-02-a78d88"":{""active"":0,""idle"":4,""other"":0},""atlasexp-worker-w00-cpu-03-9fa922"":{""active"":0,""idle"":4,""other"":0},""atlasexp-worker-w00-cpu-04-1ad602"":{""active"":0,""idle"":4,""other"":0},""atlasexp-worker-w00-cpu-05-54f63a"":{""active"":0,""idle"":4,""other"":0},""atlasexp-worker-w00-cpu-06-e81e93"":{""active"":0,""idle"":4,""other"":0},""atlasexp-worker-w00-cpu-07-40277b"":{""active"":0,""idle"":4,""other"":0}}"
2026-09-30T13:54:04.609487041Z,bench-cpu-w8-best-fit-r50-t2,0.520767,,3,32,0,0.000000,85.160000,0,0,0,0,0,,0,0,"{""atlasexp-api-0ed5f5"":{""active"":0,""idle"":1,""other"":0},""atlasexp-scheduler-best-fit-c163dd"":{""active"":0,""idle"":2,""other"":0},""atlasexp-worker-w00-cpu-00-e089a9"":{""active"":1,""idle"":3,""other"":0},""atlasexp-worker-w00-cpu-01-584c93"":{""active"":1,""idle"":3,""other"":0},""atlasexp-worker-w00-cpu-02-a78d88"":{""active"":0,""idle"":4,""other"":0},""atlasexp-worker-w00-cpu-03-9fa922"":{""active"":0,""idle"":4,""other"":0},""atlasexp-worker-w00-cpu-04-1ad602"":{""active"":0,""idle"":4,""other"":0},""atlasexp-worker-w00-cpu-05-54f63a"":{""active"":0,""idle"":4,""other"":0},""atlasexp-worker-w00-cpu-06-e81e93"":{""active"":0,""idle"":4,""other"":0},""atlasexp-worker-w00-cpu-07-40277b"":{""active"":1,""idle"":3,""other"":0}}"
2026-09-30T13:54:04.859605799Z,bench-cpu-w8-best-fit-r50-t2,0.399810,,1,34,0,0.000000,35.285000,0,0,0,0,0,,0,0,"{""atlasexp-api-0ed5f5"":{""active"":0,""idle"":1,""other"":0},""atlasexp-scheduler-best-fit-c163dd"":{""active"":0,""idle"":2,""other"":0},""atlasexp-worker-w00-cpu-00-e089a9"":{""active"":0,""idle"":4,""other"":0},""atlasexp-worker-w00-cpu-01-584c93"":{""active"":0,""idle"":4,""other"":0},""atlasexp-worker-w00-cpu-02-a78d88"":{""active"":0,""idle"":4,""other"":0},""atlasexp-worker-w00-cpu-03-9fa922"":{""active"":0,""idle"":4,""other"":0},""atlasexp-worker-w00-cpu-04-1ad602"":{""active"":0,""idle"":4,""other"":0},""atlasexp-worker-w00-cpu-05-54f63a"":{""active"":0,""idle"":4,""other"":0},""atlasexp-worker-w00-cpu-06-e81e93"":{""active"":0,""idle"":4,""other"":0},""atlasexp-worker-w00-cpu-07-40277b"":{""active"":1,""idle"":3,""other"":0}}"
2026-09-30T13:54:05.109548217Z,bench-cpu-w8-best-fit-r50-t2,0.400092,,2,32,0,0.000000,85.370000,0,0,0,0,0,,0,0,"{""atlasexp-api-0ed5f5"":{""active"":0,""idle"":1,""other"":0},""atlasexp-scheduler-best-fit-c163dd"":{""active"":0,""idle"":2,""other"":0},""atlasexp-worker-w00-cpu-00-e089a9"":{""active"":0,""idle"":4,""other"":0},""atlasexp-worker-w00-cpu-01-584c93"":{""active"":1,""idle"":2,""other"":1},""atlasexp-worker-w00-cpu-02-a78d88"":{""active"":0,""idle"":4,""other"":0},""atlasexp-worker-w00-cpu-03-9fa922"":{""active"":0,""idle"":4,""other"":0},""atlasexp-worker-w00-cpu-04-1ad602"":{""active"":0,""idle"":4,""other"":0},""atlasexp-worker-w00-cpu-05-54f63a"":{""active"":0,""idle"":4,""other"":0},""atlasexp-worker-w00-cpu-06-e81e93"":{""active"":0,""idle"":4,""other"":0},""atlasexp-worker-w00-cpu-07-40277b"":{""active"":1,""idle"":3,""other"":0}}"
2026-09-30T13:54:05.360353027Z,bench-cpu-w8-best-fit-r50-t2,0.318973,,1,34,0,0.000000,135.813000,0,0,0,0,0,,0,0,"{""atlasexp-api-0ed5f5"":{""active"":0,""idle"":1,""other"":0},""atlasexp-scheduler-best-fit-c163dd"":{""active"":0,""idle"":2,""other"":0},""atlasexp-worker-w00-cpu-00-e089a9"":{""active"":0,""idle"":4,""other"":0},""atlasexp-worker-w00-cpu-01-584c93"":{""active"":0,""idle"":4,""other"":0},""atlasexp-worker-w00-cpu-02-a78d88"":{""active"":0,""idle"":4,""other"":0},""atlasexp-worker-w00-cpu-03-9fa922"":{""active"":0,""idle"":4,""other"":0},""atlasexp-worker-w00-cpu-04-1ad602"":{""active"":0,""idle"":4,""other"":0},""atlasexp-worker-w00-cpu-05-54f63a"":{""active"":0,""idle"":4,""other"":0},""atlasexp-worker-w00-cpu-06-e81e93"":{""active"":0,""idle"":4,""other"":0},""atlasexp-worker-w00-cpu-07-40277b"":{""active"":1,""idle"":3,""other"":0}}"
2026-09-30T13:54:05.61048495Z,bench-cpu-w8-best-fit-r50-t2,0.359810,,8,26,0,0.000000,85.874000,0,0,0,0,0,,0,0,"{""atlasexp-api-0ed5f5"":{""active"":1,""idle"":0,""other"":0},""atlasexp-scheduler-best-fit-c163dd"":{""active"":0,""idle"":2,""other"":0},""atlasexp-worker-w00-cpu-00-e089a9"":{""active"":3,""idle"":1,""other"":0},""atlasexp-worker-w00-cpu-01-584c93"":{""active"":0,""idle"":4,""other"":0},""atlasexp-worker-w00-cpu-02-a78d88"":{""active"":2,""idle"":1,""other"":1},""atlasexp-worker-w00-cpu-03-9fa922"":{""active"":0,""idle"":4,""other"":0},""atlasexp-worker-w00-cpu-04-1ad602"":{""active"":1,""idle"":3,""other"":0},""atlasexp-worker-w00-cpu-05-54f63a"":{""active"":0,""idle"":4,""other"":0},""atlasexp-worker-w00-cpu-06-e81e93"":{""active"":0,""idle"":4,""other"":0},""atlasexp-worker-w00-cpu-07-40277b"":{""active"":1,""idle"":3,""other"":0}}"
2026-09-30T13:54:05.859829181Z,bench-cpu-w8-best-fit-r50-t2,0.441157,,3,32,0,0.000000,36.105000,0,0,0,0,0,,0,0,"{""atlasexp-api-0ed5f5"":{""active"":0,""idle"":1,""other"":0},""atlasexp-scheduler-best-fit-c163dd"":{""active"":1,""idle"":1,""other"":0},""atlasexp-worker-w00-cpu-00-e089a9"":{""active"":0,""idle"":4,""other"":0},""atlasexp-worker-w00-cpu-01-584c93"":{""active"":1,""idle"":3,""other"":0},""atlasexp-worker-w00-cpu-02-a78d88"":{""active"":1,""idle"":3,""other"":0},""atlasexp-worker-w00-cpu-03-9fa922"":{""active"":0,""idle"":4,""other"":0},""atlasexp-worker-w00-cpu-04-1ad602"":{""active"":0,""idle"":4,""other"":0},""atlasexp-worker-w00-cpu-05-54f63a"":{""active"":0,""idle"":4,""other"":0},""atlasexp-worker-w00-cpu-06-e81e93"":{""active"":0,""idle"":4,""other"":0},""atlasexp-worker-w00-cpu-07-40277b"":{""active"":0,""idle"":4,""other"":0}}"
2026-09-30T13:54:06.110460556Z,bench-cpu-w8-best-fit-r50-t2,0.478791,,0,35,0,0.000000,86.485000,0,0,0,0,0,,0,0,"{""atlasexp-api-0ed5f5"":{""active"":0,""idle"":1,""other"":0},""atlasexp-scheduler-best-fit-c163dd"":{""active"":0,""idle"":2,""other"":0},""atlasexp-worker-w00-cpu-00-e089a9"":{""active"":0,""idle"":4,""other"":0},""atlasexp-worker-w00-cpu-01-584c93"":{""active"":0,""idle"":4,""other"":0},""atlasexp-worker-w00-cpu-02-a78d88"":{""active"":0,""idle"":4,""other"":0},""atlasexp-worker-w00-cpu-03-9fa922"":{""active"":0,""idle"":4,""other"":0},""atlasexp-worker-w00-cpu-04-1ad602"":{""active"":0,""idle"":4,""other"":0},""atlasexp-worker-w00-cpu-05-54f63a"":{""active"":0,""idle"":4,""other"":0},""atlasexp-worker-w00-cpu-06-e81e93"":{""active"":0,""idle"":4,""other"":0},""atlasexp-worker-w00-cpu-07-40277b"":{""active"":0,""idle"":4,""other"":0}}"
2026-09-30T13:54:06.359800439Z,bench-cpu-w8-best-fit-r50-t2,0.200529,,0,35,0,0.000000,35.319000,0,0,0,0,0,,0,0,"{""atlasexp-api-0ed5f5"":{""active"":0,""idle"":1,""other"":0},""atlasexp-scheduler-best-fit-c163dd"":{""active"":0,""idle"":2,""other"":0},""atlasexp-worker-w00-cpu-00-e089a9"":{""active"":0,""idle"":4,""other"":0},""atlasexp-worker-w00-cpu-01-584c93"":{""active"":0,""idle"":4,""other"":0},""atlasexp-worker-w00-cpu-02-a78d88"":{""active"":0,""idle"":4,""other"":0},""atlasexp-worker-w00-cpu-03-9fa922"":{""active"":0,""idle"":4,""other"":0},""atlasexp-worker-w00-cpu-04-1ad602"":{""active"":0,""idle"":4,""other"":0},""atlasexp-worker-w00-cpu-05-54f63a"":{""active"":0,""idle"":4,""other"":0},""atlasexp-worker-w00-cpu-06-e81e93"":{""active"":0,""idle"":4,""other"":0},""atlasexp-worker-w00-cpu-07-40277b"":{""active"":0,""idle"":4,""other"":0}}"
2026-09-30T13:54:06.609889096Z,bench-cpu-w8-best-fit-r50-t2,0.319887,,0,35,0,0.000000,86.146000,0,0,0,0,0,,0,0,"{""atlasexp-api-0ed5f5"":{""active"":0,""idle"":1,""other"":0},""atlasexp-scheduler-best-fit-c163dd"":{""active"":0,""idle"":2,""other"":0},""atlasexp-worker-w00-cpu-00-e089a9"":{""active"":0,""idle"":4,""other"":0},""atlasexp-worker-w00-cpu-01-584c93"":{""active"":0,""idle"":4,""other"":0},""atlasexp-worker-w00-cpu-02-a78d88"":{""active"":0,""idle"":4,""other"":0},""atlasexp-worker-w00-cpu-03-9fa922"":{""active"":0,""idle"":4,""other"":0},""atlasexp-worker-w00-cpu-04-1ad602"":{""active"":0,""idle"":4,""other"":0},""atlasexp-worker-w00-cpu-05-54f63a"":{""active"":0,""idle"":4,""other"":0},""atlasexp-worker-w00-cpu-06-e81e93"":{""active"":0,""idle"":4,""other"":0},""atlasexp-worker-w00-cpu-07-40277b"":{""active"":0,""idle"":4,""other"":0}}"
2026-09-30T13:54:06.860397529Z,bench-cpu-w8-best-fit-r50-t2,0.399188,,1,33,0,0.000000,36.548000,0,0,0,0,0,,0,0,"{""atlasexp-api-0ed5f5"":{""active"":0,""idle"":1,""other"":0},""atlasexp-scheduler-best-fit-c163dd"":{""active"":0,""idle"":1,""other"":1},""atlasexp-worker-w00-cpu-00-e089a9"":{""active"":0,""idle"":4,""other"":0},""atlasexp-worker-w00-cpu-01-584c93"":{""active"":0,""idle"":4,""other"":0},""atlasexp-worker-w00-cpu-02-a78d88"":{""active"":0,""idle"":4,""other"":0},""atlasexp-worker-w00-cpu-03-9fa922"":{""active"":0,""idle"":4,""other"":0},""atlasexp-worker-w00-cpu-04-1ad602"":{""active"":0,""idle"":4,""other"":0},""atlasexp-worker-w00-cpu-05-54f63a"":{""active"":0,""idle"":4,""other"":0},""atlasexp-worker-w00-cpu-06-e81e93"":{""active"":0,""idle"":4,""other"":0},""atlasexp-worker-w00-cpu-07-40277b"":{""active"":1,""idle"":3,""other"":0}}"
2026-09-30T13:54:07.109703895Z,bench-cpu-w8-best-fit-r50-t2,0.320890,,2,30,0,0.000000,,0,0,0,0,0,,0,0,"{""atlasexp-api-0ed5f5"":{""active"":0,""idle"":1,""other"":0},""atlasexp-scheduler-best-fit-c163dd"":{""active"":0,""idle"":2,""other"":0},""atlasexp-worker-w00-cpu-00-e089a9"":{""active"":1,""idle"":3,""other"":0},""atlasexp-worker-w00-cpu-01-584c93"":{""active"":0,""idle"":4,""other"":0},""atlasexp-worker-w00-cpu-02-a78d88"":{""active"":0,""idle"":4,""other"":0},""atlasexp-worker-w00-cpu-03-9fa922"":{""active"":0,""idle"":4,""other"":0},""atlasexp-worker-w00-cpu-04-1ad602"":{""active"":0,""idle"":4,""other"":0},""atlasexp-worker-w00-cpu-05-54f63a"":{""active"":0,""idle"":4,""other"":0},""atlasexp-worker-w00-cpu-06-e81e93"":{""active"":0,""idle"":1,""other"":3},""atlasexp-worker-w00-cpu-07-40277b"":{""active"":1,""idle"":3,""other"":0}}"
2026-09-30T13:54:07.360464459Z,bench-cpu-w8-best-fit-r50-t2,0.438665,,1,33,0,0.000000,136.202000,0,0,0,0,0,,0,0,"{""atlasexp-api-0ed5f5"":{""active"":0,""idle"":1,""other"":0},""atlasexp-scheduler-best-fit-c163dd"":{""active"":0,""idle"":1,""other"":1},""atlasexp-worker-w00-cpu-00-e089a9"":{""active"":0,""idle"":4,""other"":0},""atlasexp-worker-w00-cpu-01-584c93"":{""active"":0,""idle"":4,""other"":0},""atlasexp-worker-w00-cpu-02-a78d88"":{""active"":0,""idle"":4,""other"":0},""atlasexp-worker-w00-cpu-03-9fa922"":{""active"":0,""idle"":4,""other"":0},""atlasexp-worker-w00-cpu-04-1ad602"":{""active"":0,""idle"":4,""other"":0},""atlasexp-worker-w00-cpu-05-54f63a"":{""active"":0,""idle"":4,""other"":0},""atlasexp-worker-w00-cpu-06-e81e93"":{""active"":0,""idle"":4,""other"":0},""atlasexp-worker-w00-cpu-07-40277b"":{""active"":1,""idle"":3,""other"":0}}"
2026-09-30T13:54:07.609603673Z,bench-cpu-w8-best-fit-r50-t2,0.361244,,1,34,0,0.000000,85.146000,0,0,0,0,0,,0,0,"{""atlasexp-api-0ed5f5"":{""active"":0,""idle"":1,""other"":0},""atlasexp-scheduler-best-fit-c163dd"":{""active"":0,""idle"":2,""other"":0},""atlasexp-worker-w00-cpu-00-e089a9"":{""active"":1,""idle"":3,""other"":0},""atlasexp-worker-w00-cpu-01-584c93"":{""active"":0,""idle"":4,""other"":0},""atlasexp-worker-w00-cpu-02-a78d88"":{""active"":0,""idle"":4,""other"":0},""atlasexp-worker-w00-cpu-03-9fa922"":{""active"":0,""idle"":4,""other"":0},""atlasexp-worker-w00-cpu-04-1ad602"":{""active"":0,""idle"":4,""other"":0},""atlasexp-worker-w00-cpu-05-54f63a"":{""active"":0,""idle"":4,""other"":0},""atlasexp-worker-w00-cpu-06-e81e93"":{""active"":0,""idle"":4,""other"":0},""atlasexp-worker-w00-cpu-07-40277b"":{""active"":0,""idle"":4,""other"":0}}"
2026-09-30T13:54:07.859943881Z,bench-cpu-w8-best-fit-r50-t2,0.199728,,3,32,0,0.000000,36.079000,0,0,0,0,0,,0,0,"{""atlasexp-api-0ed5f5"":{""active"":0,""idle"":1,""other"":0},""atlasexp-scheduler-best-fit-c163dd"":{""active"":1,""idle"":1,""other"":0},""atlasexp-worker-w00-cpu-00-e089a9"":{""active"":1,""idle"":3,""other"":0},""atlasexp-worker-w00-cpu-01-584c93"":{""active"":0,""idle"":4,""other"":0},""atlasexp-worker-w00-cpu-02-a78d88"":{""active"":0,""idle"":4,""other"":0},""atlasexp-worker-w00-cpu-03-9fa922"":{""active"":0,""idle"":4,""other"":0},""atlasexp-worker-w00-cpu-04-1ad602"":{""active"":0,""idle"":4,""other"":0},""atlasexp-worker-w00-cpu-05-54f63a"":{""active"":0,""idle"":4,""other"":0},""atlasexp-worker-w00-cpu-06-e81e93"":{""active"":0,""idle"":4,""other"":0},""atlasexp-worker-w00-cpu-07-40277b"":{""active"":1,""idle"":3,""other"":0}}"
2026-09-30T13:54:08.110223997Z,bench-cpu-w8-best-fit-r50-t2,0.519418,,1,33,0,0.000000,86.026000,0,0,0,0,0,,0,0,"{""atlasexp-api-0ed5f5"":{""active"":0,""idle"":1,""other"":0},""atlasexp-scheduler-best-fit-c163dd"":{""active"":0,""idle"":2,""other"":0},""atlasexp-worker-w00-cpu-00-e089a9"":{""active"":1,""idle"":3,""other"":0},""atlasexp-worker-w00-cpu-01-584c93"":{""active"":0,""idle"":4,""other"":0},""atlasexp-worker-w00-cpu-02-a78d88"":{""active"":0,""idle"":3,""other"":1},""atlasexp-worker-w00-cpu-03-9fa922"":{""active"":0,""idle"":4,""other"":0},""atlasexp-worker-w00-cpu-04-1ad602"":{""active"":0,""idle"":4,""other"":0},""atlasexp-worker-w00-cpu-05-54f63a"":{""active"":0,""idle"":4,""other"":0},""atlasexp-worker-w00-cpu-06-e81e93"":{""active"":0,""idle"":4,""other"":0},""atlasexp-worker-w00-cpu-07-40277b"":{""active"":0,""idle"":4,""other"":0}}"
2026-09-30T13:54:08.360035899Z,idle,0.400301,,1,34,0,0.000000,,0,0,0,0,0,,0,0,"{""atlasexp-api-0ed5f5"":{""active"":1,""idle"":0,""other"":0},""atlasexp-scheduler-best-fit-c163dd"":{""active"":0,""idle"":2,""other"":0},""atlasexp-worker-w00-cpu-00-e089a9"":{""active"":0,""idle"":4,""other"":0},""atlasexp-worker-w00-cpu-01-584c93"":{""active"":0,""idle"":4,""other"":0},""atlasexp-worker-w00-cpu-02-a78d88"":{""active"":0,""idle"":4,""other"":0},""atlasexp-worker-w00-cpu-03-9fa922"":{""active"":0,""idle"":4,""other"":0},""atlasexp-worker-w00-cpu-04-1ad602"":{""active"":0,""idle"":4,""other"":0},""atlasexp-worker-w00-cpu-05-54f63a"":{""active"":0,""idle"":4,""other"":0},""atlasexp-worker-w00-cpu-06-e81e93"":{""active"":0,""idle"":4,""other"":0},""atlasexp-worker-w00-cpu-07-40277b"":{""active"":0,""idle"":4,""other"":0}}"
2026-09-30T13:54:08.609911098Z,bench-cpu-w8-best-fit-r50-t3,0.200100,,1,30,0,0.000000,86.042000,0,0,0,0,0,,0,0,"{""atlasexp-api-0ed5f5"":{""active"":0,""idle"":1,""other"":0},""atlasexp-scheduler-best-fit-c163dd"":{""active"":0,""idle"":2,""other"":0},""atlasexp-worker-w00-cpu-00-e089a9"":{""active"":1,""idle"":3,""other"":0},""atlasexp-worker-w00-cpu-01-584c93"":{""active"":0,""idle"":3,""other"":1},""atlasexp-worker-w00-cpu-02-a78d88"":{""active"":0,""idle"":4,""other"":0},""atlasexp-worker-w00-cpu-03-9fa922"":{""active"":0,""idle"":4,""other"":0},""atlasexp-worker-w00-cpu-04-1ad602"":{""active"":0,""idle"":4,""other"":0},""atlasexp-worker-w00-cpu-05-54f63a"":{""active"":0,""idle"":4,""other"":0},""atlasexp-worker-w00-cpu-06-e81e93"":{""active"":0,""idle"":1,""other"":3},""atlasexp-worker-w00-cpu-07-40277b"":{""active"":0,""idle"":4,""other"":0}}"
2026-09-30T13:54:08.86057396Z,bench-cpu-w8-best-fit-r50-t3,0.199471,,3,31,0,0.000000,136.563000,0,0,0,0,0,,0,0,"{""atlasexp-api-0ed5f5"":{""active"":0,""idle"":1,""other"":0},""atlasexp-scheduler-best-fit-c163dd"":{""active"":0,""idle"":1,""other"":1},""atlasexp-worker-w00-cpu-00-e089a9"":{""active"":0,""idle"":4,""other"":0},""atlasexp-worker-w00-cpu-01-584c93"":{""active"":1,""idle"":3,""other"":0},""atlasexp-worker-w00-cpu-02-a78d88"":{""active"":1,""idle"":3,""other"":0},""atlasexp-worker-w00-cpu-03-9fa922"":{""active"":0,""idle"":4,""other"":0},""atlasexp-worker-w00-cpu-04-1ad602"":{""active"":0,""idle"":4,""other"":0},""atlasexp-worker-w00-cpu-05-54f63a"":{""active"":0,""idle"":4,""other"":0},""atlasexp-worker-w00-cpu-06-e81e93"":{""active"":0,""idle"":4,""other"":0},""atlasexp-worker-w00-cpu-07-40277b"":{""active"":1,""idle"":3,""other"":0}}"
2026-09-30T13:54:09.110152284Z,bench-cpu-w8-best-fit-r50-t3,0.560946,,0,33,0,0.000000,86.316000,0,0,0,0,0,,0,0,"{""atlasexp-api-0ed5f5"":{""active"":0,""idle"":1,""other"":0},""atlasexp-scheduler-best-fit-c163dd"":{""active"":0,""idle"":2,""other"":0},""atlasexp-worker-w00-cpu-00-e089a9"":{""active"":0,""idle"":4,""other"":0},""atlasexp-worker-w00-cpu-01-584c93"":{""active"":0,""idle"":4,""other"":0},""atlasexp-worker-w00-cpu-02-a78d88"":{""active"":0,""idle"":4,""other"":0},""atlasexp-worker-w00-cpu-03-9fa922"":{""active"":0,""idle"":4,""other"":0},""atlasexp-worker-w00-cpu-04-1ad602"":{""active"":0,""idle"":4,""other"":0},""atlasexp-worker-w00-cpu-05-54f63a"":{""active"":0,""idle"":4,""other"":0},""atlasexp-worker-w00-cpu-06-e81e93"":{""active"":0,""idle"":4,""other"":0},""atlasexp-worker-w00-cpu-07-40277b"":{""active"":0,""idle"":2,""other"":2}}"
2026-09-30T13:54:09.360281327Z,bench-cpu-w8-best-fit-r50-t3,0.399794,,2,32,0,0.000000,35.671000,0,0,0,0,0,,0,0,"{""atlasexp-api-0ed5f5"":{""active"":0,""idle"":1,""other"":0},""atlasexp-scheduler-best-fit-c163dd"":{""active"":0,""idle"":1,""other"":1},""atlasexp-worker-w00-cpu-00-e089a9"":{""active"":1,""idle"":3,""other"":0},""atlasexp-worker-w00-cpu-01-584c93"":{""active"":1,""idle"":3,""other"":0},""atlasexp-worker-w00-cpu-02-a78d88"":{""active"":0,""idle"":4,""other"":0},""atlasexp-worker-w00-cpu-03-9fa922"":{""active"":0,""idle"":4,""other"":0},""atlasexp-worker-w00-cpu-04-1ad602"":{""active"":0,""idle"":4,""other"":0},""atlasexp-worker-w00-cpu-05-54f63a"":{""active"":0,""idle"":4,""other"":0},""atlasexp-worker-w00-cpu-06-e81e93"":{""active"":0,""idle"":4,""other"":0},""atlasexp-worker-w00-cpu-07-40277b"":{""active"":0,""idle"":4,""other"":0}}"
2026-09-30T13:54:09.60974559Z,bench-cpu-w8-best-fit-r50-t3,0.280601,,2,33,0,0.000000,86.100000,0,0,0,0,0,,0,0,"{""atlasexp-api-0ed5f5"":{""active"":0,""idle"":1,""other"":0},""atlasexp-scheduler-best-fit-c163dd"":{""active"":0,""idle"":2,""other"":0},""atlasexp-worker-w00-cpu-00-e089a9"":{""active"":1,""idle"":3,""other"":0},""atlasexp-worker-w00-cpu-01-584c93"":{""active"":0,""idle"":4,""other"":0},""atlasexp-worker-w00-cpu-02-a78d88"":{""active"":0,""idle"":4,""other"":0},""atlasexp-worker-w00-cpu-03-9fa922"":{""active"":0,""idle"":4,""other"":0},""atlasexp-worker-w00-cpu-04-1ad602"":{""active"":0,""idle"":4,""other"":0},""atlasexp-worker-w00-cpu-05-54f63a"":{""active"":0,""idle"":4,""other"":0},""atlasexp-worker-w00-cpu-06-e81e93"":{""active"":0,""idle"":4,""other"":0},""atlasexp-worker-w00-cpu-07-40277b"":{""active"":1,""idle"":3,""other"":0}}"
2026-09-30T13:54:09.859524429Z,bench-cpu-w8-best-fit-r50-t3,0.280248,,1,32,0,0.000000,35.563000,0,0,0,0,0,,0,0,"{""atlasexp-api-0ed5f5"":{""active"":0,""idle"":1,""other"":0},""atlasexp-scheduler-best-fit-c163dd"":{""active"":0,""idle"":1,""other"":1},""atlasexp-worker-w00-cpu-00-e089a9"":{""active"":0,""idle"":4,""other"":0},""atlasexp-worker-w00-cpu-01-584c93"":{""active"":0,""idle"":4,""other"":0},""atlasexp-worker-w00-cpu-02-a78d88"":{""active"":1,""idle"":3,""other"":0},""atlasexp-worker-w00-cpu-03-9fa922"":{""active"":0,""idle"":3,""other"":1},""atlasexp-worker-w00-cpu-04-1ad602"":{""active"":0,""idle"":4,""other"":0},""atlasexp-worker-w00-cpu-05-54f63a"":{""active"":0,""idle"":4,""other"":0},""atlasexp-worker-w00-cpu-06-e81e93"":{""active"":0,""idle"":4,""other"":0},""atlasexp-worker-w00-cpu-07-40277b"":{""active"":0,""idle"":4,""other"":0}}"
2026-09-30T13:54:10.110438719Z,bench-cpu-w8-best-fit-r50-t3,0.478251,,2,29,0,0.000000,86.644000,0,0,0,0,0,,0,0,"{""atlasexp-api-0ed5f5"":{""active"":0,""idle"":1,""other"":0},""atlasexp-scheduler-best-fit-c163dd"":{""active"":0,""idle"":2,""other"":0},""atlasexp-worker-w00-cpu-00-e089a9"":{""active"":0,""idle"":4,""other"":0},""atlasexp-worker-w00-cpu-01-584c93"":{""active"":0,""idle"":4,""other"":0},""atlasexp-worker-w00-cpu-02-a78d88"":{""active"":0,""idle"":4,""other"":0},""atlasexp-worker-w00-cpu-03-9fa922"":{""active"":1,""idle"":3,""other"":0},""atlasexp-worker-w00-cpu-04-1ad602"":{""active"":0,""idle"":4,""other"":0},""atlasexp-worker-w00-cpu-05-54f63a"":{""active"":0,""idle"":4,""other"":0},""atlasexp-worker-w00-cpu-06-e81e93"":{""active"":0,""idle"":0,""other"":4},""atlasexp-worker-w00-cpu-07-40277b"":{""active"":1,""idle"":3,""other"":0}}"
2026-09-30T13:54:10.359820877Z,bench-cpu-w8-best-fit-r50-t3,0.400991,,1,33,0,0.000000,135.938000,0,0,0,0,0,,0,0,"{""atlasexp-api-0ed5f5"":{""active"":0,""idle"":1,""other"":0},""atlasexp-scheduler-best-fit-c163dd"":{""active"":1,""idle"":1,""other"":0},""atlasexp-worker-w00-cpu-00-e089a9"":{""active"":0,""idle"":4,""other"":0},""atlasexp-worker-w00-cpu-01-584c93"":{""active"":0,""idle"":4,""other"":0},""atlasexp-worker-w00-cpu-02-a78d88"":{""active"":0,""idle"":4,""other"":0},""atlasexp-worker-w00-cpu-03-9fa922"":{""active"":0,""idle"":3,""other"":1},""atlasexp-worker-w00-cpu-04-1ad602"":{""active"":0,""idle"":4,""other"":0},""atlasexp-worker-w00-cpu-05-54f63a"":{""active"":0,""idle"":4,""other"":0},""atlasexp-worker-w00-cpu-06-e81e93"":{""active"":0,""idle"":4,""other"":0},""atlasexp-worker-w00-cpu-07-40277b"":{""active"":0,""idle"":4,""other"":0}}"
2026-09-30T13:54:10.610334369Z,bench-cpu-w8-best-fit-r50-t3,0.279426,,1,30,0,0.000000,85.856000,0,0,0,0,0,,0,0,"{""atlasexp-api-0ed5f5"":{""active"":0,""idle"":1,""other"":0},""atlasexp-scheduler-best-fit-c163dd"":{""active"":0,""idle"":2,""other"":0},""atlasexp-worker-w00-cpu-00-e089a9"":{""active"":0,""idle"":4,""other"":0},""atlasexp-worker-w00-cpu-01-584c93"":{""active"":0,""idle"":4,""other"":0},""atlasexp-worker-w00-cpu-02-a78d88"":{""active"":0,""idle"":3,""other"":1},""atlasexp-worker-w00-cpu-03-9fa922"":{""active"":0,""idle"":4,""other"":0},""atlasexp-worker-w00-cpu-04-1ad602"":{""active"":0,""idle"":4,""other"":0},""atlasexp-worker-w00-cpu-05-54f63a"":{""active"":0,""idle"":4,""other"":0},""atlasexp-worker-w00-cpu-06-e81e93"":{""active"":0,""idle"":4,""other"":0},""atlasexp-worker-w00-cpu-07-40277b"":{""active"":1,""idle"":0,""other"":3}}"
2026-09-30T13:54:10.86031168Z,bench-cpu-w8-best-fit-r50-t3,0.360033,,2,32,0,0.000000,135.668000,0,0,0,0,0,,0,0,"{""atlasexp-api-0ed5f5"":{""active"":0,""idle"":1,""other"":0},""atlasexp-scheduler-best-fit-c163dd"":{""active"":1,""idle"":1,""other"":0},""atlasexp-worker-w00-cpu-00-e089a9"":{""active"":0,""idle"":4,""other"":0},""atlasexp-worker-w00-cpu-01-584c93"":{""active"":0,""idle"":3,""other"":1},""atlasexp-worker-w00-cpu-02-a78d88"":{""active"":0,""idle"":4,""other"":0},""atlasexp-worker-w00-cpu-03-9fa922"":{""active"":0,""idle"":4,""other"":0},""atlasexp-worker-w00-cpu-04-1ad602"":{""active"":0,""idle"":4,""other"":0},""atlasexp-worker-w00-cpu-05-54f63a"":{""active"":0,""idle"":4,""other"":0},""atlasexp-worker-w00-cpu-06-e81e93"":{""active"":0,""idle"":4,""other"":0},""atlasexp-worker-w00-cpu-07-40277b"":{""active"":1,""idle"":3,""other"":0}}"
2026-09-30T13:54:11.110063389Z,bench-cpu-w8-best-fit-r50-t3,0.360358,,0,35,0,0.000000,85.676000,0,0,0,0,0,,0,0,"{""atlasexp-api-0ed5f5"":{""active"":0,""idle"":1,""other"":0},""atlasexp-scheduler-best-fit-c163dd"":{""active"":0,""idle"":2,""other"":0},""atlasexp-worker-w00-cpu-00-e089a9"":{""active"":0,""idle"":4,""other"":0},""atlasexp-worker-w00-cpu-01-584c93"":{""active"":0,""idle"":4,""other"":0},""atlasexp-worker-w00-cpu-02-a78d88"":{""active"":0,""idle"":4,""other"":0},""atlasexp-worker-w00-cpu-03-9fa922"":{""active"":0,""idle"":4,""other"":0},""atlasexp-worker-w00-cpu-04-1ad602"":{""active"":0,""idle"":4,""other"":0},""atlasexp-worker-w00-cpu-05-54f63a"":{""active"":0,""idle"":4,""other"":0},""atlasexp-worker-w00-cpu-06-e81e93"":{""active"":0,""idle"":4,""other"":0},""atlasexp-worker-w00-cpu-07-40277b"":{""active"":0,""idle"":4,""other"":0}}"
2026-09-30T13:54:11.359906608Z,bench-cpu-w8-best-fit-r50-t3,0.400251,,0,34,0,0.000000,35.151000,0,0,0,0,0,,0,0,"{""atlasexp-api-0ed5f5"":{""active"":0,""idle"":1,""other"":0},""atlasexp-scheduler-best-fit-c163dd"":{""active"":0,""idle"":1,""other"":1},""atlasexp-worker-w00-cpu-00-e089a9"":{""active"":0,""idle"":4,""other"":0},""atlasexp-worker-w00-cpu-01-584c93"":{""active"":0,""idle"":4,""other"":0},""atlasexp-worker-w00-cpu-02-a78d88"":{""active"":0,""idle"":4,""other"":0},""atlasexp-worker-w00-cpu-03-9fa922"":{""active"":0,""idle"":4,""other"":0},""atlasexp-worker-w00-cpu-04-1ad602"":{""active"":0,""idle"":4,""other"":0},""atlasexp-worker-w00-cpu-05-54f63a"":{""active"":0,""idle"":4,""other"":0},""atlasexp-worker-w00-cpu-06-e81e93"":{""active"":0,""idle"":4,""other"":0},""atlasexp-worker-w00-cpu-07-40277b"":{""active"":0,""idle"":4,""other"":0}}"
2026-09-30T13:54:11.610265942Z,bench-cpu-w8-best-fit-r50-t3,0.279598,,3,25,0,0.000000,86.420000,0,0,0,0,0,,0,0,"{""atlasexp-api-0ed5f5"":{""active"":0,""idle"":1,""other"":0},""atlasexp-scheduler-best-fit-c163dd"":{""active"":0,""idle"":2,""other"":0},""atlasexp-worker-w00-cpu-00-e089a9"":{""active"":1,""idle"":3,""other"":0},""atlasexp-worker-w00-cpu-01-584c93"":{""active"":1,""idle"":3,""other"":0},""atlasexp-worker-w00-cpu-02-a78d88"":{""active"":0,""idle"":4,""other"":0},""atlasexp-worker-w00-cpu-03-9fa922"":{""active"":0,""idle"":4,""other"":0},""atlasexp-worker-w00-cpu-04-1ad602"":{""active"":0,""idle"":4,""other"":0},""atlasexp-worker-w00-cpu-05-54f63a"":{""active"":0,""idle"":1,""other"":3},""atlasexp-worker-w00-cpu-06-e81e93"":{""active"":0,""idle"":0,""other"":4},""atlasexp-worker-w00-cpu-07-40277b"":{""active"":1,""idle"":3,""other"":0}}"
2026-09-30T13:54:11.860533584Z,bench-cpu-w8-best-fit-r50-t3,0.479487,,1,34,0,0.000000,36.556000,0,0,0,0,0,,0,0,"{""atlasexp-api-0ed5f5"":{""active"":0,""idle"":1,""other"":0},""atlasexp-scheduler-best-fit-c163dd"":{""active"":1,""idle"":1,""other"":0},""atlasexp-worker-w00-cpu-00-e089a9"":{""active"":0,""idle"":4,""other"":0},""atlasexp-worker-w00-cpu-01-584c93"":{""active"":0,""idle"":4,""other"":0},""atlasexp-worker-w00-cpu-02-a78d88"":{""active"":0,""idle"":4,""other"":0},""atlasexp-worker-w00-cpu-03-9fa922"":{""active"":0,""idle"":4,""other"":0},""atlasexp-worker-w00-cpu-04-1ad602"":{""active"":0,""idle"":4,""other"":0},""atlasexp-worker-w00-cpu-05-54f63a"":{""active"":0,""idle"":4,""other"":0},""atlasexp-worker-w00-cpu-06-e81e93"":{""active"":0,""idle"":4,""other"":0},""atlasexp-worker-w00-cpu-07-40277b"":{""active"":0,""idle"":4,""other"":0}}"
2026-09-30T13:54:12.109722401Z,bench-cpu-w8-best-fit-r50-t3,0.361172,,2,33,0,0.000000,85.615000,0,0,0,0,0,,0,0,"{""atlasexp-api-0ed5f5"":{""active"":0,""idle"":1,""other"":0},""atlasexp-scheduler-best-fit-c163dd"":{""active"":0,""idle"":2,""other"":0},""atlasexp-worker-w00-cpu-00-e089a9"":{""active"":0,""idle"":4,""other"":0},""atlasexp-worker-w00-cpu-01-584c93"":{""active"":1,""idle"":3,""other"":0},""atlasexp-worker-w00-cpu-02-a78d88"":{""active"":0,""idle"":4,""other"":0},""atlasexp-worker-w00-cpu-03-9fa922"":{""active"":0,""idle"":4,""other"":0},""atlasexp-worker-w00-cpu-04-1ad602"":{""active"":0,""idle"":4,""other"":0},""atlasexp-worker-w00-cpu-05-54f63a"":{""active"":0,""idle"":4,""other"":0},""atlasexp-worker-w00-cpu-06-e81e93"":{""active"":0,""idle"":4,""other"":0},""atlasexp-worker-w00-cpu-07-40277b"":{""active"":1,""idle"":3,""other"":0}}"
2026-09-30T13:54:12.360172845Z,bench-cpu-w8-best-fit-r50-t3,0.399281,,0,36,0,0.000000,35.755000,0,0,0,0,0,,0,0,"{""atlasexp-api-0ed5f5"":{""active"":0,""idle"":2,""other"":0},""atlasexp-scheduler-best-fit-c163dd"":{""active"":0,""idle"":2,""other"":0},""atlasexp-worker-w00-cpu-00-e089a9"":{""active"":0,""idle"":4,""other"":0},""atlasexp-worker-w00-cpu-01-584c93"":{""active"":0,""idle"":4,""other"":0},""atlasexp-worker-w00-cpu-02-a78d88"":{""active"":0,""idle"":4,""other"":0},""atlasexp-worker-w00-cpu-03-9fa922"":{""active"":0,""idle"":4,""other"":0},""atlasexp-worker-w00-cpu-04-1ad602"":{""active"":0,""idle"":4,""other"":0},""atlasexp-worker-w00-cpu-05-54f63a"":{""active"":0,""idle"":4,""other"":0},""atlasexp-worker-w00-cpu-06-e81e93"":{""active"":0,""idle"":4,""other"":0},""atlasexp-worker-w00-cpu-07-40277b"":{""active"":0,""idle"":4,""other"":0}}"
2026-09-30T13:54:12.609624433Z,bench-cpu-w8-best-fit-r50-t3,0.400879,,2,33,0,0.000000,85.356000,0,0,0,0,0,,0,0,"{""atlasexp-api-0ed5f5"":{""active"":0,""idle"":2,""other"":0},""atlasexp-scheduler-best-fit-c163dd"":{""active"":0,""idle"":2,""other"":0},""atlasexp-worker-w00-cpu-00-e089a9"":{""active"":0,""idle"":3,""other"":1},""atlasexp-worker-w00-cpu-01-584c93"":{""active"":0,""idle"":4,""other"":0},""atlasexp-worker-w00-cpu-02-a78d88"":{""active"":1,""idle"":3,""other"":0},""atlasexp-worker-w00-cpu-03-9fa922"":{""active"":0,""idle"":4,""other"":0},""atlasexp-worker-w00-cpu-04-1ad602"":{""active"":0,""idle"":4,""other"":0},""atlasexp-worker-w00-cpu-05-54f63a"":{""active"":0,""idle"":4,""other"":0},""atlasexp-worker-w00-cpu-06-e81e93"":{""active"":0,""idle"":4,""other"":0},""atlasexp-worker-w00-cpu-07-40277b"":{""active"":1,""idle"":3,""other"":0}}"
2026-09-30T13:54:12.860069297Z,bench-cpu-w8-best-fit-r50-t3,0.279503,,3,33,0,0.000000,135.759000,0,0,0,0,0,,0,0,"{""atlasexp-api-0ed5f5"":{""active"":0,""idle"":2,""other"":0},""atlasexp-scheduler-best-fit-c163dd"":{""active"":1,""idle"":1,""other"":0},""atlasexp-worker-w00-cpu-00-e089a9"":{""active"":1,""idle"":3,""other"":0},""atlasexp-worker-w00-cpu-01-584c93"":{""active"":0,""idle"":4,""other"":0},""atlasexp-worker-w00-cpu-02-a78d88"":{""active"":0,""idle"":4,""other"":0},""atlasexp-worker-w00-cpu-03-9fa922"":{""active"":0,""idle"":4,""other"":0},""atlasexp-worker-w00-cpu-04-1ad602"":{""active"":0,""idle"":4,""other"":0},""atlasexp-worker-w00-cpu-05-54f63a"":{""active"":0,""idle"":4,""other"":0},""atlasexp-worker-w00-cpu-06-e81e93"":{""active"":0,""idle"":4,""other"":0},""atlasexp-worker-w00-cpu-07-40277b"":{""active"":1,""idle"":3,""other"":0}}"
2026-09-30T13:54:13.109523891Z,bench-cpu-w8-best-fit-r50-t3,0.481049,,2,32,0,0.000000,84.959000,0,0,0,0,0,,0,0,"{""atlasexp-api-0ed5f5"":{""active"":0,""idle"":2,""other"":0},""atlasexp-scheduler-best-fit-c163dd"":{""active"":0,""idle"":2,""other"":0},""atlasexp-worker-w00-cpu-00-e089a9"":{""active"":0,""idle"":4,""other"":0},""atlasexp-worker-w00-cpu-01-584c93"":{""active"":1,""idle"":3,""other"":0},""atlasexp-worker-w00-cpu-02-a78d88"":{""active"":0,""idle"":4,""other"":0},""atlasexp-worker-w00-cpu-03-9fa922"":{""active"":0,""idle"":4,""other"":0},""atlasexp-worker-w00-cpu-04-1ad602"":{""active"":0,""idle"":2,""other"":2},""atlasexp-worker-w00-cpu-05-54f63a"":{""active"":0,""idle"":4,""other"":0},""atlasexp-worker-w00-cpu-06-e81e93"":{""active"":0,""idle"":4,""other"":0},""atlasexp-worker-w00-cpu-07-40277b"":{""active"":1,""idle"":3,""other"":0}}"
2026-09-30T13:54:13.359662092Z,bench-cpu-w8-best-fit-r50-t3,0.199890,,0,35,0,0.000000,135.779000,0,0,0,0,0,,0,0,"{""atlasexp-api-0ed5f5"":{""active"":0,""idle"":2,""other"":0},""atlasexp-scheduler-best-fit-c163dd"":{""active"":0,""idle"":1,""other"":1},""atlasexp-worker-w00-cpu-00-e089a9"":{""active"":0,""idle"":4,""other"":0},""atlasexp-worker-w00-cpu-01-584c93"":{""active"":0,""idle"":4,""other"":0},""atlasexp-worker-w00-cpu-02-a78d88"":{""active"":0,""idle"":4,""other"":0},""atlasexp-worker-w00-cpu-03-9fa922"":{""active"":0,""idle"":4,""other"":0},""atlasexp-worker-w00-cpu-04-1ad602"":{""active"":0,""idle"":4,""other"":0},""atlasexp-worker-w00-cpu-05-54f63a"":{""active"":0,""idle"":4,""other"":0},""atlasexp-worker-w00-cpu-06-e81e93"":{""active"":0,""idle"":4,""other"":0},""atlasexp-worker-w00-cpu-07-40277b"":{""active"":0,""idle"":4,""other"":0}}"
2026-09-30T13:54:13.60994374Z,bench-cpu-w8-best-fit-r50-t3,0.439505,,0,35,0,0.000000,85.773000,0,0,0,0,0,,0,0,"{""atlasexp-api-0ed5f5"":{""active"":0,""idle"":2,""other"":0},""atlasexp-scheduler-best-fit-c163dd"":{""active"":0,""idle"":2,""other"":0},""atlasexp-worker-w00-cpu-00-e089a9"":{""active"":0,""idle"":3,""other"":1},""atlasexp-worker-w00-cpu-01-584c93"":{""active"":0,""idle"":4,""other"":0},""atlasexp-worker-w00-cpu-02-a78d88"":{""active"":0,""idle"":4,""other"":0},""atlasexp-worker-w00-cpu-03-9fa922"":{""active"":0,""idle"":4,""other"":0},""atlasexp-worker-w00-cpu-04-1ad602"":{""active"":0,""idle"":4,""other"":0},""atlasexp-worker-w00-cpu-05-54f63a"":{""active"":0,""idle"":4,""other"":0},""atlasexp-worker-w00-cpu-06-e81e93"":{""active"":0,""idle"":4,""other"":0},""atlasexp-worker-w00-cpu-07-40277b"":{""active"":0,""idle"":4,""other"":0}}"
2026-09-30T13:54:13.859946679Z,bench-cpu-w8-best-fit-r50-t3,0.239997,,2,34,0,0.000000,135.421000,0,0,0,0,0,,0,0,"{""atlasexp-api-0ed5f5"":{""active"":0,""idle"":2,""other"":0},""atlasexp-scheduler-best-fit-c163dd"":{""active"":0,""idle"":2,""other"":0},""atlasexp-worker-w00-cpu-00-e089a9"":{""active"":0,""idle"":4,""other"":0},""atlasexp-worker-w00-cpu-01-584c93"":{""active"":2,""idle"":2,""other"":0},""atlasexp-worker-w00-cpu-02-a78d88"":{""active"":0,""idle"":4,""other"":0},""atlasexp-worker-w00-cpu-03-9fa922"":{""active"":0,""idle"":4,""other"":0},""atlasexp-worker-w00-cpu-04-1ad602"":{""active"":0,""idle"":4,""other"":0},""atlasexp-worker-w00-cpu-05-54f63a"":{""active"":0,""idle"":4,""other"":0},""atlasexp-worker-w00-cpu-06-e81e93"":{""active"":0,""idle"":4,""other"":0},""atlasexp-worker-w00-cpu-07-40277b"":{""active"":0,""idle"":4,""other"":0}}"
2026-09-30T13:54:14.110130474Z,bench-cpu-w8-best-fit-r50-t3,0.719471,,4,32,0,0.000000,,0,0,0,0,0,,0,0,"{""atlasexp-api-0ed5f5"":{""active"":1,""idle"":1,""other"":0},""atlasexp-scheduler-best-fit-c163dd"":{""active"":0,""idle"":2,""other"":0},""atlasexp-worker-w00-cpu-00-e089a9"":{""active"":2,""idle"":2,""other"":0},""atlasexp-worker-w00-cpu-01-584c93"":{""active"":0,""idle"":4,""other"":0},""atlasexp-worker-w00-cpu-02-a78d88"":{""active"":0,""idle"":4,""other"":0},""atlasexp-worker-w00-cpu-03-9fa922"":{""active"":0,""idle"":4,""other"":0},""atlasexp-worker-w00-cpu-04-1ad602"":{""active"":0,""idle"":4,""other"":0},""atlasexp-worker-w00-cpu-05-54f63a"":{""active"":0,""idle"":4,""other"":0},""atlasexp-worker-w00-cpu-06-e81e93"":{""active"":0,""idle"":4,""other"":0},""atlasexp-worker-w00-cpu-07-40277b"":{""active"":1,""idle"":3,""other"":0}}"
2026-09-30T13:54:14.359693271Z,bench-cpu-w8-best-fit-r50-t3,0.320561,,1,34,0,0.000000,35.590000,0,0,0,0,0,,0,0,"{""atlasexp-api-0ed5f5"":{""active"":0,""idle"":2,""other"":0},""atlasexp-scheduler-best-fit-c163dd"":{""active"":0,""idle"":1,""other"":1},""atlasexp-worker-w00-cpu-00-e089a9"":{""active"":0,""idle"":4,""other"":0},""atlasexp-worker-w00-cpu-01-584c93"":{""active"":0,""idle"":4,""other"":0},""atlasexp-worker-w00-cpu-02-a78d88"":{""active"":0,""idle"":4,""other"":0},""atlasexp-worker-w00-cpu-03-9fa922"":{""active"":0,""idle"":4,""other"":0},""atlasexp-worker-w00-cpu-04-1ad602"":{""active"":0,""idle"":4,""other"":0},""atlasexp-worker-w00-cpu-05-54f63a"":{""active"":0,""idle"":4,""other"":0},""atlasexp-worker-w00-cpu-06-e81e93"":{""active"":0,""idle"":4,""other"":0},""atlasexp-worker-w00-cpu-07-40277b"":{""active"":1,""idle"":3,""other"":0}}"
2026-09-30T13:54:14.610273115Z,bench-cpu-w8-best-fit-r150-t1,0.199537,,0,33,0,0.000000,,0,0,0,0,0,,0,0,"{""atlasexp-api-0ed5f5"":{""active"":0,""idle"":1,""other"":1},""atlasexp-scheduler-best-fit-c163dd"":{""active"":0,""idle"":2,""other"":0},""atlasexp-worker-w00-cpu-00-e089a9"":{""active"":0,""idle"":3,""other"":1},""atlasexp-worker-w00-cpu-01-584c93"":{""active"":0,""idle"":4,""other"":0},""atlasexp-worker-w00-cpu-02-a78d88"":{""active"":0,""idle"":4,""other"":0},""atlasexp-worker-w00-cpu-03-9fa922"":{""active"":0,""idle"":4,""other"":0},""atlasexp-worker-w00-cpu-04-1ad602"":{""active"":0,""idle"":3,""other"":1},""atlasexp-worker-w00-cpu-05-54f63a"":{""active"":0,""idle"":4,""other"":0},""atlasexp-worker-w00-cpu-06-e81e93"":{""active"":0,""idle"":4,""other"":0},""atlasexp-worker-w00-cpu-07-40277b"":{""active"":0,""idle"":4,""other"":0}}"
2026-09-30T13:54:14.860590721Z,bench-cpu-w8-best-fit-r150-t1,0.519340,,3,33,2,0.666667,236.967000,0,0,0,0,0,,0,0,"{""atlasexp-api-0ed5f5"":{""active"":2,""idle"":1,""other"":0},""atlasexp-scheduler-best-fit-c163dd"":{""active"":1,""idle"":1,""other"":0},""atlasexp-worker-w00-cpu-00-e089a9"":{""active"":0,""idle"":3,""other"":1},""atlasexp-worker-w00-cpu-01-584c93"":{""active"":0,""idle"":4,""other"":0},""atlasexp-worker-w00-cpu-02-a78d88"":{""active"":0,""idle"":4,""other"":0},""atlasexp-worker-w00-cpu-03-9fa922"":{""active"":0,""idle"":4,""other"":0},""atlasexp-worker-w00-cpu-04-1ad602"":{""active"":0,""idle"":4,""other"":0},""atlasexp-worker-w00-cpu-05-54f63a"":{""active"":0,""idle"":4,""other"":0},""atlasexp-worker-w00-cpu-06-e81e93"":{""active"":0,""idle"":4,""other"":0},""atlasexp-worker-w00-cpu-07-40277b"":{""active"":0,""idle"":4,""other"":0}}"
2026-09-30T13:54:15.109619188Z,bench-cpu-w8-best-fit-r150-t1,0.441717,,1,36,0,0.000000,346.426000,0,0,0,0,0,,0,0,"{""atlasexp-api-0ed5f5"":{""active"":0,""idle"":3,""other"":0},""atlasexp-scheduler-best-fit-c163dd"":{""active"":0,""idle"":2,""other"":0},""atlasexp-worker-w00-cpu-00-e089a9"":{""active"":0,""idle"":4,""other"":0},""atlasexp-worker-w00-cpu-01-584c93"":{""active"":0,""idle"":4,""other"":0},""atlasexp-worker-w00-cpu-02-a78d88"":{""active"":0,""idle"":4,""other"":0},""atlasexp-worker-w00-cpu-03-9fa922"":{""active"":0,""idle"":4,""other"":0},""atlasexp-worker-w00-cpu-04-1ad602"":{""active"":0,""idle"":4,""other"":0},""atlasexp-worker-w00-cpu-05-54f63a"":{""active"":0,""idle"":4,""other"":0},""atlasexp-worker-w00-cpu-06-e81e93"":{""active"":0,""idle"":4,""other"":0},""atlasexp-worker-w00-cpu-07-40277b"":{""active"":1,""idle"":3,""other"":0}}"
2026-09-30T13:54:15.359813973Z,bench-cpu-w8-best-fit-r150-t1,0.479626,,3,34,1,0.333333,253.322000,0,0,0,0,0,,0,0,"{""atlasexp-api-0ed5f5"":{""active"":1,""idle"":2,""other"":0},""atlasexp-scheduler-best-fit-c163dd"":{""active"":1,""idle"":1,""other"":0},""atlasexp-worker-w00-cpu-00-e089a9"":{""active"":0,""idle"":4,""other"":0},""atlasexp-worker-w00-cpu-01-584c93"":{""active"":0,""idle"":4,""other"":0},""atlasexp-worker-w00-cpu-02-a78d88"":{""active"":0,""idle"":4,""other"":0},""atlasexp-worker-w00-cpu-03-9fa922"":{""active"":0,""idle"":4,""other"":0},""atlasexp-worker-w00-cpu-04-1ad602"":{""active"":0,""idle"":4,""other"":0},""atlasexp-worker-w00-cpu-05-54f63a"":{""active"":0,""idle"":4,""other"":0},""atlasexp-worker-w00-cpu-06-e81e93"":{""active"":0,""idle"":4,""other"":0},""atlasexp-worker-w00-cpu-07-40277b"":{""active"":1,""idle"":3,""other"":0}}"
2026-09-30T13:54:15.610502632Z,bench-cpu-w8-best-fit-r150-t1,0.558462,,3,34,1,0.333333,503.843000,0,0,0,0,0,,0,0,"{""atlasexp-api-0ed5f5"":{""active"":2,""idle"":1,""other"":0},""atlasexp-scheduler-best-fit-c163dd"":{""active"":0,""idle"":2,""other"":0},""atlasexp-worker-w00-cpu-00-e089a9"":{""active"":0,""idle"":4,""other"":0},""atlasexp-worker-w00-cpu-01-584c93"":{""active"":0,""idle"":4,""other"":0},""atlasexp-worker-w00-cpu-02-a78d88"":{""active"":0,""idle"":4,""other"":0},""atlasexp-worker-w00-cpu-03-9fa922"":{""active"":0,""idle"":4,""other"":0},""atlasexp-worker-w00-cpu-04-1ad602"":{""active"":0,""idle"":4,""other"":0},""atlasexp-worker-w00-cpu-05-54f63a"":{""active"":0,""idle"":4,""other"":0},""atlasexp-worker-w00-cpu-06-e81e93"":{""active"":0,""idle"":4,""other"":0},""atlasexp-worker-w00-cpu-07-40277b"":{""active"":1,""idle"":3,""other"":0}}"
2026-09-30T13:54:15.859475364Z,bench-cpu-w8-best-fit-r150-t1,0.441815,,3,32,1,0.333333,752.727000,0,0,0,0,0,,0,0,"{""atlasexp-api-0ed5f5"":{""active"":0,""idle"":2,""other"":1},""atlasexp-scheduler-best-fit-c163dd"":{""active"":1,""idle"":1,""other"":0},""atlasexp-worker-w00-cpu-00-e089a9"":{""active"":0,""idle"":4,""other"":0},""atlasexp-worker-w00-cpu-01-584c93"":{""active"":0,""idle"":4,""other"":0},""atlasexp-worker-w00-cpu-02-a78d88"":{""active"":0,""idle"":4,""other"":0},""atlasexp-worker-w00-cpu-03-9fa922"":{""active"":0,""idle"":4,""other"":0},""atlasexp-worker-w00-cpu-04-1ad602"":{""active"":0,""idle"":4,""other"":0},""atlasexp-worker-w00-cpu-05-54f63a"":{""active"":1,""idle"":3,""other"":0},""atlasexp-worker-w00-cpu-06-e81e93"":{""active"":0,""idle"":3,""other"":1},""atlasexp-worker-w00-cpu-07-40277b"":{""active"":1,""idle"":3,""other"":0}}"
2026-09-30T13:54:16.11040801Z,bench-cpu-w8-best-fit-r150-t1,0.677473,,1,35,1,1.000000,1003.870000,0,0,0,0,0,,0,0,"{""atlasexp-api-0ed5f5"":{""active"":1,""idle"":2,""other"":0},""atlasexp-scheduler-best-fit-c163dd"":{""active"":0,""idle"":1,""other"":1},""atlasexp-worker-w00-cpu-00-e089a9"":{""active"":0,""idle"":4,""other"":0},""atlasexp-worker-w00-cpu-01-584c93"":{""active"":0,""idle"":4,""other"":0},""atlasexp-worker-w00-cpu-02-a78d88"":{""active"":0,""idle"":4,""other"":0},""atlasexp-worker-w00-cpu-03-9fa922"":{""active"":0,""idle"":4,""other"":0},""atlasexp-worker-w00-cpu-04-1ad602"":{""active"":0,""idle"":4,""other"":0},""atlasexp-worker-w00-cpu-05-54f63a"":{""active"":0,""idle"":4,""other"":0},""atlasexp-worker-w00-cpu-06-e81e93"":{""active"":0,""idle"":4,""other"":0},""atlasexp-worker-w00-cpu-07-40277b"":{""active"":0,""idle"":4,""other"":0}}"
2026-09-30T13:54:16.36035901Z,bench-cpu-w8-best-fit-r150-t1,0.520102,,3,32,2,0.666667,1253.889000,0,0,0,0,0,,0,0,"{""atlasexp-api-0ed5f5"":{""active"":3,""idle"":0,""other"":0},""atlasexp-scheduler-best-fit-c163dd"":{""active"":0,""idle"":1,""other"":1},""atlasexp-worker-w00-cpu-00-e089a9"":{""active"":0,""idle"":4,""other"":0},""atlasexp-worker-w00-cpu-01-584c93"":{""active"":0,""idle"":4,""other"":0},""atlasexp-worker-w00-cpu-02-a78d88"":{""active"":0,""idle"":4,""other"":0},""atlasexp-worker-w00-cpu-03-9fa922"":{""active"":0,""idle"":4,""other"":0},""atlasexp-worker-w00-cpu-04-1ad602"":{""active"":0,""idle"":4,""other"":0},""atlasexp-worker-w00-cpu-05-54f63a"":{""active"":0,""idle"":4,""other"":0},""atlasexp-worker-w00-cpu-06-e81e93"":{""active"":0,""idle"":3,""other"":1},""atlasexp-worker-w00-cpu-07-40277b"":{""active"":0,""idle"":4,""other"":0}}"
2026-09-30T13:54:16.610351514Z,bench-cpu-w8-best-fit-r150-t1,0.440013,,1,36,0,0.000000,1503.910000,0,0,0,0,0,,0,0,"{""atlasexp-api-0ed5f5"":{""active"":0,""idle"":3,""other"":0},""atlasexp-scheduler-best-fit-c163dd"":{""active"":0,""idle"":2,""other"":0},""atlasexp-worker-w00-cpu-00-e089a9"":{""active"":0,""idle"":4,""other"":0},""atlasexp-worker-w00-cpu-01-584c93"":{""active"":0,""idle"":4,""other"":0},""atlasexp-worker-w00-cpu-02-a78d88"":{""active"":0,""idle"":4,""other"":0},""atlasexp-worker-w00-cpu-03-9fa922"":{""active"":0,""idle"":4,""other"":0},""atlasexp-worker-w00-cpu-04-1ad602"":{""active"":0,""idle"":4,""other"":0},""atlasexp-worker-w00-cpu-05-54f63a"":{""active"":0,""idle"":4,""other"":0},""atlasexp-worker-w00-cpu-06-e81e93"":{""active"":0,""idle"":4,""other"":0},""atlasexp-worker-w00-cpu-07-40277b"":{""active"":1,""idle"":3,""other"":0}}"
2026-09-30T13:54:16.859836828Z,bench-cpu-w8-best-fit-r150-t1,0.480990,,0,37,0,0.000000,1753.502000,0,0,0,0,0,,0,0,"{""atlasexp-api-0ed5f5"":{""active"":0,""idle"":3,""other"":0},""atlasexp-scheduler-best-fit-c163dd"":{""active"":0,""idle"":2,""other"":0},""atlasexp-worker-w00-cpu-00-e089a9"":{""active"":0,""idle"":4,""other"":0},""atlasexp-worker-w00-cpu-01-584c93"":{""active"":0,""idle"":4,""other"":0},""atlasexp-worker-w00-cpu-02-a78d88"":{""active"":0,""idle"":4,""other"":0},""atlasexp-worker-w00-cpu-03-9fa922"":{""active"":0,""idle"":4,""other"":0},""atlasexp-worker-w00-cpu-04-1ad602"":{""active"":0,""idle"":4,""other"":0},""atlasexp-worker-w00-cpu-05-54f63a"":{""active"":0,""idle"":4,""other"":0},""atlasexp-worker-w00-cpu-06-e81e93"":{""active"":0,""idle"":4,""other"":0},""atlasexp-worker-w00-cpu-07-40277b"":{""active"":0,""idle"":4,""other"":0}}"
2026-09-30T13:54:17.110509476Z,bench-cpu-w8-best-fit-r150-t1,0.398927,,7,30,1,0.142857,1242.807000,0,0,0,0,0,,0,0,"{""atlasexp-api-0ed5f5"":{""active"":0,""idle"":3,""other"":0},""atlasexp-scheduler-best-fit-c163dd"":{""active"":1,""idle"":1,""other"":0},""atlasexp-worker-w00-cpu-00-e089a9"":{""active"":1,""idle"":3,""other"":0},""atlasexp-worker-w00-cpu-01-584c93"":{""active"":0,""idle"":4,""other"":0},""atlasexp-worker-w00-cpu-02-a78d88"":{""active"":1,""idle"":3,""other"":0},""atlasexp-worker-w00-cpu-03-9fa922"":{""active"":1,""idle"":3,""other"":0},""atlasexp-worker-w00-cpu-04-1ad602"":{""active"":0,""idle"":4,""other"":0},""atlasexp-worker-w00-cpu-05-54f63a"":{""active"":1,""idle"":3,""other"":0},""atlasexp-worker-w00-cpu-06-e81e93"":{""active"":1,""idle"":3,""other"":0},""atlasexp-worker-w00-cpu-07-40277b"":{""active"":1,""idle"":3,""other"":0}}"
2026-09-30T13:54:17.359806536Z,bench-cpu-w8-best-fit-r150-t1,0.280790,,2,35,0,0.000000,1491.993000,0,0,0,0,0,,0,0,"{""atlasexp-api-0ed5f5"":{""active"":0,""idle"":3,""other"":0},""atlasexp-scheduler-best-fit-c163dd"":{""active"":1,""idle"":1,""other"":0},""atlasexp-worker-w00-cpu-00-e089a9"":{""active"":0,""idle"":4,""other"":0},""atlasexp-worker-w00-cpu-01-584c93"":{""active"":0,""idle"":4,""other"":0},""atlasexp-worker-w00-cpu-02-a78d88"":{""active"":0,""idle"":4,""other"":0},""atlasexp-worker-w00-cpu-03-9fa922"":{""active"":0,""idle"":4,""other"":0},""atlasexp-worker-w00-cpu-04-1ad602"":{""active"":0,""idle"":4,""other"":0},""atlasexp-worker-w00-cpu-05-54f63a"":{""active"":0,""idle"":4,""other"":0},""atlasexp-worker-w00-cpu-06-e81e93"":{""active"":0,""idle"":4,""other"":0},""atlasexp-worker-w00-cpu-07-40277b"":{""active"":1,""idle"":3,""other"":0}}"
2026-09-30T13:54:17.610559454Z,bench-cpu-w8-best-fit-r150-t1,0.239279,,2,35,0,0.000000,1742.690000,0,0,0,0,0,,0,0,"{""atlasexp-api-0ed5f5"":{""active"":0,""idle"":3,""other"":0},""atlasexp-scheduler-best-fit-c163dd"":{""active"":1,""idle"":1,""other"":0},""atlasexp-worker-w00-cpu-00-e089a9"":{""active"":0,""idle"":4,""other"":0},""atlasexp-worker-w00-cpu-01-584c93"":{""active"":0,""idle"":4,""other"":0},""atlasexp-worker-w00-cpu-02-a78d88"":{""active"":1,""idle"":3,""other"":0},""atlasexp-worker-w00-cpu-03-9fa922"":{""active"":0,""idle"":4,""other"":0},""atlasexp-worker-w00-cpu-04-1ad602"":{""active"":0,""idle"":4,""other"":0},""atlasexp-worker-w00-cpu-05-54f63a"":{""active"":0,""idle"":4,""other"":0},""atlasexp-worker-w00-cpu-06-e81e93"":{""active"":0,""idle"":4,""other"":0},""atlasexp-worker-w00-cpu-07-40277b"":{""active"":0,""idle"":4,""other"":0}}"
2026-09-30T13:54:17.860458607Z,bench-cpu-w8-best-fit-r150-t1,0.560226,,1,35,0,0.000000,1992.636000,0,0,0,0,0,,0,0,"{""atlasexp-api-0ed5f5"":{""active"":0,""idle"":3,""other"":0},""atlasexp-scheduler-best-fit-c163dd"":{""active"":1,""idle"":1,""other"":0},""atlasexp-worker-w00-cpu-00-e089a9"":{""active"":0,""idle"":4,""other"":0},""atlasexp-worker-w00-cpu-01-584c93"":{""active"":0,""idle"":3,""other"":1},""atlasexp-worker-w00-cpu-02-a78d88"":{""active"":0,""idle"":4,""other"":0},""atlasexp-worker-w00-cpu-03-9fa922"":{""active"":0,""idle"":4,""other"":0},""atlasexp-worker-w00-cpu-04-1ad602"":{""active"":0,""idle"":4,""other"":0},""atlasexp-worker-w00-cpu-05-54f63a"":{""active"":0,""idle"":4,""other"":0},""atlasexp-worker-w00-cpu-06-e81e93"":{""active"":0,""idle"":4,""other"":0},""atlasexp-worker-w00-cpu-07-40277b"":{""active"":0,""idle"":4,""other"":0}}"
2026-09-30T13:54:18.110112192Z,bench-cpu-w8-best-fit-r150-t1,0.480666,,2,33,0,0.000000,2242.219000,0,0,0,0,0,,0,0,"{""atlasexp-api-0ed5f5"":{""active"":0,""idle"":3,""other"":0},""atlasexp-scheduler-best-fit-c163dd"":{""active"":0,""idle"":1,""other"":1},""atlasexp-worker-w00-cpu-00-e089a9"":{""active"":0,""idle"":4,""other"":0},""atlasexp-worker-w00-cpu-01-584c93"":{""active"":1,""idle"":3,""other"":0},""atlasexp-worker-w00-cpu-02-a78d88"":{""active"":1,""idle"":3,""other"":0},""atlasexp-worker-w00-cpu-03-9fa922"":{""active"":0,""idle"":3,""other"":1},""atlasexp-worker-w00-cpu-04-1ad602"":{""active"":0,""idle"":4,""other"":0},""atlasexp-worker-w00-cpu-05-54f63a"":{""active"":0,""idle"":4,""other"":0},""atlasexp-worker-w00-cpu-06-e81e93"":{""active"":0,""idle"":4,""other"":0},""atlasexp-worker-w00-cpu-07-40277b"":{""active"":0,""idle"":4,""other"":0}}"
2026-09-30T13:54:18.360033076Z,bench-cpu-w8-best-fit-r150-t1,0.400127,,4,32,0,0.000000,2492.274000,0,0,0,0,0,,0,0,"{""atlasexp-api-0ed5f5"":{""active"":0,""idle"":3,""other"":0},""atlasexp-scheduler-best-fit-c163dd"":{""active"":1,""idle"":1,""other"":0},""atlasexp-worker-w00-cpu-00-e089a9"":{""active"":0,""idle"":4,""other"":0},""atlasexp-worker-w00-cpu-01-584c93"":{""active"":1,""idle"":3,""other"":0},""atlasexp-worker-w00-cpu-02-a78d88"":{""active"":0,""idle"":4,""other"":0},""atlasexp-worker-w00-cpu-03-9fa922"":{""active"":1,""idle"":3,""other"":0},""atlasexp-worker-w00-cpu-04-1ad602"":{""active"":0,""idle"":4,""other"":0},""atlasexp-worker-w00-cpu-05-54f63a"":{""active"":0,""idle"":3,""other"":1},""atlasexp-worker-w00-cpu-06-e81e93"":{""active"":0,""idle"":4,""other"":0},""atlasexp-worker-w00-cpu-07-40277b"":{""active"":1,""idle"":3,""other"":0}}"
2026-09-30T13:54:18.610262577Z,bench-cpu-w8-best-fit-r150-t1,0.559486,,0,34,0,0.000000,1490.219000,0,0,0,0,0,,0,0,"{""atlasexp-api-0ed5f5"":{""active"":0,""idle"":3,""other"":0},""atlasexp-scheduler-best-fit-c163dd"":{""active"":0,""idle"":1,""other"":1},""atlasexp-worker-w00-cpu-00-e089a9"":{""active"":0,""idle"":4,""other"":0},""atlasexp-worker-w00-cpu-01-584c93"":{""active"":0,""idle"":4,""other"":0},""atlasexp-worker-w00-cpu-02-a78d88"":{""active"":0,""idle"":4,""other"":0},""atlasexp-worker-w00-cpu-03-9fa922"":{""active"":0,""idle"":3,""other"":1},""atlasexp-worker-w00-cpu-04-1ad602"":{""active"":0,""idle"":4,""other"":0},""atlasexp-worker-w00-cpu-05-54f63a"":{""active"":0,""idle"":3,""other"":1},""atlasexp-worker-w00-cpu-06-e81e93"":{""active"":0,""idle"":4,""other"":0},""atlasexp-worker-w00-cpu-07-40277b"":{""active"":0,""idle"":4,""other"":0}}"
2026-09-30T13:54:18.86027417Z,bench-cpu-w8-best-fit-r150-t1,0.599972,,1,36,0,0.000000,1740.293000,0,0,0,0,0,,0,0,"{""atlasexp-api-0ed5f5"":{""active"":0,""idle"":3,""other"":0},""atlasexp-scheduler-best-fit-c163dd"":{""active"":1,""idle"":1,""other"":0},""atlasexp-worker-w00-cpu-00-e089a9"":{""active"":0,""idle"":4,""other"":0},""atlasexp-worker-w00-cpu-01-584c93"":{""active"":0,""idle"":4,""other"":0},""atlasexp-worker-w00-cpu-02-a78d88"":{""active"":0,""idle"":4,""other"":0},""atlasexp-worker-w00-cpu-03-9fa922"":{""active"":0,""idle"":4,""other"":0},""atlasexp-worker-w00-cpu-04-1ad602"":{""active"":0,""idle"":4,""other"":0},""atlasexp-worker-w00-cpu-05-54f63a"":{""active"":0,""idle"":4,""other"":0},""atlasexp-worker-w00-cpu-06-e81e93"":{""active"":0,""idle"":4,""other"":0},""atlasexp-worker-w00-cpu-07-40277b"":{""active"":0,""idle"":4,""other"":0}}"
2026-09-30T13:54:19.109798233Z,bench-cpu-w8-best-fit-r150-t1,0.520992,,0,36,0,0.000000,1989.646000,0,0,0,0,0,,0,0,"{""atlasexp-api-0ed5f5"":{""active"":0,""idle"":3,""other"":0},""atlasexp-scheduler-best-fit-c163dd"":{""active"":0,""idle"":2,""other"":0},""atlasexp-worker-w00-cpu-00-e089a9"":{""active"":0,""idle"":3,""other"":1},""atlasexp-worker-w00-cpu-01-584c93"":{""active"":0,""idle"":4,""other"":0},""atlasexp-worker-w00-cpu-02-a78d88"":{""active"":0,""idle"":4,""other"":0},""atlasexp-worker-w00-cpu-03-9fa922"":{""active"":0,""idle"":4,""other"":0},""atlasexp-worker-w00-cpu-04-1ad602"":{""active"":0,""idle"":4,""other"":0},""atlasexp-worker-w00-cpu-05-54f63a"":{""active"":0,""idle"":4,""other"":0},""atlasexp-worker-w00-cpu-06-e81e93"":{""active"":0,""idle"":4,""other"":0},""atlasexp-worker-w00-cpu-07-40277b"":{""active"":0,""idle"":4,""other"":0}}"
2026-09-30T13:54:19.359528812Z,bench-cpu-w8-best-fit-r150-t2,0.400432,,1,36,0,0.000000,35.541000,0,0,0,0,0,,0,0,"{""atlasexp-api-0ed5f5"":{""active"":0,""idle"":3,""other"":0},""atlasexp-scheduler-best-fit-c163dd"":{""active"":1,""idle"":1,""other"":0},""atlasexp-worker-w00-cpu-00-e089a9"":{""active"":0,""idle"":4,""other"":0},""atlasexp-worker-w00-cpu-01-584c93"":{""active"":0,""idle"":4,""other"":0},""atlasexp-worker-w00-cpu-02-a78d88"":{""active"":0,""idle"":4,""other"":0},""atlasexp-worker-w00-cpu-03-9fa922"":{""active"":0,""idle"":4,""other"":0},""atlasexp-worker-w00-cpu-04-1ad602"":{""active"":0,""idle"":4,""other"":0},""atlasexp-worker-w00-cpu-05-54f63a"":{""active"":0,""idle"":4,""other"":0},""atlasexp-worker-w00-cpu-06-e81e93"":{""active"":0,""idle"":4,""other"":0},""atlasexp-worker-w00-cpu-07-40277b"":{""active"":0,""idle"":4,""other"":0}}"
2026-09-30T13:54:19.609985056Z,bench-cpu-w8-best-fit-r150-t2,0.638834,,1,33,0,0.000000,148.133000,0,0,0,0,0,,0,0,"{""atlasexp-api-0ed5f5"":{""active"":0,""idle"":2,""other"":1},""atlasexp-scheduler-best-fit-c163dd"":{""active"":1,""idle"":1,""other"":0},""atlasexp-worker-w00-cpu-00-e089a9"":{""active"":0,""idle"":3,""other"":1},""atlasexp-worker-w00-cpu-01-584c93"":{""active"":0,""idle"":3,""other"":1},""atlasexp-worker-w00-cpu-02-a78d88"":{""active"":0,""idle"":4,""other"":0},""atlasexp-worker-w00-cpu-03-9fa922"":{""active"":0,""idle"":4,""other"":0},""atlasexp-worker-w00-cpu-04-1ad602"":{""active"":0,""idle"":4,""other"":0},""atlasexp-worker-w00-cpu-05-54f63a"":{""active"":0,""idle"":4,""other"":0},""atlasexp-worker-w00-cpu-06-e81e93"":{""active"":0,""idle"":4,""other"":0},""atlasexp-worker-w00-cpu-07-40277b"":{""active"":0,""idle"":4,""other"":0}}"
2026-09-30T13:54:19.859933783Z,bench-cpu-w8-best-fit-r150-t2,0.440090,,0,37,0,0.000000,215.553000,0,0,0,0,0,,0,0,"{""atlasexp-api-0ed5f5"":{""active"":0,""idle"":3,""other"":0},""atlasexp-scheduler-best-fit-c163dd"":{""active"":0,""idle"":2,""other"":0},""atlasexp-worker-w00-cpu-00-e089a9"":{""active"":0,""idle"":4,""other"":0},""atlasexp-worker-w00-cpu-01-584c93"":{""active"":0,""idle"":4,""other"":0},""atlasexp-worker-w00-cpu-02-a78d88"":{""active"":0,""idle"":4,""other"":0},""atlasexp-worker-w00-cpu-03-9fa922"":{""active"":0,""idle"":4,""other"":0},""atlasexp-worker-w00-cpu-04-1ad602"":{""active"":0,""idle"":4,""other"":0},""atlasexp-worker-w00-cpu-05-54f63a"":{""active"":0,""idle"":4,""other"":0},""atlasexp-worker-w00-cpu-06-e81e93"":{""active"":0,""idle"":4,""other"":0},""atlasexp-worker-w00-cpu-07-40277b"":{""active"":0,""idle"":4,""other"":0}}"
2026-09-30T13:54:20.109981042Z,bench-cpu-w8-best-fit-r150-t2,0.759856,,1,32,0,0.000000,236.928000,0,0,0,0,0,,0,0,"{""atlasexp-api-0ed5f5"":{""active"":0,""idle"":2,""other"":1},""atlasexp-scheduler-best-fit-c163dd"":{""active"":1,""idle"":1,""other"":0},""atlasexp-worker-w00-cpu-00-e089a9"":{""active"":0,""idle"":2,""other"":2},""atlasexp-worker-w00-cpu-01-584c93"":{""active"":0,""idle"":4,""other"":0},""atlasexp-worker-w00-cpu-02-a78d88"":{""active"":0,""idle"":4,""other"":0},""atlasexp-worker-w00-cpu-03-9fa922"":{""active"":0,""idle"":4,""other"":0},""atlasexp-worker-w00-cpu-04-1ad602"":{""active"":0,""idle"":4,""other"":0},""atlasexp-worker-w00-cpu-05-54f63a"":{""active"":0,""idle"":3,""other"":1},""atlasexp-worker-w00-cpu-06-e81e93"":{""active"":0,""idle"":4,""other"":0},""atlasexp-worker-w00-cpu-07-40277b"":{""active"":0,""idle"":4,""other"":0}}"
2026-09-30T13:54:20.360030959Z,bench-cpu-w8-best-fit-r150-t2,0.639872,,1,36,0,0.000000,486.944000,0,0,0,0,0,,0,0,"{""atlasexp-api-0ed5f5"":{""active"":0,""idle"":3,""other"":0},""atlasexp-scheduler-best-fit-c163dd"":{""active"":1,""idle"":1,""other"":0},""atlasexp-worker-w00-cpu-00-e089a9"":{""active"":0,""idle"":4,""other"":0},""atlasexp-worker-w00-cpu-01-584c93"":{""active"":0,""idle"":4,""other"":0},""atlasexp-worker-w00-cpu-02-a78d88"":{""active"":0,""idle"":4,""other"":0},""atlasexp-worker-w00-cpu-03-9fa922"":{""active"":0,""idle"":4,""other"":0},""atlasexp-worker-w00-cpu-04-1ad602"":{""active"":0,""idle"":4,""other"":0},""atlasexp-worker-w00-cpu-05-54f63a"":{""active"":0,""idle"":4,""other"":0},""atlasexp-worker-w00-cpu-06-e81e93"":{""active"":0,""idle"":4,""other"":0},""atlasexp-worker-w00-cpu-07-40277b"":{""active"":0,""idle"":4,""other"":0}}"
2026-09-30T13:54:20.609464251Z,bench-cpu-w8-best-fit-r150-t2,0.521181,,1,36,0,0.000000,439.759000,0,0,0,0,0,,0,0,"{""atlasexp-api-0ed5f5"":{""active"":0,""idle"":3,""other"":0},""atlasexp-scheduler-best-fit-c163dd"":{""active"":1,""idle"":1,""other"":0},""atlasexp-worker-w00-cpu-00-e089a9"":{""active"":0,""idle"":4,""other"":0},""atlasexp-worker-w00-cpu-01-584c93"":{""active"":0,""idle"":4,""other"":0},""atlasexp-worker-w00-cpu-02-a78d88"":{""active"":0,""idle"":4,""other"":0},""atlasexp-worker-w00-cpu-03-9fa922"":{""active"":0,""idle"":4,""other"":0},""atlasexp-worker-w00-cpu-04-1ad602"":{""active"":0,""idle"":4,""other"":0},""atlasexp-worker-w00-cpu-05-54f63a"":{""active"":0,""idle"":4,""other"":0},""atlasexp-worker-w00-cpu-06-e81e93"":{""active"":0,""idle"":4,""other"":0},""atlasexp-worker-w00-cpu-07-40277b"":{""active"":0,""idle"":4,""other"":0}}"
2026-09-30T13:54:20.860129545Z,bench-cpu-w8-best-fit-r150-t2,0.518620,,1,34,0,0.000000,690.385000,0,0,0,0,0,,0,0,"{""atlasexp-api-0ed5f5"":{""active"":0,""idle"":3,""other"":0},""atlasexp-scheduler-best-fit-c163dd"":{""active"":0,""idle"":2,""other"":0},""atlasexp-worker-w00-cpu-00-e089a9"":{""active"":0,""idle"":4,""other"":0},""atlasexp-worker-w00-cpu-01-584c93"":{""active"":0,""idle"":4,""other"":0},""atlasexp-worker-w00-cpu-02-a78d88"":{""active"":0,""idle"":4,""other"":0},""atlasexp-worker-w00-cpu-03-9fa922"":{""active"":0,""idle"":4,""other"":0},""atlasexp-worker-w00-cpu-04-1ad602"":{""active"":0,""idle"":3,""other"":1},""atlasexp-worker-w00-cpu-05-54f63a"":{""active"":1,""idle"":3,""other"":0},""atlasexp-worker-w00-cpu-06-e81e93"":{""active"":0,""idle"":3,""other"":1},""atlasexp-worker-w00-cpu-07-40277b"":{""active"":0,""idle"":4,""other"":0}}"
2026-09-30T13:54:21.109634273Z,bench-cpu-w8-best-fit-r150-t2,0.641270,,0,35,0,0.000000,615.223000,0,0,0,0,0,,0,0,"{""atlasexp-api-0ed5f5"":{""active"":0,""idle"":2,""other"":1},""atlasexp-scheduler-best-fit-c163dd"":{""active"":0,""idle"":1,""other"":1},""atlasexp-worker-w00-cpu-00-e089a9"":{""active"":0,""idle"":4,""other"":0},""atlasexp-worker-w00-cpu-01-584c93"":{""active"":0,""idle"":4,""other"":0},""atlasexp-worker-w00-cpu-02-a78d88"":{""active"":0,""idle"":4,""other"":0},""atlasexp-worker-w00-cpu-03-9fa922"":{""active"":0,""idle"":4,""other"":0},""atlasexp-worker-w00-cpu-04-1ad602"":{""active"":0,""idle"":4,""other"":0},""atlasexp-worker-w00-cpu-05-54f63a"":{""active"":0,""idle"":4,""other"":0},""atlasexp-worker-w00-cpu-06-e81e93"":{""active"":0,""idle"":4,""other"":0},""atlasexp-worker-w00-cpu-07-40277b"":{""active"":0,""idle"":4,""other"":0}}"
2026-09-30T13:54:21.35987839Z,bench-cpu-w8-best-fit-r150-t2,0.519493,,1,35,0,0.000000,865.537000,0,0,0,0,0,,0,0,"{""atlasexp-api-0ed5f5"":{""active"":0,""idle"":3,""other"":0},""atlasexp-scheduler-best-fit-c163dd"":{""active"":0,""idle"":1,""other"":1},""atlasexp-worker-w00-cpu-00-e089a9"":{""active"":0,""idle"":4,""other"":0},""atlasexp-worker-w00-cpu-01-584c93"":{""active"":0,""idle"":4,""other"":0},""atlasexp-worker-w00-cpu-02-a78d88"":{""active"":0,""idle"":4,""other"":0},""atlasexp-worker-w00-cpu-03-9fa922"":{""active"":1,""idle"":3,""other"":0},""atlasexp-worker-w00-cpu-04-1ad602"":{""active"":0,""idle"":4,""other"":0},""atlasexp-worker-w00-cpu-05-54f63a"":{""active"":0,""idle"":4,""other"":0},""atlasexp-worker-w00-cpu-06-e81e93"":{""active"":0,""idle"":4,""other"":0},""atlasexp-worker-w00-cpu-07-40277b"":{""active"":0,""idle"":4,""other"":0}}"
2026-09-30T13:54:21.609798984Z,bench-cpu-w8-best-fit-r150-t2,0.440140,,3,33,0,0.000000,752.549000,0,0,0,0,0,,0,0,"{""atlasexp-api-0ed5f5"":{""active"":0,""idle"":3,""other"":0},""atlasexp-scheduler-best-fit-c163dd"":{""active"":1,""idle"":1,""other"":0},""atlasexp-worker-w00-cpu-00-e089a9"":{""active"":0,""idle"":4,""other"":0},""atlasexp-worker-w00-cpu-01-584c93"":{""active"":0,""idle"":4,""other"":0},""atlasexp-worker-w00-cpu-02-a78d88"":{""active"":1,""idle"":3,""other"":0},""atlasexp-worker-w00-cpu-03-9fa922"":{""active"":0,""idle"":4,""other"":0},""atlasexp-worker-w00-cpu-04-1ad602"":{""active"":0,""idle"":4,""other"":0},""atlasexp-worker-w00-cpu-05-54f63a"":{""active"":1,""idle"":3,""other"":0},""atlasexp-worker-w00-cpu-06-e81e93"":{""active"":0,""idle"":3,""other"":1},""atlasexp-worker-w00-cpu-07-40277b"":{""active"":0,""idle"":4,""other"":0}}"
2026-09-30T13:54:21.860024277Z,bench-cpu-w8-best-fit-r150-t2,0.519532,,2,35,0,0.000000,590.825000,0,0,0,0,0,,0,0,"{""atlasexp-api-0ed5f5"":{""active"":0,""idle"":3,""other"":0},""atlasexp-scheduler-best-fit-c163dd"":{""active"":1,""idle"":1,""other"":0},""atlasexp-worker-w00-cpu-00-e089a9"":{""active"":0,""idle"":4,""other"":0},""atlasexp-worker-w00-cpu-01-584c93"":{""active"":0,""idle"":4,""other"":0},""atlasexp-worker-w00-cpu-02-a78d88"":{""active"":0,""idle"":4,""other"":0},""atlasexp-worker-w00-cpu-03-9fa922"":{""active"":0,""idle"":4,""other"":0},""atlasexp-worker-w00-cpu-04-1ad602"":{""active"":0,""idle"":4,""other"":0},""atlasexp-worker-w00-cpu-05-54f63a"":{""active"":1,""idle"":3,""other"":0},""atlasexp-worker-w00-cpu-06-e81e93"":{""active"":0,""idle"":4,""other"":0},""atlasexp-worker-w00-cpu-07-40277b"":{""active"":0,""idle"":4,""other"":0}}"
2026-09-30T13:54:22.110232608Z,bench-cpu-w8-best-fit-r150-t2,0.519567,,0,37,0,0.000000,,0,0,0,0,0,,0,0,"{""atlasexp-api-0ed5f5"":{""active"":0,""idle"":3,""other"":0},""atlasexp-scheduler-best-fit-c163dd"":{""active"":0,""idle"":2,""other"":0},""atlasexp-worker-w00-cpu-00-e089a9"":{""active"":0,""idle"":4,""other"":0},""atlasexp-worker-w00-cpu-01-584c93"":{""active"":0,""idle"":4,""other"":0},""atlasexp-worker-w00-cpu-02-a78d88"":{""active"":0,""idle"":4,""other"":0},""atlasexp-worker-w00-cpu-03-9fa922"":{""active"":0,""idle"":4,""other"":0},""atlasexp-worker-w00-cpu-04-1ad602"":{""active"":0,""idle"":4,""other"":0},""atlasexp-worker-w00-cpu-05-54f63a"":{""active"":0,""idle"":4,""other"":0},""atlasexp-worker-w00-cpu-06-e81e93"":{""active"":0,""idle"":4,""other"":0},""atlasexp-worker-w00-cpu-07-40277b"":{""active"":0,""idle"":4,""other"":0}}"
2026-09-30T13:54:22.360135308Z,bench-cpu-w8-best-fit-r150-t3,0.200078,,1,36,0,0.000000,35.563000,0,0,0,0,0,,0,0,"{""atlasexp-api-0ed5f5"":{""active"":1,""idle"":2,""other"":0},""atlasexp-scheduler-best-fit-c163dd"":{""active"":0,""idle"":2,""other"":0},""atlasexp-worker-w00-cpu-00-e089a9"":{""active"":0,""idle"":4,""other"":0},""atlasexp-worker-w00-cpu-01-584c93"":{""active"":0,""idle"":4,""other"":0},""atlasexp-worker-w00-cpu-02-a78d88"":{""active"":0,""idle"":4,""other"":0},""atlasexp-worker-w00-cpu-03-9fa922"":{""active"":0,""idle"":4,""other"":0},""atlasexp-worker-w00-cpu-04-1ad602"":{""active"":0,""idle"":4,""other"":0},""atlasexp-worker-w00-cpu-05-54f63a"":{""active"":0,""idle"":4,""other"":0},""atlasexp-worker-w00-cpu-06-e81e93"":{""active"":0,""idle"":4,""other"":0},""atlasexp-worker-w00-cpu-07-40277b"":{""active"":0,""idle"":4,""other"":0}}"
2026-09-30T13:54:22.61020475Z,bench-cpu-w8-best-fit-r150-t3,0.639822,,0,35,0,0.000000,158.491000,0,0,0,0,0,,0,0,"{""atlasexp-api-0ed5f5"":{""active"":0,""idle"":3,""other"":0},""atlasexp-scheduler-best-fit-c163dd"":{""active"":0,""idle"":1,""other"":1},""atlasexp-worker-w00-cpu-00-e089a9"":{""active"":0,""idle"":4,""other"":0},""atlasexp-worker-w00-cpu-01-584c93"":{""active"":0,""idle"":4,""other"":0},""atlasexp-worker-w00-cpu-02-a78d88"":{""active"":0,""idle"":3,""other"":1},""atlasexp-worker-w00-cpu-03-9fa922"":{""active"":0,""idle"":4,""other"":0},""atlasexp-worker-w00-cpu-04-1ad602"":{""active"":0,""idle"":4,""other"":0},""atlasexp-worker-w00-cpu-05-54f63a"":{""active"":0,""idle"":4,""other"":0},""atlasexp-worker-w00-cpu-06-e81e93"":{""active"":0,""idle"":4,""other"":0},""atlasexp-worker-w00-cpu-07-40277b"":{""active"":0,""idle"":4,""other"":0}}"
2026-09-30T13:54:22.860560356Z,bench-cpu-w8-best-fit-r150-t3,0.639091,,0,34,0,0.000000,238.805000,0,0,0,0,0,,0,0,"{""atlasexp-api-0ed5f5"":{""active"":0,""idle"":2,""other"":1},""atlasexp-scheduler-best-fit-c163dd"":{""active"":0,""idle"":2,""other"":0},""atlasexp-worker-w00-cpu-00-e089a9"":{""active"":0,""idle"":4,""other"":0},""atlasexp-worker-w00-cpu-01-584c93"":{""active"":0,""idle"":4,""other"":0},""atlasexp-worker-w00-cpu-02-a78d88"":{""active"":0,""idle"":4,""other"":0},""atlasexp-worker-w00-cpu-03-9fa922"":{""active"":0,""idle"":3,""other"":1},""atlasexp-worker-w00-cpu-04-1ad602"":{""active"":0,""idle"":3,""other"":1},""atlasexp-worker-w00-cpu-05-54f63a"":{""active"":0,""idle"":4,""other"":0},""atlasexp-worker-w00-cpu-06-e81e93"":{""active"":0,""idle"":4,""other"":0},""atlasexp-worker-w00-cpu-07-40277b"":{""active"":0,""idle"":4,""other"":0}}"
2026-09-30T13:54:23.109898081Z,bench-cpu-w8-best-fit-r150-t3,0.481275,,0,36,0,0.000000,261.363000,0,0,0,0,0,,0,0,"{""atlasexp-api-0ed5f5"":{""active"":0,""idle"":3,""other"":0},""atlasexp-scheduler-best-fit-c163dd"":{""active"":0,""idle"":1,""other"":1},""atlasexp-worker-w00-cpu-00-e089a9"":{""active"":0,""idle"":4,""other"":0},""atlasexp-worker-w00-cpu-01-584c93"":{""active"":0,""idle"":4,""other"":0},""atlasexp-worker-w00-cpu-02-a78d88"":{""active"":0,""idle"":4,""other"":0},""atlasexp-worker-w00-cpu-03-9fa922"":{""active"":0,""idle"":4,""other"":0},""atlasexp-worker-w00-cpu-04-1ad602"":{""active"":0,""idle"":4,""other"":0},""atlasexp-worker-w00-cpu-05-54f63a"":{""active"":0,""idle"":4,""other"":0},""atlasexp-worker-w00-cpu-06-e81e93"":{""active"":0,""idle"":4,""other"":0},""atlasexp-worker-w00-cpu-07-40277b"":{""active"":0,""idle"":4,""other"":0}}"
2026-09-30T13:54:23.360177555Z,bench-cpu-w8-best-fit-r150-t3,0.559375,,1,35,0,0.000000,511.329000,0,0,0,0,0,,0,0,"{""atlasexp-api-0ed5f5"":{""active"":1,""idle"":2,""other"":0},""atlasexp-scheduler-best-fit-c163dd"":{""active"":0,""idle"":1,""other"":1},""atlasexp-worker-w00-cpu-00-e089a9"":{""active"":0,""idle"":4,""other"":0},""atlasexp-worker-w00-cpu-01-584c93"":{""active"":0,""idle"":4,""other"":0},""atlasexp-worker-w00-cpu-02-a78d88"":{""active"":0,""idle"":4,""other"":0},""atlasexp-worker-w00-cpu-03-9fa922"":{""active"":0,""idle"":4,""other"":0},""atlasexp-worker-w00-cpu-04-1ad602"":{""active"":0,""idle"":4,""other"":0},""atlasexp-worker-w00-cpu-05-54f63a"":{""active"":0,""idle"":4,""other"":0},""atlasexp-worker-w00-cpu-06-e81e93"":{""active"":0,""idle"":4,""other"":0},""atlasexp-worker-w00-cpu-07-40277b"":{""active"":0,""idle"":4,""other"":0}}"
2026-09-30T13:54:23.61018475Z,bench-cpu-w8-best-fit-r150-t3,0.679980,,0,37,0,0.000000,476.588000,0,0,0,0,0,,0,0,"{""atlasexp-api-0ed5f5"":{""active"":0,""idle"":3,""other"":0},""atlasexp-scheduler-best-fit-c163dd"":{""active"":0,""idle"":2,""other"":0},""atlasexp-worker-w00-cpu-00-e089a9"":{""active"":0,""idle"":4,""other"":0},""atlasexp-worker-w00-cpu-01-584c93"":{""active"":0,""idle"":4,""other"":0},""atlasexp-worker-w00-cpu-02-a78d88"":{""active"":0,""idle"":4,""other"":0},""atlasexp-worker-w00-cpu-03-9fa922"":{""active"":0,""idle"":4,""other"":0},""atlasexp-worker-w00-cpu-04-1ad602"":{""active"":0,""idle"":4,""other"":0},""atlasexp-worker-w00-cpu-05-54f63a"":{""active"":0,""idle"":4,""other"":0},""atlasexp-worker-w00-cpu-06-e81e93"":{""active"":0,""idle"":4,""other"":0},""atlasexp-worker-w00-cpu-07-40277b"":{""active"":0,""idle"":4,""other"":0}}"
2026-09-30T13:54:23.859518106Z,bench-cpu-w8-best-fit-r150-t3,0.641711,,4,33,1,0.250000,409.102000,0,0,0,0,0,,0,0,"{""atlasexp-api-0ed5f5"":{""active"":1,""idle"":2,""other"":0},""atlasexp-scheduler-best-fit-c163dd"":{""active"":1,""idle"":1,""other"":0},""atlasexp-worker-w00-cpu-00-e089a9"":{""active"":0,""idle"":4,""other"":0},""atlasexp-worker-w00-cpu-01-584c93"":{""active"":0,""idle"":4,""other"":0},""atlasexp-worker-w00-cpu-02-a78d88"":{""active"":0,""idle"":4,""other"":0},""atlasexp-worker-w00-cpu-03-9fa922"":{""active"":0,""idle"":4,""other"":0},""atlasexp-worker-w00-cpu-04-1ad602"":{""active"":0,""idle"":4,""other"":0},""atlasexp-worker-w00-cpu-05-54f63a"":{""active"":2,""idle"":2,""other"":0},""atlasexp-worker-w00-cpu-06-e81e93"":{""active"":0,""idle"":4,""other"":0},""atlasexp-worker-w00-cpu-07-40277b"":{""active"":0,""idle"":4,""other"":0}}"
2026-09-30T13:54:24.109696913Z,bench-cpu-w8-best-fit-r150-t3,0.519628,,1,36,0,0.000000,659.152000,0,0,0,0,0,,0,0,"{""atlasexp-api-0ed5f5"":{""active"":0,""idle"":3,""other"":0},""atlasexp-scheduler-best-fit-c163dd"":{""active"":1,""idle"":1,""other"":0},""atlasexp-worker-w00-cpu-00-e089a9"":{""active"":0,""idle"":4,""other"":0},""atlasexp-worker-w00-cpu-01-584c93"":{""active"":0,""idle"":4,""other"":0},""atlasexp-worker-w00-cpu-02-a78d88"":{""active"":0,""idle"":4,""other"":0},""atlasexp-worker-w00-cpu-03-9fa922"":{""active"":0,""idle"":4,""other"":0},""atlasexp-worker-w00-cpu-04-1ad602"":{""active"":0,""idle"":4,""other"":0},""atlasexp-worker-w00-cpu-05-54f63a"":{""active"":0,""idle"":4,""other"":0},""atlasexp-worker-w00-cpu-06-e81e93"":{""active"":0,""idle"":4,""other"":0},""atlasexp-worker-w00-cpu-07-40277b"":{""active"":0,""idle"":4,""other"":0}}"
2026-09-30T13:54:24.360062838Z,bench-cpu-w8-best-fit-r150-t3,0.519240,,0,36,0,0.000000,545.473000,0,0,0,0,0,,0,0,"{""atlasexp-api-0ed5f5"":{""active"":0,""idle"":3,""other"":0},""atlasexp-scheduler-best-fit-c163dd"":{""active"":0,""idle"":1,""other"":1},""atlasexp-worker-w00-cpu-00-e089a9"":{""active"":0,""idle"":4,""other"":0},""atlasexp-worker-w00-cpu-01-584c93"":{""active"":0,""idle"":4,""other"":0},""atlasexp-worker-w00-cpu-02-a78d88"":{""active"":0,""idle"":4,""other"":0},""atlasexp-worker-w00-cpu-03-9fa922"":{""active"":0,""idle"":4,""other"":0},""atlasexp-worker-w00-cpu-04-1ad602"":{""active"":0,""idle"":4,""other"":0},""atlasexp-worker-w00-cpu-05-54f63a"":{""active"":0,""idle"":4,""other"":0},""atlasexp-worker-w00-cpu-06-e81e93"":{""active"":0,""idle"":4,""other"":0},""atlasexp-worker-w00-cpu-07-40277b"":{""active"":0,""idle"":4,""other"":0}}"
2026-09-30T13:54:24.610124605Z,bench-cpu-w8-best-fit-r150-t3,0.599852,,2,35,0,0.000000,795.589000,0,0,0,0,0,,0,0,"{""atlasexp-api-0ed5f5"":{""active"":0,""idle"":3,""other"":0},""atlasexp-scheduler-best-fit-c163dd"":{""active"":0,""idle"":2,""other"":0},""atlasexp-worker-w00-cpu-00-e089a9"":{""active"":1,""idle"":3,""other"":0},""atlasexp-worker-w00-cpu-01-584c93"":{""active"":0,""idle"":4,""other"":0},""atlasexp-worker-w00-cpu-02-a78d88"":{""active"":1,""idle"":3,""other"":0},""atlasexp-worker-w00-cpu-03-9fa922"":{""active"":0,""idle"":4,""other"":0},""atlasexp-worker-w00-cpu-04-1ad602"":{""active"":0,""idle"":4,""other"":0},""atlasexp-worker-w00-cpu-05-54f63a"":{""active"":0,""idle"":4,""other"":0},""atlasexp-worker-w00-cpu-06-e81e93"":{""active"":0,""idle"":4,""other"":0},""atlasexp-worker-w00-cpu-07-40277b"":{""active"":0,""idle"":4,""other"":0}}"
2026-09-30T13:54:24.860329951Z,bench-cpu-w8-best-fit-r150-t3,0.559540,,0,33,0,0.000000,651.733000,0,0,0,0,0,,0,0,"{""atlasexp-api-0ed5f5"":{""active"":0,""idle"":3,""other"":0},""atlasexp-scheduler-best-fit-c163dd"":{""active"":0,""idle"":1,""other"":1},""atlasexp-worker-w00-cpu-00-e089a9"":{""active"":0,""idle"":4,""other"":0},""atlasexp-worker-w00-cpu-01-584c93"":{""active"":0,""idle"":4,""other"":0},""atlasexp-worker-w00-cpu-02-a78d88"":{""active"":0,""idle"":4,""other"":0},""atlasexp-worker-w00-cpu-03-9fa922"":{""active"":0,""idle"":3,""other"":1},""atlasexp-worker-w00-cpu-04-1ad602"":{""active"":0,""idle"":4,""other"":0},""atlasexp-worker-w00-cpu-05-54f63a"":{""active"":0,""idle"":2,""other"":2},""atlasexp-worker-w00-cpu-06-e81e93"":{""active"":0,""idle"":4,""other"":0},""atlasexp-worker-w00-cpu-07-40277b"":{""active"":0,""idle"":4,""other"":0}}"
2026-09-30T13:54:25.110234976Z,bench-cpu-w8-best-fit-r150-t3,0.400152,,0,36,0,0.000000,,0,0,0,0,0,,0,0,"{""atlasexp-api-0ed5f5"":{""active"":0,""idle"":3,""other"":0},""atlasexp-scheduler-best-fit-c163dd"":{""active"":0,""idle"":2,""other"":0},""atlasexp-worker-w00-cpu-00-e089a9"":{""active"":0,""idle"":4,""other"":0},""atlasexp-worker-w00-cpu-01-584c93"":{""active"":0,""idle"":4,""other"":0},""atlasexp-worker-w00-cpu-02-a78d88"":{""active"":0,""idle"":4,""other"":0},""atlasexp-worker-w00-cpu-03-9fa922"":{""active"":0,""idle"":3,""other"":1},""atlasexp-worker-w00-cpu-04-1ad602"":{""active"":0,""idle"":4,""other"":0},""atlasexp-worker-w00-cpu-05-54f63a"":{""active"":0,""idle"":4,""other"":0},""atlasexp-worker-w00-cpu-06-e81e93"":{""active"":0,""idle"":4,""other"":0},""atlasexp-worker-w00-cpu-07-40277b"":{""active"":0,""idle"":4,""other"":0}}"
2026-09-30T13:54:25.3596585Z,bench-cpu-w8-best-fit-r500-t1,0.681572,,3,34,3,1.000000,135.452000,0,0,0,0,0,,0,0,"{""atlasexp-api-0ed5f5"":{""active"":3,""idle"":1,""other"":0},""atlasexp-scheduler-best-fit-c163dd"":{""active"":0,""idle"":1,""other"":1},""atlasexp-worker-w00-cpu-00-e089a9"":{""active"":0,""idle"":4,""other"":0},""atlasexp-worker-w00-cpu-01-584c93"":{""active"":0,""idle"":4,""other"":0},""atlasexp-worker-w00-cpu-02-a78d88"":{""active"":0,""idle"":4,""other"":0},""atlasexp-worker-w00-cpu-03-9fa922"":{""active"":0,""idle"":4,""other"":0},""atlasexp-worker-w00-cpu-04-1ad602"":{""active"":0,""idle"":4,""other"":0},""atlasexp-worker-w00-cpu-05-54f63a"":{""active"":0,""idle"":4,""other"":0},""atlasexp-worker-w00-cpu-06-e81e93"":{""active"":0,""idle"":4,""other"":0},""atlasexp-worker-w00-cpu-07-40277b"":{""active"":0,""idle"":4,""other"":0}}"
2026-09-30T13:54:25.609542975Z,bench-cpu-w8-best-fit-r500-t1,0.560259,,3,33,3,1.000000,384.966000,0,0,0,0,0,,0,0,"{""atlasexp-api-0ed5f5"":{""active"":2,""idle"":1,""other"":1},""atlasexp-scheduler-best-fit-c163dd"":{""active"":1,""idle"":1,""other"":0},""atlasexp-worker-w00-cpu-00-e089a9"":{""active"":0,""idle"":3,""other"":1},""atlasexp-worker-w00-cpu-01-584c93"":{""active"":0,""idle"":4,""other"":0},""atlasexp-worker-w00-cpu-02-a78d88"":{""active"":0,""idle"":4,""other"":0},""atlasexp-worker-w00-cpu-03-9fa922"":{""active"":0,""idle"":4,""other"":0},""atlasexp-worker-w00-cpu-04-1ad602"":{""active"":0,""idle"":4,""other"":0},""atlasexp-worker-w00-cpu-05-54f63a"":{""active"":0,""idle"":4,""other"":0},""atlasexp-worker-w00-cpu-06-e81e93"":{""active"":0,""idle"":4,""other"":0},""atlasexp-worker-w00-cpu-07-40277b"":{""active"":0,""idle"":4,""other"":0}}"
2026-09-30T13:54:25.859861554Z,bench-cpu-w8-best-fit-r500-t1,0.719084,,4,33,4,1.000000,635.192000,0,0,0,0,0,,0,0,"{""atlasexp-api-0ed5f5"":{""active"":3,""idle"":0,""other"":1},""atlasexp-scheduler-best-fit-c163dd"":{""active"":1,""idle"":1,""other"":0},""atlasexp-worker-w00-cpu-00-e089a9"":{""active"":0,""idle"":4,""other"":0},""atlasexp-worker-w00-cpu-01-584c93"":{""active"":0,""idle"":4,""other"":0},""atlasexp-worker-w00-cpu-02-a78d88"":{""active"":0,""idle"":4,""other"":0},""atlasexp-worker-w00-cpu-03-9fa922"":{""active"":0,""idle"":4,""other"":0},""atlasexp-worker-w00-cpu-04-1ad602"":{""active"":0,""idle"":4,""other"":0},""atlasexp-worker-w00-cpu-05-54f63a"":{""active"":0,""idle"":4,""other"":0},""atlasexp-worker-w00-cpu-06-e81e93"":{""active"":0,""idle"":4,""other"":0},""atlasexp-worker-w00-cpu-07-40277b"":{""active"":0,""idle"":4,""other"":0}}"
2026-09-30T13:54:26.109590559Z,bench-cpu-w8-best-fit-r500-t1,0.480521,,0,35,0,0.000000,885.368000,0,0,0,0,0,,0,0,"{""atlasexp-api-0ed5f5"":{""active"":0,""idle"":4,""other"":0},""atlasexp-scheduler-best-fit-c163dd"":{""active"":0,""idle"":1,""other"":1},""atlasexp-worker-w00-cpu-00-e089a9"":{""active"":0,""idle"":4,""other"":0},""atlasexp-worker-w00-cpu-01-584c93"":{""active"":0,""idle"":4,""other"":0},""atlasexp-worker-w00-cpu-02-a78d88"":{""active"":0,""idle"":4,""other"":0},""atlasexp-worker-w00-cpu-03-9fa922"":{""active"":0,""idle"":4,""other"":0},""atlasexp-worker-w00-cpu-04-1ad602"":{""active"":0,""idle"":4,""other"":0},""atlasexp-worker-w00-cpu-05-54f63a"":{""active"":0,""idle"":3,""other"":1},""atlasexp-worker-w00-cpu-06-e81e93"":{""active"":0,""idle"":4,""other"":0},""atlasexp-worker-w00-cpu-07-40277b"":{""active"":0,""idle"":3,""other"":1}}"
2026-09-30T13:54:26.359874861Z,bench-cpu-w8-best-fit-r500-t1,0.279682,,0,37,0,0.000000,1135.214000,0,0,0,0,0,,0,0,"{""atlasexp-api-0ed5f5"":{""active"":0,""idle"":4,""other"":0},""atlasexp-scheduler-best-fit-c163dd"":{""active"":0,""idle"":1,""other"":1},""atlasexp-worker-w00-cpu-00-e089a9"":{""active"":0,""idle"":4,""other"":0},""atlasexp-worker-w00-cpu-01-584c93"":{""active"":0,""idle"":4,""other"":0},""atlasexp-worker-w00-cpu-02-a78d88"":{""active"":0,""idle"":4,""other"":0},""atlasexp-worker-w00-cpu-03-9fa922"":{""active"":0,""idle"":4,""other"":0},""atlasexp-worker-w00-cpu-04-1ad602"":{""active"":0,""idle"":4,""other"":0},""atlasexp-worker-w00-cpu-05-54f63a"":{""active"":0,""idle"":4,""other"":0},""atlasexp-worker-w00-cpu-06-e81e93"":{""active"":0,""idle"":4,""other"":0},""atlasexp-worker-w00-cpu-07-40277b"":{""active"":0,""idle"":4,""other"":0}}"
2026-09-30T13:54:26.610104954Z,bench-cpu-w8-best-fit-r500-t1,0.359669,,0,37,0,0.000000,1385.359000,0,0,0,0,0,,0,0,"{""atlasexp-api-0ed5f5"":{""active"":0,""idle"":4,""other"":0},""atlasexp-scheduler-best-fit-c163dd"":{""active"":0,""idle"":1,""other"":1},""atlasexp-worker-w00-cpu-00-e089a9"":{""active"":0,""idle"":4,""other"":0},""atlasexp-worker-w00-cpu-01-584c93"":{""active"":0,""idle"":4,""other"":0},""atlasexp-worker-w00-cpu-02-a78d88"":{""active"":0,""idle"":4,""other"":0},""atlasexp-worker-w00-cpu-03-9fa922"":{""active"":0,""idle"":4,""other"":0},""atlasexp-worker-w00-cpu-04-1ad602"":{""active"":0,""idle"":4,""other"":0},""atlasexp-worker-w00-cpu-05-54f63a"":{""active"":0,""idle"":4,""other"":0},""atlasexp-worker-w00-cpu-06-e81e93"":{""active"":0,""idle"":4,""other"":0},""atlasexp-worker-w00-cpu-07-40277b"":{""active"":0,""idle"":4,""other"":0}}"
2026-09-30T13:54:26.860482761Z,bench-cpu-w8-best-fit-r500-t1,0.519215,,3,33,0,0.000000,1109.399000,0,0,0,0,0,,0,0,"{""atlasexp-api-0ed5f5"":{""active"":0,""idle"":4,""other"":0},""atlasexp-scheduler-best-fit-c163dd"":{""active"":0,""idle"":1,""other"":1},""atlasexp-worker-w00-cpu-00-e089a9"":{""active"":0,""idle"":4,""other"":0},""atlasexp-worker-w00-cpu-01-584c93"":{""active"":0,""idle"":3,""other"":1},""atlasexp-worker-w00-cpu-02-a78d88"":{""active"":0,""idle"":4,""other"":0},""atlasexp-worker-w00-cpu-03-9fa922"":{""active"":0,""idle"":4,""other"":0},""atlasexp-worker-w00-cpu-04-1ad602"":{""active"":2,""idle"":2,""other"":0},""atlasexp-worker-w00-cpu-05-54f63a"":{""active"":1,""idle"":3,""other"":0},""atlasexp-worker-w00-cpu-06-e81e93"":{""active"":0,""idle"":4,""other"":0},""atlasexp-worker-w00-cpu-07-40277b"":{""active"":0,""idle"":4,""other"":0}}"
2026-09-30T13:54:27.110191729Z,bench-cpu-w8-best-fit-r500-t1,0.520606,,0,36,0,0.000000,1359.169000,0,0,0,0,0,,0,0,"{""atlasexp-api-0ed5f5"":{""active"":0,""idle"":4,""other"":0},""atlasexp-scheduler-best-fit-c163dd"":{""active"":0,""idle"":2,""other"":0},""atlasexp-worker-w00-cpu-00-e089a9"":{""active"":0,""idle"":4,""other"":0},""atlasexp-worker-w00-cpu-01-584c93"":{""active"":0,""idle"":4,""other"":0},""atlasexp-worker-w00-cpu-02-a78d88"":{""active"":0,""idle"":3,""other"":1},""atlasexp-worker-w00-cpu-03-9fa922"":{""active"":0,""idle"":4,""other"":0},""atlasexp-worker-w00-cpu-04-1ad602"":{""active"":0,""idle"":4,""other"":0},""atlasexp-worker-w00-cpu-05-54f63a"":{""active"":0,""idle"":4,""other"":0},""atlasexp-worker-w00-cpu-06-e81e93"":{""active"":0,""idle"":4,""other"":0},""atlasexp-worker-w00-cpu-07-40277b"":{""active"":0,""idle"":3,""other"":1}}"
2026-09-30T13:54:27.359808225Z,bench-cpu-w8-best-fit-r500-t1,0.761168,,2,34,0,0.000000,1608.723000,0,0,0,0,0,,0,0,"{""atlasexp-api-0ed5f5"":{""active"":0,""idle"":4,""other"":0},""atlasexp-scheduler-best-fit-c163dd"":{""active"":0,""idle"":1,""other"":1},""atlasexp-worker-w00-cpu-00-e089a9"":{""active"":0,""idle"":4,""other"":0},""atlasexp-worker-w00-cpu-01-584c93"":{""active"":0,""idle"":4,""other"":0},""atlasexp-worker-w00-cpu-02-a78d88"":{""active"":0,""idle"":4,""other"":0},""atlasexp-worker-w00-cpu-03-9fa922"":{""active"":2,""idle"":1,""other"":1},""atlasexp-worker-w00-cpu-04-1ad602"":{""active"":0,""idle"":4,""other"":0},""atlasexp-worker-w00-cpu-05-54f63a"":{""active"":0,""idle"":4,""other"":0},""atlasexp-worker-w00-cpu-06-e81e93"":{""active"":0,""idle"":4,""other"":0},""atlasexp-worker-w00-cpu-07-40277b"":{""active"":0,""idle"":4,""other"":0}}"
2026-09-30T13:54:27.609501173Z,bench-cpu-w8-best-fit-r500-t1,0.320394,,2,35,0,0.000000,1858.457000,0,0,0,0,0,,0,0,"{""atlasexp-api-0ed5f5"":{""active"":0,""idle"":4,""other"":0},""atlasexp-scheduler-best-fit-c163dd"":{""active"":0,""idle"":2,""other"":0},""atlasexp-worker-w00-cpu-00-e089a9"":{""active"":0,""idle"":4,""other"":0},""atlasexp-worker-w00-cpu-01-584c93"":{""active"":0,""idle"":4,""other"":0},""atlasexp-worker-w00-cpu-02-a78d88"":{""active"":0,""idle"":4,""other"":0},""atlasexp-worker-w00-cpu-03-9fa922"":{""active"":0,""idle"":4,""other"":0},""atlasexp-worker-w00-cpu-04-1ad602"":{""active"":0,""idle"":3,""other"":1},""atlasexp-worker-w00-cpu-05-54f63a"":{""active"":0,""idle"":4,""other"":0},""atlasexp-worker-w00-cpu-06-e81e93"":{""active"":0,""idle"":4,""other"":0},""atlasexp-worker-w00-cpu-07-40277b"":{""active"":2,""idle"":2,""other"":0}}"
2026-09-30T13:54:27.860518006Z,bench-cpu-w8-best-fit-r500-t1,0.478056,,1,37,0,0.000000,2109.449000,0,0,0,0,0,,0,0,"{""atlasexp-api-0ed5f5"":{""active"":0,""idle"":4,""other"":0},""atlasexp-scheduler-best-fit-c163dd"":{""active"":1,""idle"":1,""other"":0},""atlasexp-worker-w00-cpu-00-e089a9"":{""active"":0,""idle"":4,""other"":0},""atlasexp-worker-w00-cpu-01-584c93"":{""active"":0,""idle"":4,""other"":0},""atlasexp-worker-w00-cpu-02-a78d88"":{""active"":0,""idle"":4,""other"":0},""atlasexp-worker-w00-cpu-03-9fa922"":{""active"":0,""idle"":4,""other"":0},""atlasexp-worker-w00-cpu-04-1ad602"":{""active"":0,""idle"":4,""other"":0},""atlasexp-worker-w00-cpu-05-54f63a"":{""active"":0,""idle"":4,""other"":0},""atlasexp-worker-w00-cpu-06-e81e93"":{""active"":0,""idle"":4,""other"":0},""atlasexp-worker-w00-cpu-07-40277b"":{""active"":0,""idle"":4,""other"":0}}"
2026-09-30T13:54:28.109843787Z,bench-cpu-w8-best-fit-r500-t1,0.521406,,0,37,0,0.000000,1294.726000,0,0,0,0,0,,0,0,"{""atlasexp-api-0ed5f5"":{""active"":0,""idle"":4,""other"":0},""atlasexp-scheduler-best-fit-c163dd"":{""active"":0,""idle"":2,""other"":0},""atlasexp-worker-w00-cpu-00-e089a9"":{""active"":0,""idle"":4,""other"":0},""atlasexp-worker-w00-cpu-01-584c93"":{""active"":0,""idle"":4,""other"":0},""atlasexp-worker-w00-cpu-02-a78d88"":{""active"":0,""idle"":3,""other"":1},""atlasexp-worker-w00-cpu-03-9fa922"":{""active"":0,""idle"":4,""other"":0},""atlasexp-worker-w00-cpu-04-1ad602"":{""active"":0,""idle"":4,""other"":0},""atlasexp-worker-w00-cpu-05-54f63a"":{""active"":0,""idle"":4,""other"":0},""atlasexp-worker-w00-cpu-06-e81e93"":{""active"":0,""idle"":4,""other"":0},""atlasexp-worker-w00-cpu-07-40277b"":{""active"":0,""idle"":4,""other"":0}}"
2026-09-30T13:54:28.360469829Z,bench-cpu-w8-best-fit-r500-t1,0.478801,,0,37,0,0.000000,1545.223000,0,0,0,0,0,,0,0,"{""atlasexp-api-0ed5f5"":{""active"":0,""idle"":4,""other"":0},""atlasexp-scheduler-best-fit-c163dd"":{""active"":0,""idle"":2,""other"":0},""atlasexp-worker-w00-cpu-00-e089a9"":{""active"":0,""idle"":4,""other"":0},""atlasexp-worker-w00-cpu-01-584c93"":{""active"":0,""idle"":4,""other"":0},""atlasexp-worker-w00-cpu-02-a78d88"":{""active"":0,""idle"":4,""other"":0},""atlasexp-worker-w00-cpu-03-9fa922"":{""active"":0,""idle"":4,""other"":0},""atlasexp-worker-w00-cpu-04-1ad602"":{""active"":0,""idle"":4,""other"":0},""atlasexp-worker-w00-cpu-05-54f63a"":{""active"":0,""idle"":4,""other"":0},""atlasexp-worker-w00-cpu-06-e81e93"":{""active"":0,""idle"":3,""other"":1},""atlasexp-worker-w00-cpu-07-40277b"":{""active"":0,""idle"":4,""other"":0}}"
2026-09-30T13:54:28.60968854Z,bench-cpu-w8-best-fit-r500-t2,0.321003,,3,34,3,1.000000,,0,0,0,0,0,,0,0,"{""atlasexp-api-0ed5f5"":{""active"":3,""idle"":0,""other"":1},""atlasexp-scheduler-best-fit-c163dd"":{""active"":0,""idle"":2,""other"":0},""atlasexp-worker-w00-cpu-00-e089a9"":{""active"":0,""idle"":4,""other"":0},""atlasexp-worker-w00-cpu-01-584c93"":{""active"":0,""idle"":4,""other"":0},""atlasexp-worker-w00-cpu-02-a78d88"":{""active"":0,""idle"":4,""other"":0},""atlasexp-worker-w00-cpu-03-9fa922"":{""active"":0,""idle"":4,""other"":0},""atlasexp-worker-w00-cpu-04-1ad602"":{""active"":0,""idle"":4,""other"":0},""atlasexp-worker-w00-cpu-05-54f63a"":{""active"":0,""idle"":4,""other"":0},""atlasexp-worker-w00-cpu-06-e81e93"":{""active"":0,""idle"":4,""other"":0},""atlasexp-worker-w00-cpu-07-40277b"":{""active"":0,""idle"":4,""other"":0}}"
2026-09-30T13:54:28.859536439Z,bench-cpu-w8-best-fit-r500-t2,0.600365,,5,33,4,0.800000,235.629000,0,0,0,0,0,,0,0,"{""atlasexp-api-0ed5f5"":{""active"":4,""idle"":0,""other"":0},""atlasexp-scheduler-best-fit-c163dd"":{""active"":1,""idle"":1,""other"":0},""atlasexp-worker-w00-cpu-00-e089a9"":{""active"":0,""idle"":4,""other"":0},""atlasexp-worker-w00-cpu-01-584c93"":{""active"":0,""idle"":4,""other"":0},""atlasexp-worker-w00-cpu-02-a78d88"":{""active"":0,""idle"":4,""other"":0},""atlasexp-worker-w00-cpu-03-9fa922"":{""active"":0,""idle"":4,""other"":0},""atlasexp-worker-w00-cpu-04-1ad602"":{""active"":0,""idle"":4,""other"":0},""atlasexp-worker-w00-cpu-05-54f63a"":{""active"":0,""idle"":4,""other"":0},""atlasexp-worker-w00-cpu-06-e81e93"":{""active"":0,""idle"":4,""other"":0},""atlasexp-worker-w00-cpu-07-40277b"":{""active"":0,""idle"":4,""other"":0}}"
2026-09-30T13:54:29.110250695Z,bench-cpu-w8-best-fit-r500-t2,0.717949,,4,32,3,0.750000,486.076000,0,0,0,0,0,,0,0,"{""atlasexp-api-0ed5f5"":{""active"":4,""idle"":0,""other"":0},""atlasexp-scheduler-best-fit-c163dd"":{""active"":0,""idle"":1,""other"":1},""atlasexp-worker-w00-cpu-00-e089a9"":{""active"":0,""idle"":4,""other"":0},""atlasexp-worker-w00-cpu-01-584c93"":{""active"":0,""idle"":4,""other"":0},""atlasexp-worker-w00-cpu-02-a78d88"":{""active"":0,""idle"":4,""other"":0},""atlasexp-worker-w00-cpu-03-9fa922"":{""active"":0,""idle"":4,""other"":0},""atlasexp-worker-w00-cpu-04-1ad602"":{""active"":0,""idle"":4,""other"":0},""atlasexp-worker-w00-cpu-05-54f63a"":{""active"":0,""idle"":4,""other"":0},""atlasexp-worker-w00-cpu-06-e81e93"":{""active"":0,""idle"":4,""other"":0},""atlasexp-worker-w00-cpu-07-40277b"":{""active"":0,""idle"":3,""other"":1}}"
2026-09-30T13:54:29.360228185Z,bench-cpu-w8-best-fit-r500-t2,0.760068,,0,38,0,0.000000,736.146000,0,0,0,0,0,,0,0,"{""atlasexp-api-0ed5f5"":{""active"":0,""idle"":4,""other"":0},""atlasexp-scheduler-best-fit-c163dd"":{""active"":0,""idle"":2,""other"":0},""atlasexp-worker-w00-cpu-00-e089a9"":{""active"":0,""idle"":4,""other"":0},""atlasexp-worker-w00-cpu-01-584c93"":{""active"":0,""idle"":4,""other"":0},""atlasexp-worker-w00-cpu-02-a78d88"":{""active"":0,""idle"":4,""other"":0},""atlasexp-worker-w00-cpu-03-9fa922"":{""active"":0,""idle"":4,""other"":0},""atlasexp-worker-w00-cpu-04-1ad602"":{""active"":0,""idle"":4,""other"":0},""atlasexp-worker-w00-cpu-05-54f63a"":{""active"":0,""idle"":4,""other"":0},""atlasexp-worker-w00-cpu-06-e81e93"":{""active"":0,""idle"":4,""other"":0},""atlasexp-worker-w00-cpu-07-40277b"":{""active"":0,""idle"":4,""other"":0}}"
2026-09-30T13:54:29.610093045Z,bench-cpu-w8-best-fit-r500-t2,0.320173,,1,36,0,0.000000,985.837000,0,0,0,0,0,,0,0,"{""atlasexp-api-0ed5f5"":{""active"":0,""idle"":4,""other"":0},""atlasexp-scheduler-best-fit-c163dd"":{""active"":1,""idle"":1,""other"":0},""atlasexp-worker-w00-cpu-00-e089a9"":{""active"":0,""idle"":4,""other"":0},""atlasexp-worker-w00-cpu-01-584c93"":{""active"":0,""idle"":3,""other"":1},""atlasexp-worker-w00-cpu-02-a78d88"":{""active"":0,""idle"":4,""other"":0},""atlasexp-worker-w00-cpu-03-9fa922"":{""active"":0,""idle"":4,""other"":0},""atlasexp-worker-w00-cpu-04-1ad602"":{""active"":0,""idle"":4,""other"":0},""atlasexp-worker-w00-cpu-05-54f63a"":{""active"":0,""idle"":4,""other"":0},""atlasexp-worker-w00-cpu-06-e81e93"":{""active"":0,""idle"":4,""other"":0},""atlasexp-worker-w00-cpu-07-40277b"":{""active"":0,""idle"":4,""other"":0}}"
2026-09-30T13:54:29.859668853Z,bench-cpu-w8-best-fit-r500-t2,0.280476,,0,37,0,0.000000,1235.783000,0,0,0,0,0,,0,0,"{""atlasexp-api-0ed5f5"":{""active"":0,""idle"":4,""other"":0},""atlasexp-scheduler-best-fit-c163dd"":{""active"":0,""idle"":2,""other"":0},""atlasexp-worker-w00-cpu-00-e089a9"":{""active"":0,""idle"":4,""other"":0},""atlasexp-worker-w00-cpu-01-584c93"":{""active"":0,""idle"":3,""other"":1},""atlasexp-worker-w00-cpu-02-a78d88"":{""active"":0,""idle"":4,""other"":0},""atlasexp-worker-w00-cpu-03-9fa922"":{""active"":0,""idle"":4,""other"":0},""atlasexp-worker-w00-cpu-04-1ad602"":{""active"":0,""idle"":4,""other"":0},""atlasexp-worker-w00-cpu-05-54f63a"":{""active"":0,""idle"":4,""other"":0},""atlasexp-worker-w00-cpu-06-e81e93"":{""active"":0,""idle"":4,""other"":0},""atlasexp-worker-w00-cpu-07-40277b"":{""active"":0,""idle"":4,""other"":0}}"
2026-09-30T13:54:30.109814838Z,bench-cpu-w8-best-fit-r500-t2,0.399767,,0,35,0,0.000000,1485.643000,0,0,0,0,0,,0,0,"{""atlasexp-api-0ed5f5"":{""active"":0,""idle"":4,""other"":0},""atlasexp-scheduler-best-fit-c163dd"":{""active"":0,""idle"":2,""other"":0},""atlasexp-worker-w00-cpu-00-e089a9"":{""active"":0,""idle"":2,""other"":2},""atlasexp-worker-w00-cpu-01-584c93"":{""active"":0,""idle"":4,""other"":0},""atlasexp-worker-w00-cpu-02-a78d88"":{""active"":0,""idle"":4,""other"":0},""atlasexp-worker-w00-cpu-03-9fa922"":{""active"":0,""idle"":3,""other"":1},""atlasexp-worker-w00-cpu-04-1ad602"":{""active"":0,""idle"":4,""other"":0},""atlasexp-worker-w00-cpu-05-54f63a"":{""active"":0,""idle"":4,""other"":0},""atlasexp-worker-w00-cpu-06-e81e93"":{""active"":0,""idle"":4,""other"":0},""atlasexp-worker-w00-cpu-07-40277b"":{""active"":0,""idle"":4,""other"":0}}"
2026-09-30T13:54:30.360446076Z,bench-cpu-w8-best-fit-r500-t2,0.598489,,2,33,0,0.000000,1132.519000,0,0,0,0,0,,0,0,"{""atlasexp-api-0ed5f5"":{""active"":0,""idle"":4,""other"":0},""atlasexp-scheduler-best-fit-c163dd"":{""active"":1,""idle"":1,""other"":0},""atlasexp-worker-w00-cpu-00-e089a9"":{""active"":0,""idle"":4,""other"":0},""atlasexp-worker-w00-cpu-01-584c93"":{""active"":0,""idle"":4,""other"":0},""atlasexp-worker-w00-cpu-02-a78d88"":{""active"":0,""idle"":4,""other"":0},""atlasexp-worker-w00-cpu-03-9fa922"":{""active"":0,""idle"":2,""other"":2},""atlasexp-worker-w00-cpu-04-1ad602"":{""active"":0,""idle"":4,""other"":0},""atlasexp-worker-w00-cpu-05-54f63a"":{""active"":0,""idle"":4,""other"":0},""atlasexp-worker-w00-cpu-06-e81e93"":{""active"":1,""idle"":3,""other"":0},""atlasexp-worker-w00-cpu-07-40277b"":{""active"":0,""idle"":3,""other"":1}}"
2026-09-30T13:54:30.610142567Z,bench-cpu-w8-best-fit-r500-t2,0.520632,,3,35,0,0.000000,1381.935000,0,0,0,0,0,,0,0,"{""atlasexp-api-0ed5f5"":{""active"":0,""idle"":4,""other"":0},""atlasexp-scheduler-best-fit-c163dd"":{""active"":1,""idle"":1,""other"":0},""atlasexp-worker-w00-cpu-00-e089a9"":{""active"":0,""idle"":4,""other"":0},""atlasexp-worker-w00-cpu-01-584c93"":{""active"":0,""idle"":4,""other"":0},""atlasexp-worker-w00-cpu-02-a78d88"":{""active"":0,""idle"":4,""other"":0},""atlasexp-worker-w00-cpu-03-9fa922"":{""active"":0,""idle"":4,""other"":0},""atlasexp-worker-w00-cpu-04-1ad602"":{""active"":1,""idle"":3,""other"":0},""atlasexp-worker-w00-cpu-05-54f63a"":{""active"":1,""idle"":3,""other"":0},""atlasexp-worker-w00-cpu-06-e81e93"":{""active"":0,""idle"":4,""other"":0},""atlasexp-worker-w00-cpu-07-40277b"":{""active"":0,""idle"":4,""other"":0}}"
2026-09-30T13:54:30.860098352Z,bench-cpu-w8-best-fit-r500-t2,0.560099,,1,36,0,0.000000,1631.977000,0,0,0,0,0,,0,0,"{""atlasexp-api-0ed5f5"":{""active"":0,""idle"":4,""other"":0},""atlasexp-scheduler-best-fit-c163dd"":{""active"":0,""idle"":1,""other"":1},""atlasexp-worker-w00-cpu-00-e089a9"":{""active"":0,""idle"":4,""other"":0},""atlasexp-worker-w00-cpu-01-584c93"":{""active"":0,""idle"":4,""other"":0},""atlasexp-worker-w00-cpu-02-a78d88"":{""active"":0,""idle"":4,""other"":0},""atlasexp-worker-w00-cpu-03-9fa922"":{""active"":1,""idle"":3,""other"":0},""atlasexp-worker-w00-cpu-04-1ad602"":{""active"":0,""idle"":4,""other"":0},""atlasexp-worker-w00-cpu-05-54f63a"":{""active"":0,""idle"":4,""other"":0},""atlasexp-worker-w00-cpu-06-e81e93"":{""active"":0,""idle"":4,""other"":0},""atlasexp-worker-w00-cpu-07-40277b"":{""active"":0,""idle"":4,""other"":0}}"
2026-09-30T13:54:31.109890052Z,bench-cpu-w8-best-fit-r500-t2,0.560467,,0,37,0,0.000000,1881.808000,0,0,0,0,0,,0,0,"{""atlasexp-api-0ed5f5"":{""active"":0,""idle"":4,""other"":0},""atlasexp-scheduler-best-fit-c163dd"":{""active"":0,""idle"":2,""other"":0},""atlasexp-worker-w00-cpu-00-e089a9"":{""active"":0,""idle"":4,""other"":0},""atlasexp-worker-w00-cpu-01-584c93"":{""active"":0,""idle"":4,""other"":0},""atlasexp-worker-w00-cpu-02-a78d88"":{""active"":0,""idle"":4,""other"":0},""atlasexp-worker-w00-cpu-03-9fa922"":{""active"":0,""idle"":4,""other"":0},""atlasexp-worker-w00-cpu-04-1ad602"":{""active"":0,""idle"":4,""other"":0},""atlasexp-worker-w00-cpu-05-54f63a"":{""active"":0,""idle"":4,""other"":0},""atlasexp-worker-w00-cpu-06-e81e93"":{""active"":0,""idle"":4,""other"":0},""atlasexp-worker-w00-cpu-07-40277b"":{""active"":0,""idle"":3,""other"":1}}"
2026-09-30T13:54:31.359993781Z,bench-cpu-w8-best-fit-r500-t2,0.559768,,0,37,0,0.000000,2131.876000,0,0,0,0,0,,0,0,"{""atlasexp-api-0ed5f5"":{""active"":0,""idle"":4,""other"":0},""atlasexp-scheduler-best-fit-c163dd"":{""active"":0,""idle"":1,""other"":1},""atlasexp-worker-w00-cpu-00-e089a9"":{""active"":0,""idle"":4,""other"":0},""atlasexp-worker-w00-cpu-01-584c93"":{""active"":0,""idle"":4,""other"":0},""atlasexp-worker-w00-cpu-02-a78d88"":{""active"":0,""idle"":4,""other"":0},""atlasexp-worker-w00-cpu-03-9fa922"":{""active"":0,""idle"":4,""other"":0},""atlasexp-worker-w00-cpu-04-1ad602"":{""active"":0,""idle"":4,""other"":0},""atlasexp-worker-w00-cpu-05-54f63a"":{""active"":0,""idle"":4,""other"":0},""atlasexp-worker-w00-cpu-06-e81e93"":{""active"":0,""idle"":4,""other"":0},""atlasexp-worker-w00-cpu-07-40277b"":{""active"":0,""idle"":4,""other"":0}}"
2026-09-30T13:54:31.609743682Z,bench-cpu-w8-best-fit-r500-t2,0.360361,,1,37,0,0.000000,2381.636000,0,0,0,0,0,,0,0,"{""atlasexp-api-0ed5f5"":{""active"":0,""idle"":4,""other"":0},""atlasexp-scheduler-best-fit-c163dd"":{""active"":1,""idle"":1,""other"":0},""atlasexp-worker-w00-cpu-00-e089a9"":{""active"":0,""idle"":4,""other"":0},""atlasexp-worker-w00-cpu-01-584c93"":{""active"":0,""idle"":4,""other"":0},""atlasexp-worker-w00-cpu-02-a78d88"":{""active"":0,""idle"":4,""other"":0},""atlasexp-worker-w00-cpu-03-9fa922"":{""active"":0,""idle"":4,""other"":0},""atlasexp-worker-w00-cpu-04-1ad602"":{""active"":0,""idle"":4,""other"":0},""atlasexp-worker-w00-cpu-05-54f63a"":{""active"":0,""idle"":4,""other"":0},""atlasexp-worker-w00-cpu-06-e81e93"":{""active"":0,""idle"":4,""other"":0},""atlasexp-worker-w00-cpu-07-40277b"":{""active"":0,""idle"":4,""other"":0}}"
2026-09-30T13:54:31.860154669Z,bench-cpu-w8-best-fit-r500-t2,0.399344,,0,38,0,0.000000,,0,0,0,0,0,,0,0,"{""atlasexp-api-0ed5f5"":{""active"":0,""idle"":4,""other"":0},""atlasexp-scheduler-best-fit-c163dd"":{""active"":0,""idle"":2,""other"":0},""atlasexp-worker-w00-cpu-00-e089a9"":{""active"":0,""idle"":4,""other"":0},""atlasexp-worker-w00-cpu-01-584c93"":{""active"":0,""idle"":4,""other"":0},""atlasexp-worker-w00-cpu-02-a78d88"":{""active"":0,""idle"":4,""other"":0},""atlasexp-worker-w00-cpu-03-9fa922"":{""active"":0,""idle"":4,""other"":0},""atlasexp-worker-w00-cpu-04-1ad602"":{""active"":0,""idle"":4,""other"":0},""atlasexp-worker-w00-cpu-05-54f63a"":{""active"":0,""idle"":4,""other"":0},""atlasexp-worker-w00-cpu-06-e81e93"":{""active"":0,""idle"":4,""other"":0},""atlasexp-worker-w00-cpu-07-40277b"":{""active"":0,""idle"":4,""other"":0}}"
2026-09-30T13:54:32.109457854Z,bench-cpu-w8-best-fit-r500-t3,0.681901,,3,33,3,1.000000,84.720000,0,0,0,0,0,,0,0,"{""atlasexp-api-0ed5f5"":{""active"":3,""idle"":0,""other"":1},""atlasexp-scheduler-best-fit-c163dd"":{""active"":0,""idle"":2,""other"":0},""atlasexp-worker-w00-cpu-00-e089a9"":{""active"":0,""idle"":4,""other"":0},""atlasexp-worker-w00-cpu-01-584c93"":{""active"":0,""idle"":4,""other"":0},""atlasexp-worker-w00-cpu-02-a78d88"":{""active"":0,""idle"":3,""other"":1},""atlasexp-worker-w00-cpu-03-9fa922"":{""active"":0,""idle"":4,""other"":0},""atlasexp-worker-w00-cpu-04-1ad602"":{""active"":0,""idle"":4,""other"":0},""atlasexp-worker-w00-cpu-05-54f63a"":{""active"":0,""idle"":4,""other"":0},""atlasexp-worker-w00-cpu-06-e81e93"":{""active"":0,""idle"":4,""other"":0},""atlasexp-worker-w00-cpu-07-40277b"":{""active"":0,""idle"":4,""other"":0}}"
2026-09-30T13:54:32.359811793Z,bench-cpu-w8-best-fit-r500-t3,0.519265,,4,33,4,1.000000,335.259000,0,0,0,0,0,,0,0,"{""atlasexp-api-0ed5f5"":{""active"":3,""idle"":0,""other"":1},""atlasexp-scheduler-best-fit-c163dd"":{""active"":1,""idle"":1,""other"":0},""atlasexp-worker-w00-cpu-00-e089a9"":{""active"":0,""idle"":4,""other"":0},""atlasexp-worker-w00-cpu-01-584c93"":{""active"":0,""idle"":4,""other"":0},""atlasexp-worker-w00-cpu-02-a78d88"":{""active"":0,""idle"":4,""other"":0},""atlasexp-worker-w00-cpu-03-9fa922"":{""active"":0,""idle"":4,""other"":0},""atlasexp-worker-w00-cpu-04-1ad602"":{""active"":0,""idle"":4,""other"":0},""atlasexp-worker-w00-cpu-05-54f63a"":{""active"":0,""idle"":4,""other"":0},""atlasexp-worker-w00-cpu-06-e81e93"":{""active"":0,""idle"":4,""other"":0},""atlasexp-worker-w00-cpu-07-40277b"":{""active"":0,""idle"":4,""other"":0}}"
2026-09-30T13:54:32.609501992Z,bench-cpu-w8-best-fit-r500-t3,0.720893,,3,34,2,0.666667,585.122000,0,0,0,0,0,,0,0,"{""atlasexp-api-0ed5f5"":{""active"":2,""idle"":1,""other"":1},""atlasexp-scheduler-best-fit-c163dd"":{""active"":1,""idle"":1,""other"":0},""atlasexp-worker-w00-cpu-00-e089a9"":{""active"":0,""idle"":4,""other"":0},""atlasexp-worker-w00-cpu-01-584c93"":{""active"":0,""idle"":4,""other"":0},""atlasexp-worker-w00-cpu-02-a78d88"":{""active"":0,""idle"":4,""other"":0},""atlasexp-worker-w00-cpu-03-9fa922"":{""active"":0,""idle"":4,""other"":0},""atlasexp-worker-w00-cpu-04-1ad602"":{""active"":0,""idle"":4,""other"":0},""atlasexp-worker-w00-cpu-05-54f63a"":{""active"":0,""idle"":4,""other"":0},""atlasexp-worker-w00-cpu-06-e81e93"":{""active"":0,""idle"":4,""other"":0},""atlasexp-worker-w00-cpu-07-40277b"":{""active"":0,""idle"":4,""other"":0}}"
2026-09-30T13:54:32.860175989Z,bench-cpu-w8-best-fit-r500-t3,0.678172,,1,30,0,0.000000,835.794000,0,0,0,0,0,,0,0,"{""atlasexp-api-0ed5f5"":{""active"":0,""idle"":4,""other"":0},""atlasexp-scheduler-best-fit-c163dd"":{""active"":1,""idle"":1,""other"":0},""atlasexp-worker-w00-cpu-00-e089a9"":{""active"":0,""idle"":2,""other"":2},""atlasexp-worker-w00-cpu-01-584c93"":{""active"":0,""idle"":3,""other"":1},""atlasexp-worker-w00-cpu-02-a78d88"":{""active"":0,""idle"":4,""other"":0},""atlasexp-worker-w00-cpu-03-9fa922"":{""active"":0,""idle"":4,""other"":0},""atlasexp-worker-w00-cpu-04-1ad602"":{""active"":0,""idle"":4,""other"":0},""atlasexp-worker-w00-cpu-05-54f63a"":{""active"":0,""idle"":3,""other"":1},""atlasexp-worker-w00-cpu-06-e81e93"":{""active"":0,""idle"":2,""other"":2},""atlasexp-worker-w00-cpu-07-40277b"":{""active"":0,""idle"":3,""other"":1}}"
2026-09-30T13:54:33.110464856Z,bench-cpu-w8-best-fit-r500-t3,0.319631,,0,36,0,0.000000,1086.079000,0,0,0,0,0,,0,0,"{""atlasexp-api-0ed5f5"":{""active"":0,""idle"":4,""other"":0},""atlasexp-scheduler-best-fit-c163dd"":{""active"":0,""idle"":1,""other"":1},""atlasexp-worker-w00-cpu-00-e089a9"":{""active"":0,""idle"":4,""other"":0},""atlasexp-worker-w00-cpu-01-584c93"":{""active"":0,""idle"":4,""other"":0},""atlasexp-worker-w00-cpu-02-a78d88"":{""active"":0,""idle"":4,""other"":0},""atlasexp-worker-w00-cpu-03-9fa922"":{""active"":0,""idle"":3,""other"":1},""atlasexp-worker-w00-cpu-04-1ad602"":{""active"":0,""idle"":4,""other"":0},""atlasexp-worker-w00-cpu-05-54f63a"":{""active"":0,""idle"":4,""other"":0},""atlasexp-worker-w00-cpu-06-e81e93"":{""active"":0,""idle"":4,""other"":0},""atlasexp-worker-w00-cpu-07-40277b"":{""active"":0,""idle"":4,""other"":0}}"
2026-09-30T13:54:33.359999835Z,bench-cpu-w8-best-fit-r500-t3,0.440820,,1,37,0,0.000000,1335.393000,0,0,0,0,0,,0,0,"{""atlasexp-api-0ed5f5"":{""active"":0,""idle"":4,""other"":0},""atlasexp-scheduler-best-fit-c163dd"":{""active"":1,""idle"":1,""other"":0},""atlasexp-worker-w00-cpu-00-e089a9"":{""active"":0,""idle"":4,""other"":0},""atlasexp-worker-w00-cpu-01-584c93"":{""active"":0,""idle"":4,""other"":0},""atlasexp-worker-w00-cpu-02-a78d88"":{""active"":0,""idle"":4,""other"":0},""atlasexp-worker-w00-cpu-03-9fa922"":{""active"":0,""idle"":4,""other"":0},""atlasexp-worker-w00-cpu-04-1ad602"":{""active"":0,""idle"":4,""other"":0},""atlasexp-worker-w00-cpu-05-54f63a"":{""active"":0,""idle"":4,""other"":0},""atlasexp-worker-w00-cpu-06-e81e93"":{""active"":0,""idle"":4,""other"":0},""atlasexp-worker-w00-cpu-07-40277b"":{""active"":0,""idle"":4,""other"":0}}"
2026-09-30T13:54:33.610441849Z,bench-cpu-w8-best-fit-r500-t3,0.439223,,0,36,0,0.000000,1585.808000,0,0,0,0,0,,0,0,"{""atlasexp-api-0ed5f5"":{""active"":0,""idle"":4,""other"":0},""atlasexp-scheduler-best-fit-c163dd"":{""active"":0,""idle"":1,""other"":1},""atlasexp-worker-w00-cpu-00-e089a9"":{""active"":0,""idle"":4,""other"":0},""atlasexp-worker-w00-cpu-01-584c93"":{""active"":0,""idle"":3,""other"":1},""atlasexp-worker-w00-cpu-02-a78d88"":{""active"":0,""idle"":4,""other"":0},""atlasexp-worker-w00-cpu-03-9fa922"":{""active"":0,""idle"":4,""other"":0},""atlasexp-worker-w00-cpu-04-1ad602"":{""active"":0,""idle"":4,""other"":0},""atlasexp-worker-w00-cpu-05-54f63a"":{""active"":0,""idle"":4,""other"":0},""atlasexp-worker-w00-cpu-06-e81e93"":{""active"":0,""idle"":4,""other"":0},""atlasexp-worker-w00-cpu-07-40277b"":{""active"":0,""idle"":4,""other"":0}}"
2026-09-30T13:54:33.85995215Z,bench-cpu-w8-best-fit-r500-t3,0.480942,,0,37,0,0.000000,1228.974000,0,0,0,0,0,,0,0,"{""atlasexp-api-0ed5f5"":{""active"":0,""idle"":4,""other"":0},""atlasexp-scheduler-best-fit-c163dd"":{""active"":0,""idle"":1,""other"":1},""atlasexp-worker-w00-cpu-00-e089a9"":{""active"":0,""idle"":4,""other"":0},""atlasexp-worker-w00-cpu-01-584c93"":{""active"":0,""idle"":4,""other"":0},""atlasexp-worker-w00-cpu-02-a78d88"":{""active"":0,""idle"":4,""other"":0},""atlasexp-worker-w00-cpu-03-9fa922"":{""active"":0,""idle"":4,""other"":0},""atlasexp-worker-w00-cpu-04-1ad602"":{""active"":0,""idle"":4,""other"":0},""atlasexp-worker-w00-cpu-05-54f63a"":{""active"":0,""idle"":4,""other"":0},""atlasexp-worker-w00-cpu-06-e81e93"":{""active"":0,""idle"":4,""other"":0},""atlasexp-worker-w00-cpu-07-40277b"":{""active"":0,""idle"":4,""other"":0}}"
2026-09-30T13:54:34.11047158Z,bench-cpu-w8-best-fit-r500-t3,0.399171,,0,38,0,0.000000,1479.610000,0,0,0,0,0,,0,0,"{""atlasexp-api-0ed5f5"":{""active"":0,""idle"":4,""other"":0},""atlasexp-scheduler-best-fit-c163dd"":{""active"":0,""idle"":2,""other"":0},""atlasexp-worker-w00-cpu-00-e089a9"":{""active"":0,""idle"":4,""other"":0},""atlasexp-worker-w00-cpu-01-584c93"":{""active"":0,""idle"":4,""other"":0},""atlasexp-worker-w00-cpu-02-a78d88"":{""active"":0,""idle"":4,""other"":0},""atlasexp-worker-w00-cpu-03-9fa922"":{""active"":0,""idle"":4,""other"":0},""atlasexp-worker-w00-cpu-04-1ad602"":{""active"":0,""idle"":4,""other"":0},""atlasexp-worker-w00-cpu-05-54f63a"":{""active"":0,""idle"":4,""other"":0},""atlasexp-worker-w00-cpu-06-e81e93"":{""active"":0,""idle"":4,""other"":0},""atlasexp-worker-w00-cpu-07-40277b"":{""active"":0,""idle"":4,""other"":0}}"
2026-09-30T13:54:34.359778883Z,bench-cpu-w8-best-fit-r500-t3,0.681889,,1,36,0,0.000000,1728.888000,0,0,0,0,0,,0,0,"{""atlasexp-api-0ed5f5"":{""active"":0,""idle"":4,""other"":0},""atlasexp-scheduler-best-fit-c163dd"":{""active"":0,""idle"":1,""other"":1},""atlasexp-worker-w00-cpu-00-e089a9"":{""active"":0,""idle"":4,""other"":0},""atlasexp-worker-w00-cpu-01-584c93"":{""active"":1,""idle"":3,""other"":0},""atlasexp-worker-w00-cpu-02-a78d88"":{""active"":0,""idle"":4,""other"":0},""atlasexp-worker-w00-cpu-03-9fa922"":{""active"":0,""idle"":4,""other"":0},""atlasexp-worker-w00-cpu-04-1ad602"":{""active"":0,""idle"":4,""other"":0},""atlasexp-worker-w00-cpu-05-54f63a"":{""active"":0,""idle"":4,""other"":0},""atlasexp-worker-w00-cpu-06-e81e93"":{""active"":0,""idle"":4,""other"":0},""atlasexp-worker-w00-cpu-07-40277b"":{""active"":0,""idle"":4,""other"":0}}"
2026-09-30T13:54:34.610331132Z,bench-cpu-w8-best-fit-r500-t3,0.399118,,2,34,0,0.000000,1979.478000,0,0,0,0,0,,0,0,"{""atlasexp-api-0ed5f5"":{""active"":0,""idle"":4,""other"":0},""atlasexp-scheduler-best-fit-c163dd"":{""active"":0,""idle"":2,""other"":0},""atlasexp-worker-w00-cpu-00-e089a9"":{""active"":0,""idle"":2,""other"":2},""atlasexp-worker-w00-cpu-01-584c93"":{""active"":0,""idle"":4,""other"":0},""atlasexp-worker-w00-cpu-02-a78d88"":{""active"":0,""idle"":4,""other"":0},""atlasexp-worker-w00-cpu-03-9fa922"":{""active"":0,""idle"":4,""other"":0},""atlasexp-worker-w00-cpu-04-1ad602"":{""active"":0,""idle"":4,""other"":0},""atlasexp-worker-w00-cpu-05-54f63a"":{""active"":0,""idle"":4,""other"":0},""atlasexp-worker-w00-cpu-06-e81e93"":{""active"":0,""idle"":4,""other"":0},""atlasexp-worker-w00-cpu-07-40277b"":{""active"":2,""idle"":2,""other"":0}}"
2026-09-30T13:54:34.860485238Z,bench-cpu-w8-best-fit-r500-t3,0.439729,,0,37,0,0.000000,2229.703000,0,0,0,0,0,,0,0,"{""atlasexp-api-0ed5f5"":{""active"":0,""idle"":4,""other"":0},""atlasexp-scheduler-best-fit-c163dd"":{""active"":0,""idle"":2,""other"":0},""atlasexp-worker-w00-cpu-00-e089a9"":{""active"":0,""idle"":4,""other"":0},""atlasexp-worker-w00-cpu-01-584c93"":{""active"":0,""idle"":4,""other"":0},""atlasexp-worker-w00-cpu-02-a78d88"":{""active"":0,""idle"":4,""other"":0},""atlasexp-worker-w00-cpu-03-9fa922"":{""active"":0,""idle"":4,""other"":0},""atlasexp-worker-w00-cpu-04-1ad602"":{""active"":0,""idle"":4,""other"":0},""atlasexp-worker-w00-cpu-05-54f63a"":{""active"":0,""idle"":4,""other"":0},""atlasexp-worker-w00-cpu-06-e81e93"":{""active"":0,""idle"":4,""other"":0},""atlasexp-worker-w00-cpu-07-40277b"":{""active"":0,""idle"":3,""other"":1}}"
2026-09-30T13:54:35.109763446Z,bench-cpu-w8-best-fit-r500-t3,0.561621,,1,37,0,0.000000,1353.927000,0,0,0,0,0,,0,0,"{""atlasexp-api-0ed5f5"":{""active"":0,""idle"":4,""other"":0},""atlasexp-scheduler-best-fit-c163dd"":{""active"":0,""idle"":2,""other"":0},""atlasexp-worker-w00-cpu-00-e089a9"":{""active"":0,""idle"":4,""other"":0},""atlasexp-worker-w00-cpu-01-584c93"":{""active"":0,""idle"":4,""other"":0},""atlasexp-worker-w00-cpu-02-a78d88"":{""active"":0,""idle"":4,""other"":0},""atlasexp-worker-w00-cpu-03-9fa922"":{""active"":0,""idle"":4,""other"":0},""atlasexp-worker-w00-cpu-04-1ad602"":{""active"":0,""idle"":4,""other"":0},""atlasexp-worker-w00-cpu-05-54f63a"":{""active"":1,""idle"":3,""other"":0},""atlasexp-worker-w00-cpu-06-e81e93"":{""active"":0,""idle"":4,""other"":0},""atlasexp-worker-w00-cpu-07-40277b"":{""active"":0,""idle"":4,""other"":0}}"
