at,scenario_id,db_cpu_core_equivalents,proc_cpu_error,active_app_connections,idle_app_connections,lock_waiters,sampled_lock_wait_fraction,oldest_ready_age_ms,gpu_reserved_vram_mb,gpu_capacity_vram_mb,gpu_free_vram_mb,gpu_available_devices,gpu_reserved_devices,gpu_reservation_ratio,subthreshold_available_vram_slack_for_16gb_job_mb,whole_device_stranded_vram_mb,connections_by_application
2026-09-30T13:44:43.85632175Z,startup,,CPU sampler warming up,0,33,0,0.000000,,0,81920,81920,4,0,0.000000,16384,0,"{""atlasexp-api-353b42"":{""active"":0,""idle"":1,""other"":0},""atlasexp-worker-w00-cpu-00-9b6fa2"":{""active"":0,""idle"":4,""other"":0},""atlasexp-worker-w00-cpu-01-b9ac24"":{""active"":0,""idle"":4,""other"":0},""atlasexp-worker-w00-cpu-02-30d07e"":{""active"":0,""idle"":4,""other"":0},""atlasexp-worker-w00-cpu-03-69c33b"":{""active"":0,""idle"":4,""other"":0},""atlasexp-worker-w10-gpu-large-00-4b815b"":{""active"":0,""idle"":4,""other"":0},""atlasexp-worker-w10-gpu-large-01-41e674"":{""active"":0,""idle"":4,""other"":0},""atlasexp-worker-w20-gpu-small-00-583427"":{""active"":0,""idle"":4,""other"":0},""atlasexp-worker-w20-gpu-small-01-f47ba8"":{""active"":0,""idle"":4,""other"":0}}"
2026-09-30T13:44:44.106128681Z,bench-mixed-w8-first-fit-ropen-t1,0.120093,,2,32,2,1.000000,,0,81920,81920,4,0,0.000000,16384,0,"{""atlasexp-api-353b42"":{""active"":2,""idle"":1,""other"":1},""atlasexp-scheduler-first-fit-654114"":{""active"":0,""idle"":1,""other"":0},""atlasexp-worker-w00-cpu-00-9b6fa2"":{""active"":0,""idle"":4,""other"":0},""atlasexp-worker-w00-cpu-01-b9ac24"":{""active"":0,""idle"":4,""other"":0},""atlasexp-worker-w00-cpu-02-30d07e"":{""active"":0,""idle"":4,""other"":0},""atlasexp-worker-w00-cpu-03-69c33b"":{""active"":0,""idle"":4,""other"":0},""atlasexp-worker-w10-gpu-large-00-4b815b"":{""active"":0,""idle"":4,""other"":0},""atlasexp-worker-w10-gpu-large-01-41e674"":{""active"":0,""idle"":4,""other"":0},""atlasexp-worker-w20-gpu-small-00-583427"":{""active"":0,""idle"":4,""other"":0},""atlasexp-worker-w20-gpu-small-01-f47ba8"":{""active"":0,""idle"":2,""other"":2}}"
2026-09-30T13:44:44.356744112Z,bench-mixed-w8-first-fit-ropen-t1,0.399018,,5,33,4,0.800000,238.213000,0,81920,81920,4,0,0.000000,16384,0,"{""atlasexp-api-353b42"":{""active"":4,""idle"":0,""other"":0},""atlasexp-scheduler-first-fit-654114"":{""active"":1,""idle"":1,""other"":0},""atlasexp-worker-w00-cpu-00-9b6fa2"":{""active"":0,""idle"":4,""other"":0},""atlasexp-worker-w00-cpu-01-b9ac24"":{""active"":0,""idle"":4,""other"":0},""atlasexp-worker-w00-cpu-02-30d07e"":{""active"":0,""idle"":4,""other"":0},""atlasexp-worker-w00-cpu-03-69c33b"":{""active"":0,""idle"":4,""other"":0},""atlasexp-worker-w10-gpu-large-00-4b815b"":{""active"":0,""idle"":4,""other"":0},""atlasexp-worker-w10-gpu-large-01-41e674"":{""active"":0,""idle"":4,""other"":0},""atlasexp-worker-w20-gpu-small-00-583427"":{""active"":0,""idle"":4,""other"":0},""atlasexp-worker-w20-gpu-small-01-f47ba8"":{""active"":0,""idle"":4,""other"":0}}"
2026-09-30T13:44:44.606770201Z,bench-mixed-w8-first-fit-ropen-t1,0.959900,,5,32,4,0.800000,488.355000,0,81920,81920,4,0,0.000000,16384,0,"{""atlasexp-api-353b42"":{""active"":4,""idle"":0,""other"":0},""atlasexp-scheduler-first-fit-654114"":{""active"":1,""idle"":1,""other"":0},""atlasexp-worker-w00-cpu-00-9b6fa2"":{""active"":0,""idle"":4,""other"":0},""atlasexp-worker-w00-cpu-01-b9ac24"":{""active"":0,""idle"":4,""other"":0},""atlasexp-worker-w00-cpu-02-30d07e"":{""active"":0,""idle"":3,""other"":1},""atlasexp-worker-w00-cpu-03-69c33b"":{""active"":0,""idle"":4,""other"":0},""atlasexp-worker-w10-gpu-large-00-4b815b"":{""active"":0,""idle"":4,""other"":0},""atlasexp-worker-w10-gpu-large-01-41e674"":{""active"":0,""idle"":4,""other"":0},""atlasexp-worker-w20-gpu-small-00-583427"":{""active"":0,""idle"":4,""other"":0},""atlasexp-worker-w20-gpu-small-01-f47ba8"":{""active"":0,""idle"":4,""other"":0}}"
2026-09-30T13:44:44.856778558Z,bench-mixed-w8-first-fit-ropen-t1,0.479984,,0,37,0,0.000000,738.476000,0,81920,81920,4,0,0.000000,16384,0,"{""atlasexp-api-353b42"":{""active"":0,""idle"":4,""other"":0},""atlasexp-scheduler-first-fit-654114"":{""active"":0,""idle"":2,""other"":0},""atlasexp-worker-w00-cpu-00-9b6fa2"":{""active"":0,""idle"":4,""other"":0},""atlasexp-worker-w00-cpu-01-b9ac24"":{""active"":0,""idle"":3,""other"":1},""atlasexp-worker-w00-cpu-02-30d07e"":{""active"":0,""idle"":4,""other"":0},""atlasexp-worker-w00-cpu-03-69c33b"":{""active"":0,""idle"":4,""other"":0},""atlasexp-worker-w10-gpu-large-00-4b815b"":{""active"":0,""idle"":4,""other"":0},""atlasexp-worker-w10-gpu-large-01-41e674"":{""active"":0,""idle"":4,""other"":0},""atlasexp-worker-w20-gpu-small-00-583427"":{""active"":0,""idle"":4,""other"":0},""atlasexp-worker-w20-gpu-small-01-f47ba8"":{""active"":0,""idle"":4,""other"":0}}"
2026-09-30T13:44:45.106939219Z,bench-mixed-w8-first-fit-ropen-t1,0.359769,,1,34,0,0.000000,988.639000,0,81920,81920,4,0,0.000000,16384,0,"{""atlasexp-api-353b42"":{""active"":0,""idle"":4,""other"":0},""atlasexp-scheduler-first-fit-654114"":{""active"":0,""idle"":2,""other"":0},""atlasexp-worker-w00-cpu-00-9b6fa2"":{""active"":0,""idle"":4,""other"":0},""atlasexp-worker-w00-cpu-01-b9ac24"":{""active"":0,""idle"":1,""other"":3},""atlasexp-worker-w00-cpu-02-30d07e"":{""active"":0,""idle"":4,""other"":0},""atlasexp-worker-w00-cpu-03-69c33b"":{""active"":0,""idle"":4,""other"":0},""atlasexp-worker-w10-gpu-large-00-4b815b"":{""active"":0,""idle"":4,""other"":0},""atlasexp-worker-w10-gpu-large-01-41e674"":{""active"":0,""idle"":4,""other"":0},""atlasexp-worker-w20-gpu-small-00-583427"":{""active"":0,""idle"":4,""other"":0},""atlasexp-worker-w20-gpu-small-01-f47ba8"":{""active"":1,""idle"":3,""other"":0}}"
2026-09-30T13:44:45.356392588Z,bench-mixed-w8-first-fit-ropen-t1,0.561227,,3,35,0,0.000000,1237.961000,8192,81920,65536,2,2,0.100000,0,8192,"{""atlasexp-api-353b42"":{""active"":0,""idle"":4,""other"":0},""atlasexp-scheduler-first-fit-654114"":{""active"":1,""idle"":1,""other"":0},""atlasexp-worker-w00-cpu-00-9b6fa2"":{""active"":0,""idle"":4,""other"":0},""atlasexp-worker-w00-cpu-01-b9ac24"":{""active"":0,""idle"":4,""other"":0},""atlasexp-worker-w00-cpu-02-30d07e"":{""active"":0,""idle"":4,""other"":0},""atlasexp-worker-w00-cpu-03-69c33b"":{""active"":0,""idle"":4,""other"":0},""atlasexp-worker-w10-gpu-large-00-4b815b"":{""active"":2,""idle"":2,""other"":0},""atlasexp-worker-w10-gpu-large-01-41e674"":{""active"":0,""idle"":4,""other"":0},""atlasexp-worker-w20-gpu-small-00-583427"":{""active"":0,""idle"":4,""other"":0},""atlasexp-worker-w20-gpu-small-01-f47ba8"":{""active"":0,""idle"":4,""other"":0}}"
2026-09-30T13:44:45.606523545Z,bench-mixed-w8-first-fit-ropen-t1,0.479749,,0,38,0,0.000000,1488.146000,0,81920,81920,4,0,0.000000,16384,0,"{""atlasexp-api-353b42"":{""active"":0,""idle"":4,""other"":0},""atlasexp-scheduler-first-fit-654114"":{""active"":0,""idle"":2,""other"":0},""atlasexp-worker-w00-cpu-00-9b6fa2"":{""active"":0,""idle"":4,""other"":0},""atlasexp-worker-w00-cpu-01-b9ac24"":{""active"":0,""idle"":4,""other"":0},""atlasexp-worker-w00-cpu-02-30d07e"":{""active"":0,""idle"":4,""other"":0},""atlasexp-worker-w00-cpu-03-69c33b"":{""active"":0,""idle"":4,""other"":0},""atlasexp-worker-w10-gpu-large-00-4b815b"":{""active"":0,""idle"":4,""other"":0},""atlasexp-worker-w10-gpu-large-01-41e674"":{""active"":0,""idle"":4,""other"":0},""atlasexp-worker-w20-gpu-small-00-583427"":{""active"":0,""idle"":4,""other"":0},""atlasexp-worker-w20-gpu-small-01-f47ba8"":{""active"":0,""idle"":4,""other"":0}}"
2026-09-30T13:44:45.856007466Z,bench-mixed-w8-first-fit-ropen-t1,0.280579,,0,36,0,0.000000,1737.609000,0,81920,81920,4,0,0.000000,16384,0,"{""atlasexp-api-353b42"":{""active"":0,""idle"":4,""other"":0},""atlasexp-scheduler-first-fit-654114"":{""active"":0,""idle"":1,""other"":1},""atlasexp-worker-w00-cpu-00-9b6fa2"":{""active"":0,""idle"":4,""other"":0},""atlasexp-worker-w00-cpu-01-b9ac24"":{""active"":0,""idle"":4,""other"":0},""atlasexp-worker-w00-cpu-02-30d07e"":{""active"":0,""idle"":4,""other"":0},""atlasexp-worker-w00-cpu-03-69c33b"":{""active"":0,""idle"":3,""other"":1},""atlasexp-worker-w10-gpu-large-00-4b815b"":{""active"":0,""idle"":4,""other"":0},""atlasexp-worker-w10-gpu-large-01-41e674"":{""active"":0,""idle"":4,""other"":0},""atlasexp-worker-w20-gpu-small-00-583427"":{""active"":0,""idle"":4,""other"":0},""atlasexp-worker-w20-gpu-small-01-f47ba8"":{""active"":0,""idle"":4,""other"":0}}"
2026-09-30T13:44:46.106742764Z,bench-mixed-w8-first-fit-ropen-t1,0.478592,,1,35,0,0.000000,1640.688000,32768,81920,16384,2,2,0.400000,16384,32768,"{""atlasexp-api-353b42"":{""active"":0,""idle"":4,""other"":0},""atlasexp-scheduler-first-fit-654114"":{""active"":0,""idle"":1,""other"":1},""atlasexp-worker-w00-cpu-00-9b6fa2"":{""active"":0,""idle"":4,""other"":0},""atlasexp-worker-w00-cpu-01-b9ac24"":{""active"":0,""idle"":4,""other"":0},""atlasexp-worker-w00-cpu-02-30d07e"":{""active"":0,""idle"":4,""other"":0},""atlasexp-worker-w00-cpu-03-69c33b"":{""active"":0,""idle"":4,""other"":0},""atlasexp-worker-w10-gpu-large-00-4b815b"":{""active"":1,""idle"":3,""other"":0},""atlasexp-worker-w10-gpu-large-01-41e674"":{""active"":0,""idle"":4,""other"":0},""atlasexp-worker-w20-gpu-small-00-583427"":{""active"":0,""idle"":3,""other"":1},""atlasexp-worker-w20-gpu-small-01-f47ba8"":{""active"":0,""idle"":4,""other"":0}}"
2026-09-30T13:44:46.356800548Z,bench-mixed-w8-first-fit-ropen-t1,0.719834,,3,33,0,0.000000,1890.902000,40960,81920,0,0,4,0.500000,0,40960,"{""atlasexp-api-353b42"":{""active"":0,""idle"":4,""other"":0},""atlasexp-scheduler-first-fit-654114"":{""active"":0,""idle"":1,""other"":1},""atlasexp-worker-w00-cpu-00-9b6fa2"":{""active"":0,""idle"":4,""other"":0},""atlasexp-worker-w00-cpu-01-b9ac24"":{""active"":1,""idle"":3,""other"":0},""atlasexp-worker-w00-cpu-02-30d07e"":{""active"":0,""idle"":4,""other"":0},""atlasexp-worker-w00-cpu-03-69c33b"":{""active"":0,""idle"":4,""other"":0},""atlasexp-worker-w10-gpu-large-00-4b815b"":{""active"":0,""idle"":4,""other"":0},""atlasexp-worker-w10-gpu-large-01-41e674"":{""active"":0,""idle"":4,""other"":0},""atlasexp-worker-w20-gpu-small-00-583427"":{""active"":2,""idle"":2,""other"":0},""atlasexp-worker-w20-gpu-small-01-f47ba8"":{""active"":0,""idle"":3,""other"":1}}"
2026-09-30T13:44:46.606802306Z,bench-mixed-w8-first-fit-ropen-t1,0.559996,,2,36,0,0.000000,2140.858000,4096,81920,73728,3,1,0.050000,8192,4096,"{""atlasexp-api-353b42"":{""active"":0,""idle"":4,""other"":0},""atlasexp-scheduler-first-fit-654114"":{""active"":0,""idle"":2,""other"":0},""atlasexp-worker-w00-cpu-00-9b6fa2"":{""active"":1,""idle"":3,""other"":0},""atlasexp-worker-w00-cpu-01-b9ac24"":{""active"":0,""idle"":4,""other"":0},""atlasexp-worker-w00-cpu-02-30d07e"":{""active"":0,""idle"":4,""other"":0},""atlasexp-worker-w00-cpu-03-69c33b"":{""active"":1,""idle"":3,""other"":0},""atlasexp-worker-w10-gpu-large-00-4b815b"":{""active"":0,""idle"":4,""other"":0},""atlasexp-worker-w10-gpu-large-01-41e674"":{""active"":0,""idle"":4,""other"":0},""atlasexp-worker-w20-gpu-small-00-583427"":{""active"":0,""idle"":4,""other"":0},""atlasexp-worker-w20-gpu-small-01-f47ba8"":{""active"":0,""idle"":4,""other"":0}}"
2026-09-30T13:44:46.856310612Z,bench-mixed-w8-first-fit-ropen-t1,0.480946,,1,37,0,0.000000,2390.117000,40960,81920,0,0,4,0.500000,0,40960,"{""atlasexp-api-353b42"":{""active"":0,""idle"":4,""other"":0},""atlasexp-scheduler-first-fit-654114"":{""active"":1,""idle"":1,""other"":0},""atlasexp-worker-w00-cpu-00-9b6fa2"":{""active"":0,""idle"":4,""other"":0},""atlasexp-worker-w00-cpu-01-b9ac24"":{""active"":0,""idle"":4,""other"":0},""atlasexp-worker-w00-cpu-02-30d07e"":{""active"":0,""idle"":4,""other"":0},""atlasexp-worker-w00-cpu-03-69c33b"":{""active"":0,""idle"":4,""other"":0},""atlasexp-worker-w10-gpu-large-00-4b815b"":{""active"":0,""idle"":4,""other"":0},""atlasexp-worker-w10-gpu-large-01-41e674"":{""active"":0,""idle"":4,""other"":0},""atlasexp-worker-w20-gpu-small-00-583427"":{""active"":0,""idle"":4,""other"":0},""atlasexp-worker-w20-gpu-small-01-f47ba8"":{""active"":0,""idle"":4,""other"":0}}"
2026-09-30T13:44:47.106640603Z,bench-mixed-w8-first-fit-ropen-t1,0.479367,,0,38,0,0.000000,2640.641000,4096,81920,73728,3,1,0.050000,8192,4096,"{""atlasexp-api-353b42"":{""active"":0,""idle"":4,""other"":0},""atlasexp-scheduler-first-fit-654114"":{""active"":0,""idle"":2,""other"":0},""atlasexp-worker-w00-cpu-00-9b6fa2"":{""active"":0,""idle"":4,""other"":0},""atlasexp-worker-w00-cpu-01-b9ac24"":{""active"":0,""idle"":4,""other"":0},""atlasexp-worker-w00-cpu-02-30d07e"":{""active"":0,""idle"":4,""other"":0},""atlasexp-worker-w00-cpu-03-69c33b"":{""active"":0,""idle"":4,""other"":0},""atlasexp-worker-w10-gpu-large-00-4b815b"":{""active"":0,""idle"":4,""other"":0},""atlasexp-worker-w10-gpu-large-01-41e674"":{""active"":0,""idle"":4,""other"":0},""atlasexp-worker-w20-gpu-small-00-583427"":{""active"":0,""idle"":4,""other"":0},""atlasexp-worker-w20-gpu-small-01-f47ba8"":{""active"":0,""idle"":4,""other"":0}}"
2026-09-30T13:44:47.357057638Z,bench-mixed-w8-first-fit-ropen-t1,0.319467,,0,38,0,0.000000,1974.679000,16384,81920,0,0,4,0.200000,0,65536,"{""atlasexp-api-353b42"":{""active"":0,""idle"":4,""other"":0},""atlasexp-scheduler-first-fit-654114"":{""active"":0,""idle"":2,""other"":0},""atlasexp-worker-w00-cpu-00-9b6fa2"":{""active"":0,""idle"":4,""other"":0},""atlasexp-worker-w00-cpu-01-b9ac24"":{""active"":0,""idle"":4,""other"":0},""atlasexp-worker-w00-cpu-02-30d07e"":{""active"":0,""idle"":4,""other"":0},""atlasexp-worker-w00-cpu-03-69c33b"":{""active"":0,""idle"":4,""other"":0},""atlasexp-worker-w10-gpu-large-00-4b815b"":{""active"":0,""idle"":4,""other"":0},""atlasexp-worker-w10-gpu-large-01-41e674"":{""active"":0,""idle"":4,""other"":0},""atlasexp-worker-w20-gpu-small-00-583427"":{""active"":0,""idle"":4,""other"":0},""atlasexp-worker-w20-gpu-small-01-f47ba8"":{""active"":0,""idle"":4,""other"":0}}"
2026-09-30T13:44:47.606703731Z,bench-mixed-w8-first-fit-ropen-t1,0.120170,,0,34,0,0.000000,2224.280000,20480,81920,16384,2,2,0.250000,16384,45056,"{""atlasexp-api-353b42"":{""active"":0,""idle"":4,""other"":0},""atlasexp-scheduler-first-fit-654114"":{""active"":0,""idle"":2,""other"":0},""atlasexp-worker-w00-cpu-00-9b6fa2"":{""active"":0,""idle"":2,""other"":2},""atlasexp-worker-w00-cpu-01-b9ac24"":{""active"":0,""idle"":4,""other"":0},""atlasexp-worker-w00-cpu-02-30d07e"":{""active"":0,""idle"":4,""other"":0},""atlasexp-worker-w00-cpu-03-69c33b"":{""active"":0,""idle"":3,""other"":1},""atlasexp-worker-w10-gpu-large-00-4b815b"":{""active"":0,""idle"":4,""other"":0},""atlasexp-worker-w10-gpu-large-01-41e674"":{""active"":0,""idle"":3,""other"":1},""atlasexp-worker-w20-gpu-small-00-583427"":{""active"":0,""idle"":4,""other"":0},""atlasexp-worker-w20-gpu-small-01-f47ba8"":{""active"":0,""idle"":4,""other"":0}}"
2026-09-30T13:44:47.856550069Z,bench-mixed-w8-first-fit-ropen-t1,0.320197,,0,38,0,0.000000,2474.056000,16384,81920,0,0,4,0.200000,0,65536,"{""atlasexp-api-353b42"":{""active"":0,""idle"":4,""other"":0},""atlasexp-scheduler-first-fit-654114"":{""active"":0,""idle"":2,""other"":0},""atlasexp-worker-w00-cpu-00-9b6fa2"":{""active"":0,""idle"":4,""other"":0},""atlasexp-worker-w00-cpu-01-b9ac24"":{""active"":0,""idle"":4,""other"":0},""atlasexp-worker-w00-cpu-02-30d07e"":{""active"":0,""idle"":4,""other"":0},""atlasexp-worker-w00-cpu-03-69c33b"":{""active"":0,""idle"":4,""other"":0},""atlasexp-worker-w10-gpu-large-00-4b815b"":{""active"":0,""idle"":4,""other"":0},""atlasexp-worker-w10-gpu-large-01-41e674"":{""active"":0,""idle"":4,""other"":0},""atlasexp-worker-w20-gpu-small-00-583427"":{""active"":0,""idle"":4,""other"":0},""atlasexp-worker-w20-gpu-small-01-f47ba8"":{""active"":0,""idle"":4,""other"":0}}"
2026-09-30T13:44:48.106880583Z,bench-mixed-w8-first-fit-ropen-t1,0.439419,,0,36,0,0.000000,2724.375000,0,81920,81920,4,0,0.000000,16384,0,"{""atlasexp-api-353b42"":{""active"":0,""idle"":4,""other"":0},""atlasexp-scheduler-first-fit-654114"":{""active"":0,""idle"":2,""other"":0},""atlasexp-worker-w00-cpu-00-9b6fa2"":{""active"":0,""idle"":3,""other"":1},""atlasexp-worker-w00-cpu-01-b9ac24"":{""active"":0,""idle"":3,""other"":1},""atlasexp-worker-w00-cpu-02-30d07e"":{""active"":0,""idle"":4,""other"":0},""atlasexp-worker-w00-cpu-03-69c33b"":{""active"":0,""idle"":4,""other"":0},""atlasexp-worker-w10-gpu-large-00-4b815b"":{""active"":0,""idle"":4,""other"":0},""atlasexp-worker-w10-gpu-large-01-41e674"":{""active"":0,""idle"":4,""other"":0},""atlasexp-worker-w20-gpu-small-00-583427"":{""active"":0,""idle"":4,""other"":0},""atlasexp-worker-w20-gpu-small-01-f47ba8"":{""active"":0,""idle"":4,""other"":0}}"
2026-09-30T13:44:48.356002856Z,bench-mixed-w8-first-fit-ropen-t2,0.321127,,5,33,4,0.800000,37.533000,0,81920,81920,4,0,0.000000,16384,0,"{""atlasexp-api-353b42"":{""active"":4,""idle"":0,""other"":0},""atlasexp-scheduler-first-fit-654114"":{""active"":1,""idle"":1,""other"":0},""atlasexp-worker-w00-cpu-00-9b6fa2"":{""active"":0,""idle"":4,""other"":0},""atlasexp-worker-w00-cpu-01-b9ac24"":{""active"":0,""idle"":4,""other"":0},""atlasexp-worker-w00-cpu-02-30d07e"":{""active"":0,""idle"":4,""other"":0},""atlasexp-worker-w00-cpu-03-69c33b"":{""active"":0,""idle"":4,""other"":0},""atlasexp-worker-w10-gpu-large-00-4b815b"":{""active"":0,""idle"":4,""other"":0},""atlasexp-worker-w10-gpu-large-01-41e674"":{""active"":0,""idle"":4,""other"":0},""atlasexp-worker-w20-gpu-small-00-583427"":{""active"":0,""idle"":4,""other"":0},""atlasexp-worker-w20-gpu-small-01-f47ba8"":{""active"":0,""idle"":4,""other"":0}}"
2026-09-30T13:44:48.607010294Z,bench-mixed-w8-first-fit-ropen-t2,0.597592,,5,33,4,0.800000,288.651000,0,81920,81920,4,0,0.000000,16384,0,"{""atlasexp-api-353b42"":{""active"":4,""idle"":0,""other"":0},""atlasexp-scheduler-first-fit-654114"":{""active"":1,""idle"":1,""other"":0},""atlasexp-worker-w00-cpu-00-9b6fa2"":{""active"":0,""idle"":4,""other"":0},""atlasexp-worker-w00-cpu-01-b9ac24"":{""active"":0,""idle"":4,""other"":0},""atlasexp-worker-w00-cpu-02-30d07e"":{""active"":0,""idle"":4,""other"":0},""atlasexp-worker-w00-cpu-03-69c33b"":{""active"":0,""idle"":4,""other"":0},""atlasexp-worker-w10-gpu-large-00-4b815b"":{""active"":0,""idle"":4,""other"":0},""atlasexp-worker-w10-gpu-large-01-41e674"":{""active"":0,""idle"":4,""other"":0},""atlasexp-worker-w20-gpu-small-00-583427"":{""active"":0,""idle"":4,""other"":0},""atlasexp-worker-w20-gpu-small-01-f47ba8"":{""active"":0,""idle"":4,""other"":0}}"
2026-09-30T13:44:48.856706262Z,bench-mixed-w8-first-fit-ropen-t2,0.921120,,5,31,4,0.800000,538.331000,0,81920,81920,4,0,0.000000,16384,0,"{""atlasexp-api-353b42"":{""active"":3,""idle"":0,""other"":1},""atlasexp-scheduler-first-fit-654114"":{""active"":1,""idle"":1,""other"":0},""atlasexp-worker-w00-cpu-00-9b6fa2"":{""active"":0,""idle"":4,""other"":0},""atlasexp-worker-w00-cpu-01-b9ac24"":{""active"":0,""idle"":4,""other"":0},""atlasexp-worker-w00-cpu-02-30d07e"":{""active"":0,""idle"":4,""other"":0},""atlasexp-worker-w00-cpu-03-69c33b"":{""active"":1,""idle"":3,""other"":0},""atlasexp-worker-w10-gpu-large-00-4b815b"":{""active"":0,""idle"":4,""other"":0},""atlasexp-worker-w10-gpu-large-01-41e674"":{""active"":0,""idle"":4,""other"":0},""atlasexp-worker-w20-gpu-small-00-583427"":{""active"":0,""idle"":4,""other"":0},""atlasexp-worker-w20-gpu-small-01-f47ba8"":{""active"":0,""idle"":3,""other"":1}}"
2026-09-30T13:44:49.10616234Z,bench-mixed-w8-first-fit-ropen-t2,0.761657,,5,33,4,0.800000,787.741000,0,81920,81920,4,0,0.000000,16384,0,"{""atlasexp-api-353b42"":{""active"":4,""idle"":0,""other"":0},""atlasexp-scheduler-first-fit-654114"":{""active"":1,""idle"":1,""other"":0},""atlasexp-worker-w00-cpu-00-9b6fa2"":{""active"":0,""idle"":4,""other"":0},""atlasexp-worker-w00-cpu-01-b9ac24"":{""active"":0,""idle"":4,""other"":0},""atlasexp-worker-w00-cpu-02-30d07e"":{""active"":0,""idle"":4,""other"":0},""atlasexp-worker-w00-cpu-03-69c33b"":{""active"":0,""idle"":4,""other"":0},""atlasexp-worker-w10-gpu-large-00-4b815b"":{""active"":0,""idle"":4,""other"":0},""atlasexp-worker-w10-gpu-large-01-41e674"":{""active"":0,""idle"":4,""other"":0},""atlasexp-worker-w20-gpu-small-00-583427"":{""active"":0,""idle"":4,""other"":0},""atlasexp-worker-w20-gpu-small-01-f47ba8"":{""active"":0,""idle"":4,""other"":0}}"
2026-09-30T13:44:49.356763098Z,bench-mixed-w8-first-fit-ropen-t2,0.399041,,0,36,0,0.000000,1038.361000,0,81920,81920,4,0,0.000000,16384,0,"{""atlasexp-api-353b42"":{""active"":0,""idle"":4,""other"":0},""atlasexp-scheduler-first-fit-654114"":{""active"":0,""idle"":1,""other"":1},""atlasexp-worker-w00-cpu-00-9b6fa2"":{""active"":0,""idle"":4,""other"":0},""atlasexp-worker-w00-cpu-01-b9ac24"":{""active"":0,""idle"":4,""other"":0},""atlasexp-worker-w00-cpu-02-30d07e"":{""active"":0,""idle"":4,""other"":0},""atlasexp-worker-w00-cpu-03-69c33b"":{""active"":0,""idle"":4,""other"":0},""atlasexp-worker-w10-gpu-large-00-4b815b"":{""active"":0,""idle"":4,""other"":0},""atlasexp-worker-w10-gpu-large-01-41e674"":{""active"":0,""idle"":4,""other"":0},""atlasexp-worker-w20-gpu-small-00-583427"":{""active"":0,""idle"":3,""other"":1},""atlasexp-worker-w20-gpu-small-01-f47ba8"":{""active"":0,""idle"":4,""other"":0}}"
2026-09-30T13:44:49.606690566Z,bench-mixed-w8-first-fit-ropen-t2,0.360104,,1,35,0,0.000000,1288.278000,36864,81920,8192,1,3,0.450000,8192,36864,"{""atlasexp-api-353b42"":{""active"":0,""idle"":4,""other"":0},""atlasexp-scheduler-first-fit-654114"":{""active"":0,""idle"":1,""other"":1},""atlasexp-worker-w00-cpu-00-9b6fa2"":{""active"":0,""idle"":3,""other"":1},""atlasexp-worker-w00-cpu-01-b9ac24"":{""active"":0,""idle"":4,""other"":0},""atlasexp-worker-w00-cpu-02-30d07e"":{""active"":0,""idle"":4,""other"":0},""atlasexp-worker-w00-cpu-03-69c33b"":{""active"":0,""idle"":4,""other"":0},""atlasexp-worker-w10-gpu-large-00-4b815b"":{""active"":1,""idle"":3,""other"":0},""atlasexp-worker-w10-gpu-large-01-41e674"":{""active"":0,""idle"":4,""other"":0},""atlasexp-worker-w20-gpu-small-00-583427"":{""active"":0,""idle"":4,""other"":0},""atlasexp-worker-w20-gpu-small-01-f47ba8"":{""active"":0,""idle"":4,""other"":0}}"
2026-09-30T13:44:49.856108515Z,bench-mixed-w8-first-fit-ropen-t2,0.400933,,0,35,0,0.000000,1146.805000,0,81920,81920,4,0,0.000000,16384,0,"{""atlasexp-api-353b42"":{""active"":0,""idle"":4,""other"":0},""atlasexp-scheduler-first-fit-654114"":{""active"":0,""idle"":1,""other"":1},""atlasexp-worker-w00-cpu-00-9b6fa2"":{""active"":0,""idle"":4,""other"":0},""atlasexp-worker-w00-cpu-01-b9ac24"":{""active"":0,""idle"":4,""other"":0},""atlasexp-worker-w00-cpu-02-30d07e"":{""active"":0,""idle"":4,""other"":0},""atlasexp-worker-w00-cpu-03-69c33b"":{""active"":0,""idle"":3,""other"":1},""atlasexp-worker-w10-gpu-large-00-4b815b"":{""active"":0,""idle"":4,""other"":0},""atlasexp-worker-w10-gpu-large-01-41e674"":{""active"":0,""idle"":4,""other"":0},""atlasexp-worker-w20-gpu-small-00-583427"":{""active"":0,""idle"":4,""other"":0},""atlasexp-worker-w20-gpu-small-01-f47ba8"":{""active"":0,""idle"":3,""other"":1}}"
2026-09-30T13:44:50.107058264Z,bench-mixed-w8-first-fit-ropen-t2,0.318789,,0,37,0,0.000000,1397.681000,0,81920,81920,4,0,0.000000,16384,0,"{""atlasexp-api-353b42"":{""active"":0,""idle"":4,""other"":0},""atlasexp-scheduler-first-fit-654114"":{""active"":0,""idle"":1,""other"":1},""atlasexp-worker-w00-cpu-00-9b6fa2"":{""active"":0,""idle"":4,""other"":0},""atlasexp-worker-w00-cpu-01-b9ac24"":{""active"":0,""idle"":4,""other"":0},""atlasexp-worker-w00-cpu-02-30d07e"":{""active"":0,""idle"":4,""other"":0},""atlasexp-worker-w00-cpu-03-69c33b"":{""active"":0,""idle"":4,""other"":0},""atlasexp-worker-w10-gpu-large-00-4b815b"":{""active"":0,""idle"":4,""other"":0},""atlasexp-worker-w10-gpu-large-01-41e674"":{""active"":0,""idle"":4,""other"":0},""atlasexp-worker-w20-gpu-small-00-583427"":{""active"":0,""idle"":4,""other"":0},""atlasexp-worker-w20-gpu-small-01-f47ba8"":{""active"":0,""idle"":4,""other"":0}}"
2026-09-30T13:44:50.356294973Z,bench-mixed-w8-first-fit-ropen-t2,0.441348,,0,36,0,0.000000,1646.802000,4096,81920,73728,3,1,0.050000,8192,4096,"{""atlasexp-api-353b42"":{""active"":0,""idle"":4,""other"":0},""atlasexp-scheduler-first-fit-654114"":{""active"":0,""idle"":1,""other"":1},""atlasexp-worker-w00-cpu-00-9b6fa2"":{""active"":0,""idle"":4,""other"":0},""atlasexp-worker-w00-cpu-01-b9ac24"":{""active"":0,""idle"":4,""other"":0},""atlasexp-worker-w00-cpu-02-30d07e"":{""active"":0,""idle"":4,""other"":0},""atlasexp-worker-w00-cpu-03-69c33b"":{""active"":0,""idle"":4,""other"":0},""atlasexp-worker-w10-gpu-large-00-4b815b"":{""active"":0,""idle"":4,""other"":0},""atlasexp-worker-w10-gpu-large-01-41e674"":{""active"":0,""idle"":3,""other"":1},""atlasexp-worker-w20-gpu-small-00-583427"":{""active"":0,""idle"":4,""other"":0},""atlasexp-worker-w20-gpu-small-01-f47ba8"":{""active"":0,""idle"":4,""other"":0}}"
2026-09-30T13:44:50.606683634Z,bench-mixed-w8-first-fit-ropen-t2,0.559131,,2,36,0,0.000000,1897.451000,4096,81920,49152,3,1,0.050000,16384,28672,"{""atlasexp-api-353b42"":{""active"":0,""idle"":4,""other"":0},""atlasexp-scheduler-first-fit-654114"":{""active"":0,""idle"":2,""other"":0},""atlasexp-worker-w00-cpu-00-9b6fa2"":{""active"":0,""idle"":4,""other"":0},""atlasexp-worker-w00-cpu-01-b9ac24"":{""active"":1,""idle"":3,""other"":0},""atlasexp-worker-w00-cpu-02-30d07e"":{""active"":0,""idle"":4,""other"":0},""atlasexp-worker-w00-cpu-03-69c33b"":{""active"":0,""idle"":4,""other"":0},""atlasexp-worker-w10-gpu-large-00-4b815b"":{""active"":1,""idle"":3,""other"":0},""atlasexp-worker-w10-gpu-large-01-41e674"":{""active"":0,""idle"":4,""other"":0},""atlasexp-worker-w20-gpu-small-00-583427"":{""active"":0,""idle"":4,""other"":0},""atlasexp-worker-w20-gpu-small-01-f47ba8"":{""active"":0,""idle"":4,""other"":0}}"
2026-09-30T13:44:50.856078087Z,bench-mixed-w8-first-fit-ropen-t2,0.521263,,2,35,0,0.000000,2146.698000,36864,81920,8192,1,3,0.450000,8192,36864,"{""atlasexp-api-353b42"":{""active"":0,""idle"":4,""other"":0},""atlasexp-scheduler-first-fit-654114"":{""active"":1,""idle"":1,""other"":0},""atlasexp-worker-w00-cpu-00-9b6fa2"":{""active"":1,""idle"":3,""other"":0},""atlasexp-worker-w00-cpu-01-b9ac24"":{""active"":0,""idle"":4,""other"":0},""atlasexp-worker-w00-cpu-02-30d07e"":{""active"":0,""idle"":4,""other"":0},""atlasexp-worker-w00-cpu-03-69c33b"":{""active"":0,""idle"":3,""other"":1},""atlasexp-worker-w10-gpu-large-00-4b815b"":{""active"":0,""idle"":4,""other"":0},""atlasexp-worker-w10-gpu-large-01-41e674"":{""active"":0,""idle"":4,""other"":0},""atlasexp-worker-w20-gpu-small-00-583427"":{""active"":0,""idle"":4,""other"":0},""atlasexp-worker-w20-gpu-small-01-f47ba8"":{""active"":0,""idle"":4,""other"":0}}"
2026-09-30T13:44:51.106320415Z,bench-mixed-w8-first-fit-ropen-t2,0.599419,,0,37,0,0.000000,2396.860000,8192,81920,40960,2,2,0.100000,8192,32768,"{""atlasexp-api-353b42"":{""active"":0,""idle"":4,""other"":0},""atlasexp-scheduler-first-fit-654114"":{""active"":0,""idle"":2,""other"":0},""atlasexp-worker-w00-cpu-00-9b6fa2"":{""active"":0,""idle"":3,""other"":1},""atlasexp-worker-w00-cpu-01-b9ac24"":{""active"":0,""idle"":4,""other"":0},""atlasexp-worker-w00-cpu-02-30d07e"":{""active"":0,""idle"":4,""other"":0},""atlasexp-worker-w00-cpu-03-69c33b"":{""active"":0,""idle"":4,""other"":0},""atlasexp-worker-w10-gpu-large-00-4b815b"":{""active"":0,""idle"":4,""other"":0},""atlasexp-worker-w10-gpu-large-01-41e674"":{""active"":0,""idle"":4,""other"":0},""atlasexp-worker-w20-gpu-small-00-583427"":{""active"":0,""idle"":4,""other"":0},""atlasexp-worker-w20-gpu-small-01-f47ba8"":{""active"":0,""idle"":4,""other"":0}}"
2026-09-30T13:44:51.35658318Z,bench-mixed-w8-first-fit-ropen-t2,0.599370,,0,37,0,0.000000,2647.057000,8192,81920,40960,2,2,0.100000,8192,32768,"{""atlasexp-api-353b42"":{""active"":0,""idle"":4,""other"":0},""atlasexp-scheduler-first-fit-654114"":{""active"":0,""idle"":2,""other"":0},""atlasexp-worker-w00-cpu-00-9b6fa2"":{""active"":0,""idle"":4,""other"":0},""atlasexp-worker-w00-cpu-01-b9ac24"":{""active"":0,""idle"":3,""other"":1},""atlasexp-worker-w00-cpu-02-30d07e"":{""active"":0,""idle"":4,""other"":0},""atlasexp-worker-w00-cpu-03-69c33b"":{""active"":0,""idle"":4,""other"":0},""atlasexp-worker-w10-gpu-large-00-4b815b"":{""active"":0,""idle"":4,""other"":0},""atlasexp-worker-w10-gpu-large-01-41e674"":{""active"":0,""idle"":4,""other"":0},""atlasexp-worker-w20-gpu-small-00-583427"":{""active"":0,""idle"":4,""other"":0},""atlasexp-worker-w20-gpu-small-01-f47ba8"":{""active"":0,""idle"":4,""other"":0}}"
2026-09-30T13:44:51.606349259Z,bench-mixed-w8-first-fit-ropen-t2,0.200187,,1,37,0,0.000000,1936.844000,4096,81920,73728,3,1,0.050000,8192,4096,"{""atlasexp-api-353b42"":{""active"":0,""idle"":4,""other"":0},""atlasexp-scheduler-first-fit-654114"":{""active"":0,""idle"":2,""other"":0},""atlasexp-worker-w00-cpu-00-9b6fa2"":{""active"":0,""idle"":4,""other"":0},""atlasexp-worker-w00-cpu-01-b9ac24"":{""active"":0,""idle"":4,""other"":0},""atlasexp-worker-w00-cpu-02-30d07e"":{""active"":0,""idle"":4,""other"":0},""atlasexp-worker-w00-cpu-03-69c33b"":{""active"":0,""idle"":4,""other"":0},""atlasexp-worker-w10-gpu-large-00-4b815b"":{""active"":0,""idle"":4,""other"":0},""atlasexp-worker-w10-gpu-large-01-41e674"":{""active"":0,""idle"":4,""other"":0},""atlasexp-worker-w20-gpu-small-00-583427"":{""active"":0,""idle"":4,""other"":0},""atlasexp-worker-w20-gpu-small-01-f47ba8"":{""active"":1,""idle"":3,""other"":0}}"
2026-09-30T13:44:51.856527817Z,bench-mixed-w8-first-fit-ropen-t2,0.239829,,0,36,0,0.000000,2186.878000,24576,81920,8192,1,3,0.300000,8192,49152,"{""atlasexp-api-353b42"":{""active"":0,""idle"":4,""other"":0},""atlasexp-scheduler-first-fit-654114"":{""active"":0,""idle"":2,""other"":0},""atlasexp-worker-w00-cpu-00-9b6fa2"":{""active"":0,""idle"":4,""other"":0},""atlasexp-worker-w00-cpu-01-b9ac24"":{""active"":0,""idle"":4,""other"":0},""atlasexp-worker-w00-cpu-02-30d07e"":{""active"":0,""idle"":4,""other"":0},""atlasexp-worker-w00-cpu-03-69c33b"":{""active"":0,""idle"":4,""other"":0},""atlasexp-worker-w10-gpu-large-00-4b815b"":{""active"":0,""idle"":4,""other"":0},""atlasexp-worker-w10-gpu-large-01-41e674"":{""active"":0,""idle"":2,""other"":2},""atlasexp-worker-w20-gpu-small-00-583427"":{""active"":0,""idle"":4,""other"":0},""atlasexp-worker-w20-gpu-small-01-f47ba8"":{""active"":0,""idle"":4,""other"":0}}"
2026-09-30T13:44:52.106961763Z,bench-mixed-w8-first-fit-ropen-t2,0.359376,,0,38,0,0.000000,2437.578000,12288,81920,8192,1,3,0.150000,8192,61440,"{""atlasexp-api-353b42"":{""active"":0,""idle"":4,""other"":0},""atlasexp-scheduler-first-fit-654114"":{""active"":0,""idle"":2,""other"":0},""atlasexp-worker-w00-cpu-00-9b6fa2"":{""active"":0,""idle"":4,""other"":0},""atlasexp-worker-w00-cpu-01-b9ac24"":{""active"":0,""idle"":4,""other"":0},""atlasexp-worker-w00-cpu-02-30d07e"":{""active"":0,""idle"":4,""other"":0},""atlasexp-worker-w00-cpu-03-69c33b"":{""active"":0,""idle"":4,""other"":0},""atlasexp-worker-w10-gpu-large-00-4b815b"":{""active"":0,""idle"":4,""other"":0},""atlasexp-worker-w10-gpu-large-01-41e674"":{""active"":0,""idle"":4,""other"":0},""atlasexp-worker-w20-gpu-small-00-583427"":{""active"":0,""idle"":4,""other"":0},""atlasexp-worker-w20-gpu-small-01-f47ba8"":{""active"":0,""idle"":4,""other"":0}}"
2026-09-30T13:44:52.356527457Z,bench-mixed-w8-first-fit-ropen-t2,0.280487,,0,38,0,0.000000,2687.055000,20480,81920,40960,2,2,0.250000,8192,20480,"{""atlasexp-api-353b42"":{""active"":0,""idle"":4,""other"":0},""atlasexp-scheduler-first-fit-654114"":{""active"":0,""idle"":2,""other"":0},""atlasexp-worker-w00-cpu-00-9b6fa2"":{""active"":0,""idle"":4,""other"":0},""atlasexp-worker-w00-cpu-01-b9ac24"":{""active"":0,""idle"":4,""other"":0},""atlasexp-worker-w00-cpu-02-30d07e"":{""active"":0,""idle"":4,""other"":0},""atlasexp-worker-w00-cpu-03-69c33b"":{""active"":0,""idle"":4,""other"":0},""atlasexp-worker-w10-gpu-large-00-4b815b"":{""active"":0,""idle"":4,""other"":0},""atlasexp-worker-w10-gpu-large-01-41e674"":{""active"":0,""idle"":4,""other"":0},""atlasexp-worker-w20-gpu-small-00-583427"":{""active"":0,""idle"":4,""other"":0},""atlasexp-worker-w20-gpu-small-01-f47ba8"":{""active"":0,""idle"":4,""other"":0}}"
2026-09-30T13:44:52.606658306Z,bench-mixed-w8-first-fit-ropen-t2,0.319833,,0,38,0,0.000000,2937.147000,4096,81920,73728,3,1,0.050000,8192,4096,"{""atlasexp-api-353b42"":{""active"":0,""idle"":4,""other"":0},""atlasexp-scheduler-first-fit-654114"":{""active"":0,""idle"":2,""other"":0},""atlasexp-worker-w00-cpu-00-9b6fa2"":{""active"":0,""idle"":4,""other"":0},""atlasexp-worker-w00-cpu-01-b9ac24"":{""active"":0,""idle"":4,""other"":0},""atlasexp-worker-w00-cpu-02-30d07e"":{""active"":0,""idle"":4,""other"":0},""atlasexp-worker-w00-cpu-03-69c33b"":{""active"":0,""idle"":4,""other"":0},""atlasexp-worker-w10-gpu-large-00-4b815b"":{""active"":0,""idle"":4,""other"":0},""atlasexp-worker-w10-gpu-large-01-41e674"":{""active"":0,""idle"":4,""other"":0},""atlasexp-worker-w20-gpu-small-00-583427"":{""active"":0,""idle"":4,""other"":0},""atlasexp-worker-w20-gpu-small-01-f47ba8"":{""active"":0,""idle"":4,""other"":0}}"
2026-09-30T13:44:52.856011623Z,bench-mixed-w8-first-fit-ropen-t3,0.401037,,5,33,4,0.800000,37.696000,0,81920,81920,4,0,0.000000,16384,0,"{""atlasexp-api-353b42"":{""active"":4,""idle"":0,""other"":0},""atlasexp-scheduler-first-fit-654114"":{""active"":1,""idle"":1,""other"":0},""atlasexp-worker-w00-cpu-00-9b6fa2"":{""active"":0,""idle"":4,""other"":0},""atlasexp-worker-w00-cpu-01-b9ac24"":{""active"":0,""idle"":4,""other"":0},""atlasexp-worker-w00-cpu-02-30d07e"":{""active"":0,""idle"":4,""other"":0},""atlasexp-worker-w00-cpu-03-69c33b"":{""active"":0,""idle"":4,""other"":0},""atlasexp-worker-w10-gpu-large-00-4b815b"":{""active"":0,""idle"":4,""other"":0},""atlasexp-worker-w10-gpu-large-01-41e674"":{""active"":0,""idle"":4,""other"":0},""atlasexp-worker-w20-gpu-small-00-583427"":{""active"":0,""idle"":4,""other"":0},""atlasexp-worker-w20-gpu-small-01-f47ba8"":{""active"":0,""idle"":4,""other"":0}}"
2026-09-30T13:44:53.106901631Z,bench-mixed-w8-first-fit-ropen-t3,0.637730,,6,31,4,0.666667,288.693000,16384,81920,0,0,4,0.200000,0,65536,"{""atlasexp-api-353b42"":{""active"":4,""idle"":0,""other"":0},""atlasexp-scheduler-first-fit-654114"":{""active"":1,""idle"":1,""other"":0},""atlasexp-worker-w00-cpu-00-9b6fa2"":{""active"":0,""idle"":4,""other"":0},""atlasexp-worker-w00-cpu-01-b9ac24"":{""active"":0,""idle"":4,""other"":0},""atlasexp-worker-w00-cpu-02-30d07e"":{""active"":0,""idle"":4,""other"":0},""atlasexp-worker-w00-cpu-03-69c33b"":{""active"":0,""idle"":4,""other"":0},""atlasexp-worker-w10-gpu-large-00-4b815b"":{""active"":0,""idle"":3,""other"":1},""atlasexp-worker-w10-gpu-large-01-41e674"":{""active"":1,""idle"":3,""other"":0},""atlasexp-worker-w20-gpu-small-00-583427"":{""active"":0,""idle"":4,""other"":0},""atlasexp-worker-w20-gpu-small-01-f47ba8"":{""active"":0,""idle"":4,""other"":0}}"
2026-09-30T13:44:53.356399678Z,bench-mixed-w8-first-fit-ropen-t3,0.681368,,5,33,4,0.800000,538.057000,0,81920,81920,4,0,0.000000,16384,0,"{""atlasexp-api-353b42"":{""active"":4,""idle"":0,""other"":0},""atlasexp-scheduler-first-fit-654114"":{""active"":1,""idle"":1,""other"":0},""atlasexp-worker-w00-cpu-00-9b6fa2"":{""active"":0,""idle"":4,""other"":0},""atlasexp-worker-w00-cpu-01-b9ac24"":{""active"":0,""idle"":4,""other"":0},""atlasexp-worker-w00-cpu-02-30d07e"":{""active"":0,""idle"":4,""other"":0},""atlasexp-worker-w00-cpu-03-69c33b"":{""active"":0,""idle"":4,""other"":0},""atlasexp-worker-w10-gpu-large-00-4b815b"":{""active"":0,""idle"":4,""other"":0},""atlasexp-worker-w10-gpu-large-01-41e674"":{""active"":0,""idle"":4,""other"":0},""atlasexp-worker-w20-gpu-small-00-583427"":{""active"":0,""idle"":4,""other"":0},""atlasexp-worker-w20-gpu-small-01-f47ba8"":{""active"":0,""idle"":4,""other"":0}}"
2026-09-30T13:44:53.60607128Z,bench-mixed-w8-first-fit-ropen-t3,0.720947,,4,33,4,1.000000,787.827000,0,81920,81920,4,0,0.000000,16384,0,"{""atlasexp-api-353b42"":{""active"":3,""idle"":0,""other"":1},""atlasexp-scheduler-first-fit-654114"":{""active"":1,""idle"":1,""other"":0},""atlasexp-worker-w00-cpu-00-9b6fa2"":{""active"":0,""idle"":4,""other"":0},""atlasexp-worker-w00-cpu-01-b9ac24"":{""active"":0,""idle"":4,""other"":0},""atlasexp-worker-w00-cpu-02-30d07e"":{""active"":0,""idle"":4,""other"":0},""atlasexp-worker-w00-cpu-03-69c33b"":{""active"":0,""idle"":4,""other"":0},""atlasexp-worker-w10-gpu-large-00-4b815b"":{""active"":0,""idle"":4,""other"":0},""atlasexp-worker-w10-gpu-large-01-41e674"":{""active"":0,""idle"":4,""other"":0},""atlasexp-worker-w20-gpu-small-00-583427"":{""active"":0,""idle"":4,""other"":0},""atlasexp-worker-w20-gpu-small-01-f47ba8"":{""active"":0,""idle"":4,""other"":0}}"
2026-09-30T13:44:53.856450764Z,bench-mixed-w8-first-fit-ropen-t3,0.519212,,0,37,0,0.000000,1038.058000,0,81920,81920,4,0,0.000000,16384,0,"{""atlasexp-api-353b42"":{""active"":0,""idle"":4,""other"":0},""atlasexp-scheduler-first-fit-654114"":{""active"":0,""idle"":1,""other"":1},""atlasexp-worker-w00-cpu-00-9b6fa2"":{""active"":0,""idle"":4,""other"":0},""atlasexp-worker-w00-cpu-01-b9ac24"":{""active"":0,""idle"":4,""other"":0},""atlasexp-worker-w00-cpu-02-30d07e"":{""active"":0,""idle"":4,""other"":0},""atlasexp-worker-w00-cpu-03-69c33b"":{""active"":0,""idle"":4,""other"":0},""atlasexp-worker-w10-gpu-large-00-4b815b"":{""active"":0,""idle"":4,""other"":0},""atlasexp-worker-w10-gpu-large-01-41e674"":{""active"":0,""idle"":4,""other"":0},""atlasexp-worker-w20-gpu-small-00-583427"":{""active"":0,""idle"":4,""other"":0},""atlasexp-worker-w20-gpu-small-01-f47ba8"":{""active"":0,""idle"":4,""other"":0}}"
2026-09-30T13:44:54.106139337Z,bench-mixed-w8-first-fit-ropen-t3,0.520649,,0,36,0,0.000000,1287.853000,0,81920,81920,4,0,0.000000,16384,0,"{""atlasexp-api-353b42"":{""active"":0,""idle"":4,""other"":0},""atlasexp-scheduler-first-fit-654114"":{""active"":0,""idle"":1,""other"":1},""atlasexp-worker-w00-cpu-00-9b6fa2"":{""active"":0,""idle"":4,""other"":0},""atlasexp-worker-w00-cpu-01-b9ac24"":{""active"":0,""idle"":4,""other"":0},""atlasexp-worker-w00-cpu-02-30d07e"":{""active"":0,""idle"":4,""other"":0},""atlasexp-worker-w00-cpu-03-69c33b"":{""active"":0,""idle"":4,""other"":0},""atlasexp-worker-w10-gpu-large-00-4b815b"":{""active"":0,""idle"":4,""other"":0},""atlasexp-worker-w10-gpu-large-01-41e674"":{""active"":0,""idle"":4,""other"":0},""atlasexp-worker-w20-gpu-small-00-583427"":{""active"":0,""idle"":4,""other"":0},""atlasexp-worker-w20-gpu-small-01-f47ba8"":{""active"":0,""idle"":3,""other"":1}}"
2026-09-30T13:44:54.356893742Z,bench-mixed-w8-first-fit-ropen-t3,0.398797,,1,35,0,0.000000,1538.631000,0,81920,81920,4,0,0.000000,16384,0,"{""atlasexp-api-353b42"":{""active"":0,""idle"":4,""other"":0},""atlasexp-scheduler-first-fit-654114"":{""active"":0,""idle"":1,""other"":1},""atlasexp-worker-w00-cpu-00-9b6fa2"":{""active"":0,""idle"":4,""other"":0},""atlasexp-worker-w00-cpu-01-b9ac24"":{""active"":0,""idle"":4,""other"":0},""atlasexp-worker-w00-cpu-02-30d07e"":{""active"":0,""idle"":4,""other"":0},""atlasexp-worker-w00-cpu-03-69c33b"":{""active"":0,""idle"":4,""other"":0},""atlasexp-worker-w10-gpu-large-00-4b815b"":{""active"":1,""idle"":2,""other"":1},""atlasexp-worker-w10-gpu-large-01-41e674"":{""active"":0,""idle"":4,""other"":0},""atlasexp-worker-w20-gpu-small-00-583427"":{""active"":0,""idle"":4,""other"":0},""atlasexp-worker-w20-gpu-small-01-f47ba8"":{""active"":0,""idle"":4,""other"":0}}"
2026-09-30T13:44:54.60658562Z,bench-mixed-w8-first-fit-ropen-t3,0.360444,,0,37,0,0.000000,1788.417000,0,81920,81920,4,0,0.000000,16384,0,"{""atlasexp-api-353b42"":{""active"":0,""idle"":4,""other"":0},""atlasexp-scheduler-first-fit-654114"":{""active"":0,""idle"":1,""other"":1},""atlasexp-worker-w00-cpu-00-9b6fa2"":{""active"":0,""idle"":4,""other"":0},""atlasexp-worker-w00-cpu-01-b9ac24"":{""active"":0,""idle"":4,""other"":0},""atlasexp-worker-w00-cpu-02-30d07e"":{""active"":0,""idle"":4,""other"":0},""atlasexp-worker-w00-cpu-03-69c33b"":{""active"":0,""idle"":4,""other"":0},""atlasexp-worker-w10-gpu-large-00-4b815b"":{""active"":0,""idle"":4,""other"":0},""atlasexp-worker-w10-gpu-large-01-41e674"":{""active"":0,""idle"":4,""other"":0},""atlasexp-worker-w20-gpu-small-00-583427"":{""active"":0,""idle"":4,""other"":0},""atlasexp-worker-w20-gpu-small-01-f47ba8"":{""active"":0,""idle"":4,""other"":0}}"
2026-09-30T13:44:54.856752286Z,bench-mixed-w8-first-fit-ropen-t3,0.399734,,0,37,0,0.000000,2038.655000,16384,81920,49152,3,1,0.200000,16384,16384,"{""atlasexp-api-353b42"":{""active"":0,""idle"":4,""other"":0},""atlasexp-scheduler-first-fit-654114"":{""active"":0,""idle"":1,""other"":1},""atlasexp-worker-w00-cpu-00-9b6fa2"":{""active"":0,""idle"":4,""other"":0},""atlasexp-worker-w00-cpu-01-b9ac24"":{""active"":0,""idle"":4,""other"":0},""atlasexp-worker-w00-cpu-02-30d07e"":{""active"":0,""idle"":4,""other"":0},""atlasexp-worker-w00-cpu-03-69c33b"":{""active"":0,""idle"":4,""other"":0},""atlasexp-worker-w10-gpu-large-00-4b815b"":{""active"":0,""idle"":4,""other"":0},""atlasexp-worker-w10-gpu-large-01-41e674"":{""active"":0,""idle"":4,""other"":0},""atlasexp-worker-w20-gpu-small-00-583427"":{""active"":0,""idle"":4,""other"":0},""atlasexp-worker-w20-gpu-small-01-f47ba8"":{""active"":0,""idle"":4,""other"":0}}"
2026-09-30T13:44:55.10653697Z,bench-mixed-w8-first-fit-ropen-t3,0.600517,,0,38,0,0.000000,2050.459000,0,81920,81920,4,0,0.000000,16384,0,"{""atlasexp-api-353b42"":{""active"":0,""idle"":4,""other"":0},""atlasexp-scheduler-first-fit-654114"":{""active"":0,""idle"":2,""other"":0},""atlasexp-worker-w00-cpu-00-9b6fa2"":{""active"":0,""idle"":4,""other"":0},""atlasexp-worker-w00-cpu-01-b9ac24"":{""active"":0,""idle"":4,""other"":0},""atlasexp-worker-w00-cpu-02-30d07e"":{""active"":0,""idle"":4,""other"":0},""atlasexp-worker-w00-cpu-03-69c33b"":{""active"":0,""idle"":4,""other"":0},""atlasexp-worker-w10-gpu-large-00-4b815b"":{""active"":0,""idle"":4,""other"":0},""atlasexp-worker-w10-gpu-large-01-41e674"":{""active"":0,""idle"":4,""other"":0},""atlasexp-worker-w20-gpu-small-00-583427"":{""active"":0,""idle"":4,""other"":0},""atlasexp-worker-w20-gpu-small-01-f47ba8"":{""active"":0,""idle"":4,""other"":0}}"
2026-09-30T13:44:55.356003557Z,bench-mixed-w8-first-fit-ropen-t3,0.521112,,3,35,0,0.000000,2299.693000,40960,81920,0,0,4,0.500000,0,40960,"{""atlasexp-api-353b42"":{""active"":0,""idle"":4,""other"":0},""atlasexp-scheduler-first-fit-654114"":{""active"":1,""idle"":1,""other"":0},""atlasexp-worker-w00-cpu-00-9b6fa2"":{""active"":0,""idle"":4,""other"":0},""atlasexp-worker-w00-cpu-01-b9ac24"":{""active"":0,""idle"":4,""other"":0},""atlasexp-worker-w00-cpu-02-30d07e"":{""active"":0,""idle"":4,""other"":0},""atlasexp-worker-w00-cpu-03-69c33b"":{""active"":1,""idle"":3,""other"":0},""atlasexp-worker-w10-gpu-large-00-4b815b"":{""active"":0,""idle"":4,""other"":0},""atlasexp-worker-w10-gpu-large-01-41e674"":{""active"":0,""idle"":4,""other"":0},""atlasexp-worker-w20-gpu-small-00-583427"":{""active"":0,""idle"":4,""other"":0},""atlasexp-worker-w20-gpu-small-01-f47ba8"":{""active"":1,""idle"":3,""other"":0}}"
2026-09-30T13:44:55.606684163Z,bench-mixed-w8-first-fit-ropen-t3,0.598371,,0,36,0,0.000000,1636.373000,4096,81920,73728,3,1,0.050000,8192,4096,"{""atlasexp-api-353b42"":{""active"":0,""idle"":4,""other"":0},""atlasexp-scheduler-first-fit-654114"":{""active"":0,""idle"":2,""other"":0},""atlasexp-worker-w00-cpu-00-9b6fa2"":{""active"":0,""idle"":4,""other"":0},""atlasexp-worker-w00-cpu-01-b9ac24"":{""active"":0,""idle"":3,""other"":1},""atlasexp-worker-w00-cpu-02-30d07e"":{""active"":0,""idle"":4,""other"":0},""atlasexp-worker-w00-cpu-03-69c33b"":{""active"":0,""idle"":3,""other"":1},""atlasexp-worker-w10-gpu-large-00-4b815b"":{""active"":0,""idle"":4,""other"":0},""atlasexp-worker-w10-gpu-large-01-41e674"":{""active"":0,""idle"":4,""other"":0},""atlasexp-worker-w20-gpu-small-00-583427"":{""active"":0,""idle"":4,""other"":0},""atlasexp-worker-w20-gpu-small-01-f47ba8"":{""active"":0,""idle"":4,""other"":0}}"
2026-09-30T13:44:55.85649734Z,bench-mixed-w8-first-fit-ropen-t3,0.560419,,2,36,0,0.000000,1886.115000,16384,81920,0,0,4,0.200000,0,65536,"{""atlasexp-api-353b42"":{""active"":0,""idle"":4,""other"":0},""atlasexp-scheduler-first-fit-654114"":{""active"":1,""idle"":1,""other"":0},""atlasexp-worker-w00-cpu-00-9b6fa2"":{""active"":0,""idle"":4,""other"":0},""atlasexp-worker-w00-cpu-01-b9ac24"":{""active"":0,""idle"":4,""other"":0},""atlasexp-worker-w00-cpu-02-30d07e"":{""active"":0,""idle"":4,""other"":0},""atlasexp-worker-w00-cpu-03-69c33b"":{""active"":1,""idle"":3,""other"":0},""atlasexp-worker-w10-gpu-large-00-4b815b"":{""active"":0,""idle"":4,""other"":0},""atlasexp-worker-w10-gpu-large-01-41e674"":{""active"":0,""idle"":4,""other"":0},""atlasexp-worker-w20-gpu-small-00-583427"":{""active"":0,""idle"":4,""other"":0},""atlasexp-worker-w20-gpu-small-01-f47ba8"":{""active"":0,""idle"":4,""other"":0}}"
2026-09-30T13:44:56.106669546Z,bench-mixed-w8-first-fit-ropen-t3,0.439697,,0,37,0,0.000000,2136.323000,16384,81920,49152,3,1,0.200000,16384,16384,"{""atlasexp-api-353b42"":{""active"":0,""idle"":4,""other"":0},""atlasexp-scheduler-first-fit-654114"":{""active"":0,""idle"":2,""other"":0},""atlasexp-worker-w00-cpu-00-9b6fa2"":{""active"":0,""idle"":4,""other"":0},""atlasexp-worker-w00-cpu-01-b9ac24"":{""active"":0,""idle"":4,""other"":0},""atlasexp-worker-w00-cpu-02-30d07e"":{""active"":0,""idle"":4,""other"":0},""atlasexp-worker-w00-cpu-03-69c33b"":{""active"":0,""idle"":4,""other"":0},""atlasexp-worker-w10-gpu-large-00-4b815b"":{""active"":0,""idle"":4,""other"":0},""atlasexp-worker-w10-gpu-large-01-41e674"":{""active"":0,""idle"":3,""other"":1},""atlasexp-worker-w20-gpu-small-00-583427"":{""active"":0,""idle"":4,""other"":0},""atlasexp-worker-w20-gpu-small-01-f47ba8"":{""active"":0,""idle"":4,""other"":0}}"
2026-09-30T13:44:56.3567171Z,bench-mixed-w8-first-fit-ropen-t3,0.239954,,0,38,0,0.000000,2386.372000,28672,81920,0,0,4,0.350000,0,53248,"{""atlasexp-api-353b42"":{""active"":0,""idle"":4,""other"":0},""atlasexp-scheduler-first-fit-654114"":{""active"":0,""idle"":2,""other"":0},""atlasexp-worker-w00-cpu-00-9b6fa2"":{""active"":0,""idle"":4,""other"":0},""atlasexp-worker-w00-cpu-01-b9ac24"":{""active"":0,""idle"":4,""other"":0},""atlasexp-worker-w00-cpu-02-30d07e"":{""active"":0,""idle"":4,""other"":0},""atlasexp-worker-w00-cpu-03-69c33b"":{""active"":0,""idle"":4,""other"":0},""atlasexp-worker-w10-gpu-large-00-4b815b"":{""active"":0,""idle"":4,""other"":0},""atlasexp-worker-w10-gpu-large-01-41e674"":{""active"":0,""idle"":4,""other"":0},""atlasexp-worker-w20-gpu-small-00-583427"":{""active"":0,""idle"":4,""other"":0},""atlasexp-worker-w20-gpu-small-01-f47ba8"":{""active"":0,""idle"":4,""other"":0}}"
2026-09-30T13:44:56.60664462Z,bench-mixed-w8-first-fit-ropen-t3,0.160046,,0,38,0,0.000000,2636.263000,8192,81920,40960,2,2,0.100000,8192,32768,"{""atlasexp-api-353b42"":{""active"":0,""idle"":4,""other"":0},""atlasexp-scheduler-first-fit-654114"":{""active"":0,""idle"":2,""other"":0},""atlasexp-worker-w00-cpu-00-9b6fa2"":{""active"":0,""idle"":4,""other"":0},""atlasexp-worker-w00-cpu-01-b9ac24"":{""active"":0,""idle"":4,""other"":0},""atlasexp-worker-w00-cpu-02-30d07e"":{""active"":0,""idle"":4,""other"":0},""atlasexp-worker-w00-cpu-03-69c33b"":{""active"":0,""idle"":4,""other"":0},""atlasexp-worker-w10-gpu-large-00-4b815b"":{""active"":0,""idle"":4,""other"":0},""atlasexp-worker-w10-gpu-large-01-41e674"":{""active"":0,""idle"":4,""other"":0},""atlasexp-worker-w20-gpu-small-00-583427"":{""active"":0,""idle"":4,""other"":0},""atlasexp-worker-w20-gpu-small-01-f47ba8"":{""active"":0,""idle"":4,""other"":0}}"
2026-09-30T13:44:56.856269303Z,bench-mixed-w8-first-fit-ropen-t3,0.240361,,0,38,0,0.000000,2885.930000,28672,81920,0,0,4,0.350000,0,53248,"{""atlasexp-api-353b42"":{""active"":0,""idle"":4,""other"":0},""atlasexp-scheduler-first-fit-654114"":{""active"":0,""idle"":2,""other"":0},""atlasexp-worker-w00-cpu-00-9b6fa2"":{""active"":0,""idle"":4,""other"":0},""atlasexp-worker-w00-cpu-01-b9ac24"":{""active"":0,""idle"":4,""other"":0},""atlasexp-worker-w00-cpu-02-30d07e"":{""active"":0,""idle"":4,""other"":0},""atlasexp-worker-w00-cpu-03-69c33b"":{""active"":0,""idle"":4,""other"":0},""atlasexp-worker-w10-gpu-large-00-4b815b"":{""active"":0,""idle"":4,""other"":0},""atlasexp-worker-w10-gpu-large-01-41e674"":{""active"":0,""idle"":4,""other"":0},""atlasexp-worker-w20-gpu-small-00-583427"":{""active"":0,""idle"":4,""other"":0},""atlasexp-worker-w20-gpu-small-01-f47ba8"":{""active"":0,""idle"":4,""other"":0}}"
2026-09-30T13:44:57.106729728Z,bench-mixed-w8-first-fit-ropen-t3,0.239559,,0,38,0,0.000000,3136.277000,20480,81920,40960,2,2,0.250000,8192,20480,"{""atlasexp-api-353b42"":{""active"":0,""idle"":4,""other"":0},""atlasexp-scheduler-first-fit-654114"":{""active"":0,""idle"":2,""other"":0},""atlasexp-worker-w00-cpu-00-9b6fa2"":{""active"":0,""idle"":4,""other"":0},""atlasexp-worker-w00-cpu-01-b9ac24"":{""active"":0,""idle"":4,""other"":0},""atlasexp-worker-w00-cpu-02-30d07e"":{""active"":0,""idle"":4,""other"":0},""atlasexp-worker-w00-cpu-03-69c33b"":{""active"":0,""idle"":4,""other"":0},""atlasexp-worker-w10-gpu-large-00-4b815b"":{""active"":0,""idle"":4,""other"":0},""atlasexp-worker-w10-gpu-large-01-41e674"":{""active"":0,""idle"":4,""other"":0},""atlasexp-worker-w20-gpu-small-00-583427"":{""active"":0,""idle"":4,""other"":0},""atlasexp-worker-w20-gpu-small-01-f47ba8"":{""active"":0,""idle"":4,""other"":0}}"
2026-09-30T13:44:57.356061415Z,bench-mixed-w8-first-fit-ropen-t3,0.360965,,0,36,0,0.000000,,0,81920,81920,4,0,0.000000,16384,0,"{""atlasexp-api-353b42"":{""active"":0,""idle"":4,""other"":0},""atlasexp-scheduler-first-fit-654114"":{""active"":0,""idle"":2,""other"":0},""atlasexp-worker-w00-cpu-00-9b6fa2"":{""active"":0,""idle"":2,""other"":2},""atlasexp-worker-w00-cpu-01-b9ac24"":{""active"":0,""idle"":4,""other"":0},""atlasexp-worker-w00-cpu-02-30d07e"":{""active"":0,""idle"":4,""other"":0},""atlasexp-worker-w00-cpu-03-69c33b"":{""active"":0,""idle"":4,""other"":0},""atlasexp-worker-w10-gpu-large-00-4b815b"":{""active"":0,""idle"":4,""other"":0},""atlasexp-worker-w10-gpu-large-01-41e674"":{""active"":0,""idle"":4,""other"":0},""atlasexp-worker-w20-gpu-small-00-583427"":{""active"":0,""idle"":4,""other"":0},""atlasexp-worker-w20-gpu-small-01-f47ba8"":{""active"":0,""idle"":4,""other"":0}}"
2026-09-30T13:44:57.60655422Z,bench-mixed-w8-best-fit-ropen-t1,0.359292,,4,33,3,0.750000,,0,81920,81920,4,0,0.000000,16384,0,"{""atlasexp-api-353b42"":{""active"":4,""idle"":0,""other"":0},""atlasexp-scheduler-best-fit-8dfa64"":{""active"":0,""idle"":1,""other"":0},""atlasexp-worker-w00-cpu-00-9b6fa2"":{""active"":0,""idle"":4,""other"":0},""atlasexp-worker-w00-cpu-01-b9ac24"":{""active"":0,""idle"":4,""other"":0},""atlasexp-worker-w00-cpu-02-30d07e"":{""active"":0,""idle"":4,""other"":0},""atlasexp-worker-w00-cpu-03-69c33b"":{""active"":0,""idle"":4,""other"":0},""atlasexp-worker-w10-gpu-large-00-4b815b"":{""active"":0,""idle"":4,""other"":0},""atlasexp-worker-w10-gpu-large-01-41e674"":{""active"":0,""idle"":4,""other"":0},""atlasexp-worker-w20-gpu-small-00-583427"":{""active"":0,""idle"":4,""other"":0},""atlasexp-worker-w20-gpu-small-01-f47ba8"":{""active"":0,""idle"":4,""other"":0}}"
2026-09-30T13:44:57.857035784Z,bench-mixed-w8-best-fit-ropen-t1,0.798462,,6,32,4,0.666667,240.898000,0,81920,81920,4,0,0.000000,16384,0,"{""atlasexp-api-353b42"":{""active"":4,""idle"":0,""other"":0},""atlasexp-scheduler-best-fit-8dfa64"":{""active"":1,""idle"":1,""other"":0},""atlasexp-worker-w00-cpu-00-9b6fa2"":{""active"":0,""idle"":4,""other"":0},""atlasexp-worker-w00-cpu-01-b9ac24"":{""active"":0,""idle"":4,""other"":0},""atlasexp-worker-w00-cpu-02-30d07e"":{""active"":0,""idle"":4,""other"":0},""atlasexp-worker-w00-cpu-03-69c33b"":{""active"":1,""idle"":3,""other"":0},""atlasexp-worker-w10-gpu-large-00-4b815b"":{""active"":0,""idle"":4,""other"":0},""atlasexp-worker-w10-gpu-large-01-41e674"":{""active"":0,""idle"":4,""other"":0},""atlasexp-worker-w20-gpu-small-00-583427"":{""active"":0,""idle"":4,""other"":0},""atlasexp-worker-w20-gpu-small-01-f47ba8"":{""active"":0,""idle"":4,""other"":0}}"
2026-09-30T13:44:58.10641482Z,bench-mixed-w8-best-fit-ropen-t1,0.962390,,3,34,2,0.666667,490.532000,24576,81920,32768,1,3,0.300000,0,24576,"{""atlasexp-api-353b42"":{""active"":3,""idle"":0,""other"":1},""atlasexp-scheduler-best-fit-8dfa64"":{""active"":0,""idle"":2,""other"":0},""atlasexp-worker-w00-cpu-00-9b6fa2"":{""active"":0,""idle"":4,""other"":0},""atlasexp-worker-w00-cpu-01-b9ac24"":{""active"":0,""idle"":4,""other"":0},""atlasexp-worker-w00-cpu-02-30d07e"":{""active"":0,""idle"":4,""other"":0},""atlasexp-worker-w00-cpu-03-69c33b"":{""active"":0,""idle"":4,""other"":0},""atlasexp-worker-w10-gpu-large-00-4b815b"":{""active"":0,""idle"":4,""other"":0},""atlasexp-worker-w10-gpu-large-01-41e674"":{""active"":0,""idle"":4,""other"":0},""atlasexp-worker-w20-gpu-small-00-583427"":{""active"":0,""idle"":4,""other"":0},""atlasexp-worker-w20-gpu-small-01-f47ba8"":{""active"":0,""idle"":4,""other"":0}}"
2026-09-30T13:44:58.356168654Z,bench-mixed-w8-best-fit-ropen-t1,0.760749,,5,32,4,0.800000,740.149000,0,81920,81920,4,0,0.000000,16384,0,"{""atlasexp-api-353b42"":{""active"":4,""idle"":0,""other"":0},""atlasexp-scheduler-best-fit-8dfa64"":{""active"":1,""idle"":1,""other"":0},""atlasexp-worker-w00-cpu-00-9b6fa2"":{""active"":0,""idle"":4,""other"":0},""atlasexp-worker-w00-cpu-01-b9ac24"":{""active"":0,""idle"":4,""other"":0},""atlasexp-worker-w00-cpu-02-30d07e"":{""active"":0,""idle"":4,""other"":0},""atlasexp-worker-w00-cpu-03-69c33b"":{""active"":0,""idle"":4,""other"":0},""atlasexp-worker-w10-gpu-large-00-4b815b"":{""active"":0,""idle"":3,""other"":1},""atlasexp-worker-w10-gpu-large-01-41e674"":{""active"":0,""idle"":4,""other"":0},""atlasexp-worker-w20-gpu-small-00-583427"":{""active"":0,""idle"":4,""other"":0},""atlasexp-worker-w20-gpu-small-01-f47ba8"":{""active"":0,""idle"":4,""other"":0}}"
2026-09-30T13:44:58.605991668Z,bench-mixed-w8-best-fit-ropen-t1,0.560397,,4,33,4,1.000000,989.837000,0,81920,81920,4,0,0.000000,16384,0,"{""atlasexp-api-353b42"":{""active"":3,""idle"":0,""other"":1},""atlasexp-scheduler-best-fit-8dfa64"":{""active"":1,""idle"":1,""other"":0},""atlasexp-worker-w00-cpu-00-9b6fa2"":{""active"":0,""idle"":4,""other"":0},""atlasexp-worker-w00-cpu-01-b9ac24"":{""active"":0,""idle"":4,""other"":0},""atlasexp-worker-w00-cpu-02-30d07e"":{""active"":0,""idle"":4,""other"":0},""atlasexp-worker-w00-cpu-03-69c33b"":{""active"":0,""idle"":4,""other"":0},""atlasexp-worker-w10-gpu-large-00-4b815b"":{""active"":0,""idle"":4,""other"":0},""atlasexp-worker-w10-gpu-large-01-41e674"":{""active"":0,""idle"":4,""other"":0},""atlasexp-worker-w20-gpu-small-00-583427"":{""active"":0,""idle"":4,""other"":0},""atlasexp-worker-w20-gpu-small-01-f47ba8"":{""active"":0,""idle"":4,""other"":0}}"
2026-09-30T13:44:58.856928766Z,bench-mixed-w8-best-fit-ropen-t1,0.478207,,0,37,0,0.000000,1240.945000,0,81920,81920,4,0,0.000000,16384,0,"{""atlasexp-api-353b42"":{""active"":0,""idle"":4,""other"":0},""atlasexp-scheduler-best-fit-8dfa64"":{""active"":0,""idle"":2,""other"":0},""atlasexp-worker-w00-cpu-00-9b6fa2"":{""active"":0,""idle"":3,""other"":1},""atlasexp-worker-w00-cpu-01-b9ac24"":{""active"":0,""idle"":4,""other"":0},""atlasexp-worker-w00-cpu-02-30d07e"":{""active"":0,""idle"":4,""other"":0},""atlasexp-worker-w00-cpu-03-69c33b"":{""active"":0,""idle"":4,""other"":0},""atlasexp-worker-w10-gpu-large-00-4b815b"":{""active"":0,""idle"":4,""other"":0},""atlasexp-worker-w10-gpu-large-01-41e674"":{""active"":0,""idle"":4,""other"":0},""atlasexp-worker-w20-gpu-small-00-583427"":{""active"":0,""idle"":4,""other"":0},""atlasexp-worker-w20-gpu-small-01-f47ba8"":{""active"":0,""idle"":4,""other"":0}}"
2026-09-30T13:44:59.106963464Z,bench-mixed-w8-best-fit-ropen-t1,0.519928,,1,36,0,0.000000,1491.002000,12288,81920,8192,1,3,0.150000,8192,61440,"{""atlasexp-api-353b42"":{""active"":0,""idle"":4,""other"":0},""atlasexp-scheduler-best-fit-8dfa64"":{""active"":0,""idle"":2,""other"":0},""atlasexp-worker-w00-cpu-00-9b6fa2"":{""active"":0,""idle"":4,""other"":0},""atlasexp-worker-w00-cpu-01-b9ac24"":{""active"":0,""idle"":3,""other"":1},""atlasexp-worker-w00-cpu-02-30d07e"":{""active"":1,""idle"":3,""other"":0},""atlasexp-worker-w00-cpu-03-69c33b"":{""active"":0,""idle"":4,""other"":0},""atlasexp-worker-w10-gpu-large-00-4b815b"":{""active"":0,""idle"":4,""other"":0},""atlasexp-worker-w10-gpu-large-01-41e674"":{""active"":0,""idle"":4,""other"":0},""atlasexp-worker-w20-gpu-small-00-583427"":{""active"":0,""idle"":4,""other"":0},""atlasexp-worker-w20-gpu-small-01-f47ba8"":{""active"":0,""idle"":4,""other"":0}}"
2026-09-30T13:44:59.356829649Z,bench-mixed-w8-best-fit-ropen-t1,0.480257,,0,36,0,0.000000,1740.666000,0,81920,81920,4,0,0.000000,16384,0,"{""atlasexp-api-353b42"":{""active"":0,""idle"":4,""other"":0},""atlasexp-scheduler-best-fit-8dfa64"":{""active"":0,""idle"":1,""other"":1},""atlasexp-worker-w00-cpu-00-9b6fa2"":{""active"":0,""idle"":4,""other"":0},""atlasexp-worker-w00-cpu-01-b9ac24"":{""active"":0,""idle"":4,""other"":0},""atlasexp-worker-w00-cpu-02-30d07e"":{""active"":0,""idle"":4,""other"":0},""atlasexp-worker-w00-cpu-03-69c33b"":{""active"":0,""idle"":4,""other"":0},""atlasexp-worker-w10-gpu-large-00-4b815b"":{""active"":0,""idle"":4,""other"":0},""atlasexp-worker-w10-gpu-large-01-41e674"":{""active"":0,""idle"":4,""other"":0},""atlasexp-worker-w20-gpu-small-00-583427"":{""active"":0,""idle"":4,""other"":0},""atlasexp-worker-w20-gpu-small-01-f47ba8"":{""active"":0,""idle"":3,""other"":1}}"
2026-09-30T13:44:59.606967422Z,bench-mixed-w8-best-fit-ropen-t1,0.239868,,1,37,0,0.000000,1990.901000,0,81920,81920,4,0,0.000000,16384,0,"{""atlasexp-api-353b42"":{""active"":0,""idle"":4,""other"":0},""atlasexp-scheduler-best-fit-8dfa64"":{""active"":1,""idle"":1,""other"":0},""atlasexp-worker-w00-cpu-00-9b6fa2"":{""active"":0,""idle"":4,""other"":0},""atlasexp-worker-w00-cpu-01-b9ac24"":{""active"":0,""idle"":4,""other"":0},""atlasexp-worker-w00-cpu-02-30d07e"":{""active"":0,""idle"":4,""other"":0},""atlasexp-worker-w00-cpu-03-69c33b"":{""active"":0,""idle"":4,""other"":0},""atlasexp-worker-w10-gpu-large-00-4b815b"":{""active"":0,""idle"":4,""other"":0},""atlasexp-worker-w10-gpu-large-01-41e674"":{""active"":0,""idle"":4,""other"":0},""atlasexp-worker-w20-gpu-small-00-583427"":{""active"":0,""idle"":4,""other"":0},""atlasexp-worker-w20-gpu-small-01-f47ba8"":{""active"":0,""idle"":4,""other"":0}}"
2026-09-30T13:44:59.856544276Z,bench-mixed-w8-best-fit-ropen-t1,0.360610,,0,37,0,0.000000,1766.464000,24576,81920,8192,1,3,0.300000,8192,49152,"{""atlasexp-api-353b42"":{""active"":0,""idle"":4,""other"":0},""atlasexp-scheduler-best-fit-8dfa64"":{""active"":0,""idle"":1,""other"":1},""atlasexp-worker-w00-cpu-00-9b6fa2"":{""active"":0,""idle"":4,""other"":0},""atlasexp-worker-w00-cpu-01-b9ac24"":{""active"":0,""idle"":4,""other"":0},""atlasexp-worker-w00-cpu-02-30d07e"":{""active"":0,""idle"":4,""other"":0},""atlasexp-worker-w00-cpu-03-69c33b"":{""active"":0,""idle"":4,""other"":0},""atlasexp-worker-w10-gpu-large-00-4b815b"":{""active"":0,""idle"":4,""other"":0},""atlasexp-worker-w10-gpu-large-01-41e674"":{""active"":0,""idle"":4,""other"":0},""atlasexp-worker-w20-gpu-small-00-583427"":{""active"":0,""idle"":4,""other"":0},""atlasexp-worker-w20-gpu-small-01-f47ba8"":{""active"":0,""idle"":4,""other"":0}}"
2026-09-30T13:45:00.107060696Z,bench-mixed-w8-best-fit-ropen-t1,0.758433,,1,36,0,0.000000,2016.839000,4096,81920,73728,3,1,0.050000,8192,4096,"{""atlasexp-api-353b42"":{""active"":0,""idle"":4,""other"":0},""atlasexp-scheduler-best-fit-8dfa64"":{""active"":0,""idle"":1,""other"":1},""atlasexp-worker-w00-cpu-00-9b6fa2"":{""active"":0,""idle"":4,""other"":0},""atlasexp-worker-w00-cpu-01-b9ac24"":{""active"":0,""idle"":4,""other"":0},""atlasexp-worker-w00-cpu-02-30d07e"":{""active"":1,""idle"":3,""other"":0},""atlasexp-worker-w00-cpu-03-69c33b"":{""active"":0,""idle"":4,""other"":0},""atlasexp-worker-w10-gpu-large-00-4b815b"":{""active"":0,""idle"":4,""other"":0},""atlasexp-worker-w10-gpu-large-01-41e674"":{""active"":0,""idle"":4,""other"":0},""atlasexp-worker-w20-gpu-small-00-583427"":{""active"":0,""idle"":4,""other"":0},""atlasexp-worker-w20-gpu-small-01-f47ba8"":{""active"":0,""idle"":4,""other"":0}}"
2026-09-30T13:45:00.355995254Z,bench-mixed-w8-best-fit-ropen-t1,0.321370,,3,34,0,0.000000,2265.770000,40960,81920,0,0,4,0.500000,0,40960,"{""atlasexp-api-353b42"":{""active"":0,""idle"":4,""other"":0},""atlasexp-scheduler-best-fit-8dfa64"":{""active"":1,""idle"":1,""other"":0},""atlasexp-worker-w00-cpu-00-9b6fa2"":{""active"":0,""idle"":3,""other"":1},""atlasexp-worker-w00-cpu-01-b9ac24"":{""active"":0,""idle"":4,""other"":0},""atlasexp-worker-w00-cpu-02-30d07e"":{""active"":0,""idle"":4,""other"":0},""atlasexp-worker-w00-cpu-03-69c33b"":{""active"":0,""idle"":4,""other"":0},""atlasexp-worker-w10-gpu-large-00-4b815b"":{""active"":0,""idle"":4,""other"":0},""atlasexp-worker-w10-gpu-large-01-41e674"":{""active"":0,""idle"":4,""other"":0},""atlasexp-worker-w20-gpu-small-00-583427"":{""active"":0,""idle"":4,""other"":0},""atlasexp-worker-w20-gpu-small-01-f47ba8"":{""active"":2,""idle"":2,""other"":0}}"
2026-09-30T13:45:00.606952072Z,bench-mixed-w8-best-fit-ropen-t1,0.637560,,0,37,0,0.000000,2516.864000,20480,81920,16384,2,2,0.250000,16384,45056,"{""atlasexp-api-353b42"":{""active"":0,""idle"":4,""other"":0},""atlasexp-scheduler-best-fit-8dfa64"":{""active"":0,""idle"":2,""other"":0},""atlasexp-worker-w00-cpu-00-9b6fa2"":{""active"":0,""idle"":4,""other"":0},""atlasexp-worker-w00-cpu-01-b9ac24"":{""active"":0,""idle"":4,""other"":0},""atlasexp-worker-w00-cpu-02-30d07e"":{""active"":0,""idle"":4,""other"":0},""atlasexp-worker-w00-cpu-03-69c33b"":{""active"":0,""idle"":4,""other"":0},""atlasexp-worker-w10-gpu-large-00-4b815b"":{""active"":0,""idle"":3,""other"":1},""atlasexp-worker-w10-gpu-large-01-41e674"":{""active"":0,""idle"":4,""other"":0},""atlasexp-worker-w20-gpu-small-00-583427"":{""active"":0,""idle"":4,""other"":0},""atlasexp-worker-w20-gpu-small-01-f47ba8"":{""active"":0,""idle"":4,""other"":0}}"
2026-09-30T13:45:00.856500477Z,bench-mixed-w8-best-fit-ropen-t1,0.641158,,2,36,0,0.000000,2766.503000,40960,81920,0,0,4,0.500000,0,40960,"{""atlasexp-api-353b42"":{""active"":0,""idle"":4,""other"":0},""atlasexp-scheduler-best-fit-8dfa64"":{""active"":1,""idle"":1,""other"":0},""atlasexp-worker-w00-cpu-00-9b6fa2"":{""active"":0,""idle"":4,""other"":0},""atlasexp-worker-w00-cpu-01-b9ac24"":{""active"":1,""idle"":3,""other"":0},""atlasexp-worker-w00-cpu-02-30d07e"":{""active"":0,""idle"":4,""other"":0},""atlasexp-worker-w00-cpu-03-69c33b"":{""active"":0,""idle"":4,""other"":0},""atlasexp-worker-w10-gpu-large-00-4b815b"":{""active"":0,""idle"":4,""other"":0},""atlasexp-worker-w10-gpu-large-01-41e674"":{""active"":0,""idle"":4,""other"":0},""atlasexp-worker-w20-gpu-small-00-583427"":{""active"":0,""idle"":4,""other"":0},""atlasexp-worker-w20-gpu-small-01-f47ba8"":{""active"":0,""idle"":4,""other"":0}}"
2026-09-30T13:45:01.106567771Z,bench-mixed-w8-best-fit-ropen-t1,0.359903,,0,38,0,0.000000,1958.608000,4096,81920,73728,3,1,0.050000,8192,4096,"{""atlasexp-api-353b42"":{""active"":0,""idle"":4,""other"":0},""atlasexp-scheduler-best-fit-8dfa64"":{""active"":0,""idle"":2,""other"":0},""atlasexp-worker-w00-cpu-00-9b6fa2"":{""active"":0,""idle"":4,""other"":0},""atlasexp-worker-w00-cpu-01-b9ac24"":{""active"":0,""idle"":4,""other"":0},""atlasexp-worker-w00-cpu-02-30d07e"":{""active"":0,""idle"":4,""other"":0},""atlasexp-worker-w00-cpu-03-69c33b"":{""active"":0,""idle"":4,""other"":0},""atlasexp-worker-w10-gpu-large-00-4b815b"":{""active"":0,""idle"":4,""other"":0},""atlasexp-worker-w10-gpu-large-01-41e674"":{""active"":0,""idle"":4,""other"":0},""atlasexp-worker-w20-gpu-small-00-583427"":{""active"":0,""idle"":4,""other"":0},""atlasexp-worker-w20-gpu-small-01-f47ba8"":{""active"":0,""idle"":4,""other"":0}}"
2026-09-30T13:45:01.356876357Z,bench-mixed-w8-best-fit-ropen-t1,0.319605,,0,37,0,0.000000,2208.872000,28672,81920,0,0,4,0.350000,0,53248,"{""atlasexp-api-353b42"":{""active"":0,""idle"":4,""other"":0},""atlasexp-scheduler-best-fit-8dfa64"":{""active"":0,""idle"":2,""other"":0},""atlasexp-worker-w00-cpu-00-9b6fa2"":{""active"":0,""idle"":4,""other"":0},""atlasexp-worker-w00-cpu-01-b9ac24"":{""active"":0,""idle"":4,""other"":0},""atlasexp-worker-w00-cpu-02-30d07e"":{""active"":0,""idle"":4,""other"":0},""atlasexp-worker-w00-cpu-03-69c33b"":{""active"":0,""idle"":4,""other"":0},""atlasexp-worker-w10-gpu-large-00-4b815b"":{""active"":0,""idle"":4,""other"":0},""atlasexp-worker-w10-gpu-large-01-41e674"":{""active"":0,""idle"":3,""other"":1},""atlasexp-worker-w20-gpu-small-00-583427"":{""active"":0,""idle"":4,""other"":0},""atlasexp-worker-w20-gpu-small-01-f47ba8"":{""active"":0,""idle"":4,""other"":0}}"
2026-09-30T13:45:01.606750406Z,bench-mixed-w8-best-fit-ropen-t1,0.200101,,0,37,0,0.000000,2458.839000,0,81920,81920,4,0,0.000000,16384,0,"{""atlasexp-api-353b42"":{""active"":0,""idle"":4,""other"":0},""atlasexp-scheduler-best-fit-8dfa64"":{""active"":0,""idle"":2,""other"":0},""atlasexp-worker-w00-cpu-00-9b6fa2"":{""active"":0,""idle"":4,""other"":0},""atlasexp-worker-w00-cpu-01-b9ac24"":{""active"":0,""idle"":4,""other"":0},""atlasexp-worker-w00-cpu-02-30d07e"":{""active"":0,""idle"":4,""other"":0},""atlasexp-worker-w00-cpu-03-69c33b"":{""active"":0,""idle"":3,""other"":1},""atlasexp-worker-w10-gpu-large-00-4b815b"":{""active"":0,""idle"":4,""other"":0},""atlasexp-worker-w10-gpu-large-01-41e674"":{""active"":0,""idle"":4,""other"":0},""atlasexp-worker-w20-gpu-small-00-583427"":{""active"":0,""idle"":4,""other"":0},""atlasexp-worker-w20-gpu-small-01-f47ba8"":{""active"":0,""idle"":4,""other"":0}}"
2026-09-30T13:45:01.856004155Z,bench-mixed-w8-best-fit-ropen-t1,0.320958,,0,36,0,0.000000,2708.054000,28672,81920,0,0,4,0.350000,0,53248,"{""atlasexp-api-353b42"":{""active"":0,""idle"":4,""other"":0},""atlasexp-scheduler-best-fit-8dfa64"":{""active"":0,""idle"":2,""other"":0},""atlasexp-worker-w00-cpu-00-9b6fa2"":{""active"":0,""idle"":4,""other"":0},""atlasexp-worker-w00-cpu-01-b9ac24"":{""active"":0,""idle"":4,""other"":0},""atlasexp-worker-w00-cpu-02-30d07e"":{""active"":0,""idle"":4,""other"":0},""atlasexp-worker-w00-cpu-03-69c33b"":{""active"":0,""idle"":4,""other"":0},""atlasexp-worker-w10-gpu-large-00-4b815b"":{""active"":0,""idle"":4,""other"":0},""atlasexp-worker-w10-gpu-large-01-41e674"":{""active"":0,""idle"":4,""other"":0},""atlasexp-worker-w20-gpu-small-00-583427"":{""active"":0,""idle"":2,""other"":2},""atlasexp-worker-w20-gpu-small-01-f47ba8"":{""active"":0,""idle"":4,""other"":0}}"
2026-09-30T13:45:02.106222659Z,bench-mixed-w8-best-fit-ropen-t2,0.439616,,4,34,3,0.750000,,0,81920,81920,4,0,0.000000,16384,0,"{""atlasexp-api-353b42"":{""active"":4,""idle"":0,""other"":0},""atlasexp-scheduler-best-fit-8dfa64"":{""active"":0,""idle"":2,""other"":0},""atlasexp-worker-w00-cpu-00-9b6fa2"":{""active"":0,""idle"":4,""other"":0},""atlasexp-worker-w00-cpu-01-b9ac24"":{""active"":0,""idle"":4,""other"":0},""atlasexp-worker-w00-cpu-02-30d07e"":{""active"":0,""idle"":4,""other"":0},""atlasexp-worker-w00-cpu-03-69c33b"":{""active"":0,""idle"":4,""other"":0},""atlasexp-worker-w10-gpu-large-00-4b815b"":{""active"":0,""idle"":4,""other"":0},""atlasexp-worker-w10-gpu-large-01-41e674"":{""active"":0,""idle"":4,""other"":0},""atlasexp-worker-w20-gpu-small-00-583427"":{""active"":0,""idle"":4,""other"":0},""atlasexp-worker-w20-gpu-small-01-f47ba8"":{""active"":0,""idle"":4,""other"":0}}"
2026-09-30T13:45:02.356221401Z,bench-mixed-w8-best-fit-ropen-t2,0.920005,,5,33,4,0.800000,240.334000,0,81920,81920,4,0,0.000000,16384,0,"{""atlasexp-api-353b42"":{""active"":4,""idle"":0,""other"":0},""atlasexp-scheduler-best-fit-8dfa64"":{""active"":1,""idle"":1,""other"":0},""atlasexp-worker-w00-cpu-00-9b6fa2"":{""active"":0,""idle"":4,""other"":0},""atlasexp-worker-w00-cpu-01-b9ac24"":{""active"":0,""idle"":4,""other"":0},""atlasexp-worker-w00-cpu-02-30d07e"":{""active"":0,""idle"":4,""other"":0},""atlasexp-worker-w00-cpu-03-69c33b"":{""active"":0,""idle"":4,""other"":0},""atlasexp-worker-w10-gpu-large-00-4b815b"":{""active"":0,""idle"":4,""other"":0},""atlasexp-worker-w10-gpu-large-01-41e674"":{""active"":0,""idle"":4,""other"":0},""atlasexp-worker-w20-gpu-small-00-583427"":{""active"":0,""idle"":4,""other"":0},""atlasexp-worker-w20-gpu-small-01-f47ba8"":{""active"":0,""idle"":4,""other"":0}}"
2026-09-30T13:45:02.60660922Z,bench-mixed-w8-best-fit-ropen-t2,0.998451,,4,33,4,1.000000,86.557000,0,81920,81920,4,0,0.000000,16384,0,"{""atlasexp-api-353b42"":{""active"":3,""idle"":0,""other"":1},""atlasexp-scheduler-best-fit-8dfa64"":{""active"":1,""idle"":1,""other"":0},""atlasexp-worker-w00-cpu-00-9b6fa2"":{""active"":0,""idle"":4,""other"":0},""atlasexp-worker-w00-cpu-01-b9ac24"":{""active"":0,""idle"":4,""other"":0},""atlasexp-worker-w00-cpu-02-30d07e"":{""active"":0,""idle"":4,""other"":0},""atlasexp-worker-w00-cpu-03-69c33b"":{""active"":0,""idle"":4,""other"":0},""atlasexp-worker-w10-gpu-large-00-4b815b"":{""active"":0,""idle"":4,""other"":0},""atlasexp-worker-w10-gpu-large-01-41e674"":{""active"":0,""idle"":4,""other"":0},""atlasexp-worker-w20-gpu-small-00-583427"":{""active"":0,""idle"":4,""other"":0},""atlasexp-worker-w20-gpu-small-01-f47ba8"":{""active"":0,""idle"":4,""other"":0}}"
2026-09-30T13:45:02.856155057Z,bench-mixed-w8-best-fit-ropen-t2,0.881602,,5,33,4,0.800000,336.127000,0,81920,81920,4,0,0.000000,16384,0,"{""atlasexp-api-353b42"":{""active"":4,""idle"":0,""other"":0},""atlasexp-scheduler-best-fit-8dfa64"":{""active"":1,""idle"":1,""other"":0},""atlasexp-worker-w00-cpu-00-9b6fa2"":{""active"":0,""idle"":4,""other"":0},""atlasexp-worker-w00-cpu-01-b9ac24"":{""active"":0,""idle"":4,""other"":0},""atlasexp-worker-w00-cpu-02-30d07e"":{""active"":0,""idle"":4,""other"":0},""atlasexp-worker-w00-cpu-03-69c33b"":{""active"":0,""idle"":4,""other"":0},""atlasexp-worker-w10-gpu-large-00-4b815b"":{""active"":0,""idle"":4,""other"":0},""atlasexp-worker-w10-gpu-large-01-41e674"":{""active"":0,""idle"":4,""other"":0},""atlasexp-worker-w20-gpu-small-00-583427"":{""active"":0,""idle"":4,""other"":0},""atlasexp-worker-w20-gpu-small-01-f47ba8"":{""active"":0,""idle"":4,""other"":0}}"
2026-09-30T13:45:03.106293809Z,bench-mixed-w8-best-fit-ropen-t2,0.759578,,5,33,4,0.800000,586.274000,0,81920,81920,4,0,0.000000,16384,0,"{""atlasexp-api-353b42"":{""active"":4,""idle"":0,""other"":0},""atlasexp-scheduler-best-fit-8dfa64"":{""active"":1,""idle"":1,""other"":0},""atlasexp-worker-w00-cpu-00-9b6fa2"":{""active"":0,""idle"":4,""other"":0},""atlasexp-worker-w00-cpu-01-b9ac24"":{""active"":0,""idle"":4,""other"":0},""atlasexp-worker-w00-cpu-02-30d07e"":{""active"":0,""idle"":4,""other"":0},""atlasexp-worker-w00-cpu-03-69c33b"":{""active"":0,""idle"":4,""other"":0},""atlasexp-worker-w10-gpu-large-00-4b815b"":{""active"":0,""idle"":4,""other"":0},""atlasexp-worker-w10-gpu-large-01-41e674"":{""active"":0,""idle"":4,""other"":0},""atlasexp-worker-w20-gpu-small-00-583427"":{""active"":0,""idle"":4,""other"":0},""atlasexp-worker-w20-gpu-small-01-f47ba8"":{""active"":0,""idle"":4,""other"":0}}"
2026-09-30T13:45:03.356481486Z,bench-mixed-w8-best-fit-ropen-t2,0.559580,,0,35,0,0.000000,836.461000,0,81920,81920,4,0,0.000000,16384,0,"{""atlasexp-api-353b42"":{""active"":0,""idle"":4,""other"":0},""atlasexp-scheduler-best-fit-8dfa64"":{""active"":0,""idle"":1,""other"":1},""atlasexp-worker-w00-cpu-00-9b6fa2"":{""active"":0,""idle"":3,""other"":1},""atlasexp-worker-w00-cpu-01-b9ac24"":{""active"":0,""idle"":4,""other"":0},""atlasexp-worker-w00-cpu-02-30d07e"":{""active"":0,""idle"":4,""other"":0},""atlasexp-worker-w00-cpu-03-69c33b"":{""active"":0,""idle"":4,""other"":0},""atlasexp-worker-w10-gpu-large-00-4b815b"":{""active"":0,""idle"":4,""other"":0},""atlasexp-worker-w10-gpu-large-01-41e674"":{""active"":0,""idle"":4,""other"":0},""atlasexp-worker-w20-gpu-small-00-583427"":{""active"":0,""idle"":4,""other"":0},""atlasexp-worker-w20-gpu-small-01-f47ba8"":{""active"":0,""idle"":3,""other"":1}}"
2026-09-30T13:45:03.606798051Z,bench-mixed-w8-best-fit-ropen-t2,0.519342,,1,33,0,0.000000,1086.849000,24576,81920,32768,1,3,0.300000,0,24576,"{""atlasexp-api-353b42"":{""active"":0,""idle"":4,""other"":0},""atlasexp-scheduler-best-fit-8dfa64"":{""active"":0,""idle"":1,""other"":1},""atlasexp-worker-w00-cpu-00-9b6fa2"":{""active"":0,""idle"":3,""other"":1},""atlasexp-worker-w00-cpu-01-b9ac24"":{""active"":1,""idle"":3,""other"":0},""atlasexp-worker-w00-cpu-02-30d07e"":{""active"":0,""idle"":3,""other"":1},""atlasexp-worker-w00-cpu-03-69c33b"":{""active"":0,""idle"":4,""other"":0},""atlasexp-worker-w10-gpu-large-00-4b815b"":{""active"":0,""idle"":3,""other"":1},""atlasexp-worker-w10-gpu-large-01-41e674"":{""active"":0,""idle"":4,""other"":0},""atlasexp-worker-w20-gpu-small-00-583427"":{""active"":0,""idle"":4,""other"":0},""atlasexp-worker-w20-gpu-small-01-f47ba8"":{""active"":0,""idle"":4,""other"":0}}"
2026-09-30T13:45:03.857018869Z,bench-mixed-w8-best-fit-ropen-t2,0.519541,,1,37,0,0.000000,1336.899000,0,81920,81920,4,0,0.000000,16384,0,"{""atlasexp-api-353b42"":{""active"":0,""idle"":4,""other"":0},""atlasexp-scheduler-best-fit-8dfa64"":{""active"":1,""idle"":1,""other"":0},""atlasexp-worker-w00-cpu-00-9b6fa2"":{""active"":0,""idle"":4,""other"":0},""atlasexp-worker-w00-cpu-01-b9ac24"":{""active"":0,""idle"":4,""other"":0},""atlasexp-worker-w00-cpu-02-30d07e"":{""active"":0,""idle"":4,""other"":0},""atlasexp-worker-w00-cpu-03-69c33b"":{""active"":0,""idle"":4,""other"":0},""atlasexp-worker-w10-gpu-large-00-4b815b"":{""active"":0,""idle"":4,""other"":0},""atlasexp-worker-w10-gpu-large-01-41e674"":{""active"":0,""idle"":4,""other"":0},""atlasexp-worker-w20-gpu-small-00-583427"":{""active"":0,""idle"":4,""other"":0},""atlasexp-worker-w20-gpu-small-01-f47ba8"":{""active"":0,""idle"":4,""other"":0}}"
2026-09-30T13:45:04.106454969Z,bench-mixed-w8-best-fit-ropen-t2,0.200452,,0,37,0,0.000000,1586.334000,0,81920,81920,4,0,0.000000,16384,0,"{""atlasexp-api-353b42"":{""active"":0,""idle"":4,""other"":0},""atlasexp-scheduler-best-fit-8dfa64"":{""active"":0,""idle"":1,""other"":1},""atlasexp-worker-w00-cpu-00-9b6fa2"":{""active"":0,""idle"":4,""other"":0},""atlasexp-worker-w00-cpu-01-b9ac24"":{""active"":0,""idle"":4,""other"":0},""atlasexp-worker-w00-cpu-02-30d07e"":{""active"":0,""idle"":4,""other"":0},""atlasexp-worker-w00-cpu-03-69c33b"":{""active"":0,""idle"":4,""other"":0},""atlasexp-worker-w10-gpu-large-00-4b815b"":{""active"":0,""idle"":4,""other"":0},""atlasexp-worker-w10-gpu-large-01-41e674"":{""active"":0,""idle"":4,""other"":0},""atlasexp-worker-w20-gpu-small-00-583427"":{""active"":0,""idle"":4,""other"":0},""atlasexp-worker-w20-gpu-small-01-f47ba8"":{""active"":0,""idle"":4,""other"":0}}"
2026-09-30T13:45:04.356752851Z,bench-mixed-w8-best-fit-ropen-t2,0.319619,,0,37,0,0.000000,1836.503000,0,81920,81920,4,0,0.000000,16384,0,"{""atlasexp-api-353b42"":{""active"":0,""idle"":4,""other"":0},""atlasexp-scheduler-best-fit-8dfa64"":{""active"":0,""idle"":1,""other"":1},""atlasexp-worker-w00-cpu-00-9b6fa2"":{""active"":0,""idle"":4,""other"":0},""atlasexp-worker-w00-cpu-01-b9ac24"":{""active"":0,""idle"":4,""other"":0},""atlasexp-worker-w00-cpu-02-30d07e"":{""active"":0,""idle"":4,""other"":0},""atlasexp-worker-w00-cpu-03-69c33b"":{""active"":0,""idle"":4,""other"":0},""atlasexp-worker-w10-gpu-large-00-4b815b"":{""active"":0,""idle"":4,""other"":0},""atlasexp-worker-w10-gpu-large-01-41e674"":{""active"":0,""idle"":4,""other"":0},""atlasexp-worker-w20-gpu-small-00-583427"":{""active"":0,""idle"":4,""other"":0},""atlasexp-worker-w20-gpu-small-01-f47ba8"":{""active"":0,""idle"":4,""other"":0}}"
2026-09-30T13:45:04.606100825Z,bench-mixed-w8-best-fit-ropen-t2,0.721883,,0,36,0,0.000000,2086.073000,40960,81920,0,0,4,0.500000,0,40960,"{""atlasexp-api-353b42"":{""active"":0,""idle"":4,""other"":0},""atlasexp-scheduler-best-fit-8dfa64"":{""active"":0,""idle"":2,""other"":0},""atlasexp-worker-w00-cpu-00-9b6fa2"":{""active"":0,""idle"":2,""other"":2},""atlasexp-worker-w00-cpu-01-b9ac24"":{""active"":0,""idle"":4,""other"":0},""atlasexp-worker-w00-cpu-02-30d07e"":{""active"":0,""idle"":4,""other"":0},""atlasexp-worker-w00-cpu-03-69c33b"":{""active"":0,""idle"":4,""other"":0},""atlasexp-worker-w10-gpu-large-00-4b815b"":{""active"":0,""idle"":4,""other"":0},""atlasexp-worker-w10-gpu-large-01-41e674"":{""active"":0,""idle"":4,""other"":0},""atlasexp-worker-w20-gpu-small-00-583427"":{""active"":0,""idle"":4,""other"":0},""atlasexp-worker-w20-gpu-small-01-f47ba8"":{""active"":0,""idle"":4,""other"":0}}"
2026-09-30T13:45:04.856589886Z,bench-mixed-w8-best-fit-ropen-t2,0.518985,,3,32,0,0.000000,2336.631000,40960,81920,0,0,4,0.500000,0,40960,"{""atlasexp-api-353b42"":{""active"":0,""idle"":4,""other"":0},""atlasexp-scheduler-best-fit-8dfa64"":{""active"":0,""idle"":1,""other"":1},""atlasexp-worker-w00-cpu-00-9b6fa2"":{""active"":0,""idle"":4,""other"":0},""atlasexp-worker-w00-cpu-01-b9ac24"":{""active"":0,""idle"":4,""other"":0},""atlasexp-worker-w00-cpu-02-30d07e"":{""active"":0,""idle"":4,""other"":0},""atlasexp-worker-w00-cpu-03-69c33b"":{""active"":0,""idle"":4,""other"":0},""atlasexp-worker-w10-gpu-large-00-4b815b"":{""active"":0,""idle"":4,""other"":0},""atlasexp-worker-w10-gpu-large-01-41e674"":{""active"":1,""idle"":1,""other"":2},""atlasexp-worker-w20-gpu-small-00-583427"":{""active"":2,""idle"":2,""other"":0},""atlasexp-worker-w20-gpu-small-01-f47ba8"":{""active"":0,""idle"":4,""other"":0}}"
2026-09-30T13:45:05.107051071Z,bench-mixed-w8-best-fit-ropen-t2,0.638822,,0,37,0,0.000000,2586.965000,16384,81920,49152,3,1,0.200000,16384,16384,"{""atlasexp-api-353b42"":{""active"":0,""idle"":4,""other"":0},""atlasexp-scheduler-best-fit-8dfa64"":{""active"":0,""idle"":2,""other"":0},""atlasexp-worker-w00-cpu-00-9b6fa2"":{""active"":0,""idle"":4,""other"":0},""atlasexp-worker-w00-cpu-01-b9ac24"":{""active"":0,""idle"":4,""other"":0},""atlasexp-worker-w00-cpu-02-30d07e"":{""active"":0,""idle"":3,""other"":1},""atlasexp-worker-w00-cpu-03-69c33b"":{""active"":0,""idle"":4,""other"":0},""atlasexp-worker-w10-gpu-large-00-4b815b"":{""active"":0,""idle"":4,""other"":0},""atlasexp-worker-w10-gpu-large-01-41e674"":{""active"":0,""idle"":4,""other"":0},""atlasexp-worker-w20-gpu-small-00-583427"":{""active"":0,""idle"":4,""other"":0},""atlasexp-worker-w20-gpu-small-01-f47ba8"":{""active"":0,""idle"":4,""other"":0}}"
2026-09-30T13:45:05.356714567Z,bench-mixed-w8-best-fit-ropen-t2,0.560755,,0,34,0,0.000000,1718.463000,24576,81920,32768,1,3,0.300000,0,24576,"{""atlasexp-api-353b42"":{""active"":0,""idle"":4,""other"":0},""atlasexp-scheduler-best-fit-8dfa64"":{""active"":0,""idle"":1,""other"":1},""atlasexp-worker-w00-cpu-00-9b6fa2"":{""active"":0,""idle"":2,""other"":2},""atlasexp-worker-w00-cpu-01-b9ac24"":{""active"":0,""idle"":4,""other"":0},""atlasexp-worker-w00-cpu-02-30d07e"":{""active"":0,""idle"":4,""other"":0},""atlasexp-worker-w00-cpu-03-69c33b"":{""active"":0,""idle"":4,""other"":0},""atlasexp-worker-w10-gpu-large-00-4b815b"":{""active"":0,""idle"":4,""other"":0},""atlasexp-worker-w10-gpu-large-01-41e674"":{""active"":0,""idle"":4,""other"":0},""atlasexp-worker-w20-gpu-small-00-583427"":{""active"":0,""idle"":3,""other"":1},""atlasexp-worker-w20-gpu-small-01-f47ba8"":{""active"":0,""idle"":4,""other"":0}}"
2026-09-30T13:45:05.606027399Z,bench-mixed-w8-best-fit-ropen-t2,0.641764,,0,38,0,0.000000,1967.923000,4096,81920,73728,3,1,0.050000,8192,4096,"{""atlasexp-api-353b42"":{""active"":0,""idle"":4,""other"":0},""atlasexp-scheduler-best-fit-8dfa64"":{""active"":0,""idle"":2,""other"":0},""atlasexp-worker-w00-cpu-00-9b6fa2"":{""active"":0,""idle"":4,""other"":0},""atlasexp-worker-w00-cpu-01-b9ac24"":{""active"":0,""idle"":4,""other"":0},""atlasexp-worker-w00-cpu-02-30d07e"":{""active"":0,""idle"":4,""other"":0},""atlasexp-worker-w00-cpu-03-69c33b"":{""active"":0,""idle"":4,""other"":0},""atlasexp-worker-w10-gpu-large-00-4b815b"":{""active"":0,""idle"":4,""other"":0},""atlasexp-worker-w10-gpu-large-01-41e674"":{""active"":0,""idle"":4,""other"":0},""atlasexp-worker-w20-gpu-small-00-583427"":{""active"":0,""idle"":4,""other"":0},""atlasexp-worker-w20-gpu-small-01-f47ba8"":{""active"":0,""idle"":4,""other"":0}}"
2026-09-30T13:45:05.8568342Z,bench-mixed-w8-best-fit-ropen-t2,0.159485,,1,37,0,0.000000,2218.619000,40960,81920,0,0,4,0.500000,0,40960,"{""atlasexp-api-353b42"":{""active"":0,""idle"":4,""other"":0},""atlasexp-scheduler-best-fit-8dfa64"":{""active"":0,""idle"":2,""other"":0},""atlasexp-worker-w00-cpu-00-9b6fa2"":{""active"":0,""idle"":4,""other"":0},""atlasexp-worker-w00-cpu-01-b9ac24"":{""active"":0,""idle"":4,""other"":0},""atlasexp-worker-w00-cpu-02-30d07e"":{""active"":0,""idle"":4,""other"":0},""atlasexp-worker-w00-cpu-03-69c33b"":{""active"":0,""idle"":4,""other"":0},""atlasexp-worker-w10-gpu-large-00-4b815b"":{""active"":1,""idle"":3,""other"":0},""atlasexp-worker-w10-gpu-large-01-41e674"":{""active"":0,""idle"":4,""other"":0},""atlasexp-worker-w20-gpu-small-00-583427"":{""active"":0,""idle"":4,""other"":0},""atlasexp-worker-w20-gpu-small-01-f47ba8"":{""active"":0,""idle"":4,""other"":0}}"
2026-09-30T13:45:06.106383653Z,bench-mixed-w8-best-fit-ropen-t2,0.360650,,0,38,0,0.000000,2468.217000,16384,81920,49152,3,1,0.200000,16384,16384,"{""atlasexp-api-353b42"":{""active"":0,""idle"":4,""other"":0},""atlasexp-scheduler-best-fit-8dfa64"":{""active"":0,""idle"":2,""other"":0},""atlasexp-worker-w00-cpu-00-9b6fa2"":{""active"":0,""idle"":4,""other"":0},""atlasexp-worker-w00-cpu-01-b9ac24"":{""active"":0,""idle"":4,""other"":0},""atlasexp-worker-w00-cpu-02-30d07e"":{""active"":0,""idle"":4,""other"":0},""atlasexp-worker-w00-cpu-03-69c33b"":{""active"":0,""idle"":4,""other"":0},""atlasexp-worker-w10-gpu-large-00-4b815b"":{""active"":0,""idle"":4,""other"":0},""atlasexp-worker-w10-gpu-large-01-41e674"":{""active"":0,""idle"":4,""other"":0},""atlasexp-worker-w20-gpu-small-00-583427"":{""active"":0,""idle"":4,""other"":0},""atlasexp-worker-w20-gpu-small-01-f47ba8"":{""active"":0,""idle"":4,""other"":0}}"
2026-09-30T13:45:06.356292687Z,bench-mixed-w8-best-fit-ropen-t2,0.240087,,1,37,0,0.000000,2718.259000,16384,81920,0,0,4,0.200000,0,65536,"{""atlasexp-api-353b42"":{""active"":0,""idle"":4,""other"":0},""atlasexp-scheduler-best-fit-8dfa64"":{""active"":0,""idle"":2,""other"":0},""atlasexp-worker-w00-cpu-00-9b6fa2"":{""active"":0,""idle"":4,""other"":0},""atlasexp-worker-w00-cpu-01-b9ac24"":{""active"":0,""idle"":4,""other"":0},""atlasexp-worker-w00-cpu-02-30d07e"":{""active"":0,""idle"":4,""other"":0},""atlasexp-worker-w00-cpu-03-69c33b"":{""active"":0,""idle"":4,""other"":0},""atlasexp-worker-w10-gpu-large-00-4b815b"":{""active"":0,""idle"":4,""other"":0},""atlasexp-worker-w10-gpu-large-01-41e674"":{""active"":0,""idle"":4,""other"":0},""atlasexp-worker-w20-gpu-small-00-583427"":{""active"":1,""idle"":3,""other"":0},""atlasexp-worker-w20-gpu-small-01-f47ba8"":{""active"":0,""idle"":4,""other"":0}}"
2026-09-30T13:45:06.606346824Z,bench-mixed-w8-best-fit-ropen-t2,0.239948,,0,38,0,0.000000,2968.138000,4096,81920,73728,3,1,0.050000,8192,4096,"{""atlasexp-api-353b42"":{""active"":0,""idle"":4,""other"":0},""atlasexp-scheduler-best-fit-8dfa64"":{""active"":0,""idle"":2,""other"":0},""atlasexp-worker-w00-cpu-00-9b6fa2"":{""active"":0,""idle"":4,""other"":0},""atlasexp-worker-w00-cpu-01-b9ac24"":{""active"":0,""idle"":4,""other"":0},""atlasexp-worker-w00-cpu-02-30d07e"":{""active"":0,""idle"":4,""other"":0},""atlasexp-worker-w00-cpu-03-69c33b"":{""active"":0,""idle"":4,""other"":0},""atlasexp-worker-w10-gpu-large-00-4b815b"":{""active"":0,""idle"":4,""other"":0},""atlasexp-worker-w10-gpu-large-01-41e674"":{""active"":0,""idle"":4,""other"":0},""atlasexp-worker-w20-gpu-small-00-583427"":{""active"":0,""idle"":4,""other"":0},""atlasexp-worker-w20-gpu-small-01-f47ba8"":{""active"":0,""idle"":4,""other"":0}}"
2026-09-30T13:45:06.856483483Z,bench-mixed-w8-best-fit-ropen-t2,0.279847,,0,38,0,0.000000,3218.255000,40960,81920,0,0,4,0.500000,0,40960,"{""atlasexp-api-353b42"":{""active"":0,""idle"":4,""other"":0},""atlasexp-scheduler-best-fit-8dfa64"":{""active"":0,""idle"":2,""other"":0},""atlasexp-worker-w00-cpu-00-9b6fa2"":{""active"":0,""idle"":4,""other"":0},""atlasexp-worker-w00-cpu-01-b9ac24"":{""active"":0,""idle"":4,""other"":0},""atlasexp-worker-w00-cpu-02-30d07e"":{""active"":0,""idle"":4,""other"":0},""atlasexp-worker-w00-cpu-03-69c33b"":{""active"":0,""idle"":4,""other"":0},""atlasexp-worker-w10-gpu-large-00-4b815b"":{""active"":0,""idle"":4,""other"":0},""atlasexp-worker-w10-gpu-large-01-41e674"":{""active"":0,""idle"":4,""other"":0},""atlasexp-worker-w20-gpu-small-00-583427"":{""active"":0,""idle"":4,""other"":0},""atlasexp-worker-w20-gpu-small-01-f47ba8"":{""active"":0,""idle"":4,""other"":0}}"
2026-09-30T13:45:07.106593524Z,bench-mixed-w8-best-fit-ropen-t3,0.799648,,4,33,4,1.000000,91.275000,0,81920,81920,4,0,0.000000,16384,0,"{""atlasexp-api-353b42"":{""active"":3,""idle"":0,""other"":1},""atlasexp-scheduler-best-fit-8dfa64"":{""active"":1,""idle"":1,""other"":0},""atlasexp-worker-w00-cpu-00-9b6fa2"":{""active"":0,""idle"":4,""other"":0},""atlasexp-worker-w00-cpu-01-b9ac24"":{""active"":0,""idle"":4,""other"":0},""atlasexp-worker-w00-cpu-02-30d07e"":{""active"":0,""idle"":4,""other"":0},""atlasexp-worker-w00-cpu-03-69c33b"":{""active"":0,""idle"":4,""other"":0},""atlasexp-worker-w10-gpu-large-00-4b815b"":{""active"":0,""idle"":4,""other"":0},""atlasexp-worker-w10-gpu-large-01-41e674"":{""active"":0,""idle"":4,""other"":0},""atlasexp-worker-w20-gpu-small-00-583427"":{""active"":0,""idle"":4,""other"":0},""atlasexp-worker-w20-gpu-small-01-f47ba8"":{""active"":0,""idle"":4,""other"":0}}"
2026-09-30T13:45:07.35637601Z,bench-mixed-w8-best-fit-ropen-t3,0.880766,,5,33,4,0.800000,340.947000,0,81920,81920,4,0,0.000000,16384,0,"{""atlasexp-api-353b42"":{""active"":4,""idle"":0,""other"":0},""atlasexp-scheduler-best-fit-8dfa64"":{""active"":1,""idle"":1,""other"":0},""atlasexp-worker-w00-cpu-00-9b6fa2"":{""active"":0,""idle"":4,""other"":0},""atlasexp-worker-w00-cpu-01-b9ac24"":{""active"":0,""idle"":4,""other"":0},""atlasexp-worker-w00-cpu-02-30d07e"":{""active"":0,""idle"":4,""other"":0},""atlasexp-worker-w00-cpu-03-69c33b"":{""active"":0,""idle"":4,""other"":0},""atlasexp-worker-w10-gpu-large-00-4b815b"":{""active"":0,""idle"":4,""other"":0},""atlasexp-worker-w10-gpu-large-01-41e674"":{""active"":0,""idle"":4,""other"":0},""atlasexp-worker-w20-gpu-small-00-583427"":{""active"":0,""idle"":4,""other"":0},""atlasexp-worker-w20-gpu-small-01-f47ba8"":{""active"":0,""idle"":4,""other"":0}}"
2026-09-30T13:45:07.606893082Z,bench-mixed-w8-best-fit-ropen-t3,0.918101,,4,33,4,1.000000,591.706000,0,81920,81920,4,0,0.000000,16384,0,"{""atlasexp-api-353b42"":{""active"":3,""idle"":0,""other"":1},""atlasexp-scheduler-best-fit-8dfa64"":{""active"":1,""idle"":1,""other"":0},""atlasexp-worker-w00-cpu-00-9b6fa2"":{""active"":0,""idle"":4,""other"":0},""atlasexp-worker-w00-cpu-01-b9ac24"":{""active"":0,""idle"":4,""other"":0},""atlasexp-worker-w00-cpu-02-30d07e"":{""active"":0,""idle"":4,""other"":0},""atlasexp-worker-w00-cpu-03-69c33b"":{""active"":0,""idle"":4,""other"":0},""atlasexp-worker-w10-gpu-large-00-4b815b"":{""active"":0,""idle"":4,""other"":0},""atlasexp-worker-w10-gpu-large-01-41e674"":{""active"":0,""idle"":4,""other"":0},""atlasexp-worker-w20-gpu-small-00-583427"":{""active"":0,""idle"":4,""other"":0},""atlasexp-worker-w20-gpu-small-01-f47ba8"":{""active"":0,""idle"":4,""other"":0}}"
2026-09-30T13:45:07.856291053Z,bench-mixed-w8-best-fit-ropen-t3,0.842028,,4,33,3,0.750000,841.191000,0,81920,81920,4,0,0.000000,16384,0,"{""atlasexp-api-353b42"":{""active"":3,""idle"":0,""other"":1},""atlasexp-scheduler-best-fit-8dfa64"":{""active"":1,""idle"":1,""other"":0},""atlasexp-worker-w00-cpu-00-9b6fa2"":{""active"":0,""idle"":4,""other"":0},""atlasexp-worker-w00-cpu-01-b9ac24"":{""active"":0,""idle"":4,""other"":0},""atlasexp-worker-w00-cpu-02-30d07e"":{""active"":0,""idle"":4,""other"":0},""atlasexp-worker-w00-cpu-03-69c33b"":{""active"":0,""idle"":4,""other"":0},""atlasexp-worker-w10-gpu-large-00-4b815b"":{""active"":0,""idle"":4,""other"":0},""atlasexp-worker-w10-gpu-large-01-41e674"":{""active"":0,""idle"":4,""other"":0},""atlasexp-worker-w20-gpu-small-00-583427"":{""active"":0,""idle"":4,""other"":0},""atlasexp-worker-w20-gpu-small-01-f47ba8"":{""active"":0,""idle"":4,""other"":0}}"
2026-09-30T13:45:08.106316975Z,bench-mixed-w8-best-fit-ropen-t3,0.759921,,4,33,4,1.000000,1090.941000,0,81920,81920,4,0,0.000000,16384,0,"{""atlasexp-api-353b42"":{""active"":4,""idle"":0,""other"":0},""atlasexp-scheduler-best-fit-8dfa64"":{""active"":0,""idle"":1,""other"":1},""atlasexp-worker-w00-cpu-00-9b6fa2"":{""active"":0,""idle"":4,""other"":0},""atlasexp-worker-w00-cpu-01-b9ac24"":{""active"":0,""idle"":4,""other"":0},""atlasexp-worker-w00-cpu-02-30d07e"":{""active"":0,""idle"":4,""other"":0},""atlasexp-worker-w00-cpu-03-69c33b"":{""active"":0,""idle"":4,""other"":0},""atlasexp-worker-w10-gpu-large-00-4b815b"":{""active"":0,""idle"":4,""other"":0},""atlasexp-worker-w10-gpu-large-01-41e674"":{""active"":0,""idle"":4,""other"":0},""atlasexp-worker-w20-gpu-small-00-583427"":{""active"":0,""idle"":4,""other"":0},""atlasexp-worker-w20-gpu-small-01-f47ba8"":{""active"":0,""idle"":4,""other"":0}}"
2026-09-30T13:45:08.356293697Z,bench-mixed-w8-best-fit-ropen-t3,0.600056,,0,36,0,0.000000,1340.936000,0,81920,81920,4,0,0.000000,16384,0,"{""atlasexp-api-353b42"":{""active"":0,""idle"":4,""other"":0},""atlasexp-scheduler-best-fit-8dfa64"":{""active"":0,""idle"":1,""other"":1},""atlasexp-worker-w00-cpu-00-9b6fa2"":{""active"":0,""idle"":4,""other"":0},""atlasexp-worker-w00-cpu-01-b9ac24"":{""active"":0,""idle"":4,""other"":0},""atlasexp-worker-w00-cpu-02-30d07e"":{""active"":0,""idle"":4,""other"":0},""atlasexp-worker-w00-cpu-03-69c33b"":{""active"":0,""idle"":4,""other"":0},""atlasexp-worker-w10-gpu-large-00-4b815b"":{""active"":0,""idle"":3,""other"":1},""atlasexp-worker-w10-gpu-large-01-41e674"":{""active"":0,""idle"":4,""other"":0},""atlasexp-worker-w20-gpu-small-00-583427"":{""active"":0,""idle"":4,""other"":0},""atlasexp-worker-w20-gpu-small-01-f47ba8"":{""active"":0,""idle"":4,""other"":0}}"
2026-09-30T13:45:08.60684469Z,bench-mixed-w8-best-fit-ropen-t3,0.518856,,1,35,0,0.000000,1171.132000,4096,81920,49152,3,1,0.050000,16384,28672,"{""atlasexp-api-353b42"":{""active"":0,""idle"":4,""other"":0},""atlasexp-scheduler-best-fit-8dfa64"":{""active"":1,""idle"":1,""other"":0},""atlasexp-worker-w00-cpu-00-9b6fa2"":{""active"":0,""idle"":4,""other"":0},""atlasexp-worker-w00-cpu-01-b9ac24"":{""active"":0,""idle"":4,""other"":0},""atlasexp-worker-w00-cpu-02-30d07e"":{""active"":0,""idle"":3,""other"":1},""atlasexp-worker-w00-cpu-03-69c33b"":{""active"":0,""idle"":4,""other"":0},""atlasexp-worker-w10-gpu-large-00-4b815b"":{""active"":0,""idle"":4,""other"":0},""atlasexp-worker-w10-gpu-large-01-41e674"":{""active"":0,""idle"":4,""other"":0},""atlasexp-worker-w20-gpu-small-00-583427"":{""active"":0,""idle"":4,""other"":0},""atlasexp-worker-w20-gpu-small-01-f47ba8"":{""active"":0,""idle"":3,""other"":1}}"
2026-09-30T13:45:08.857020324Z,bench-mixed-w8-best-fit-ropen-t3,0.319775,,0,38,0,0.000000,1421.462000,0,81920,81920,4,0,0.000000,16384,0,"{""atlasexp-api-353b42"":{""active"":0,""idle"":4,""other"":0},""atlasexp-scheduler-best-fit-8dfa64"":{""active"":0,""idle"":2,""other"":0},""atlasexp-worker-w00-cpu-00-9b6fa2"":{""active"":0,""idle"":4,""other"":0},""atlasexp-worker-w00-cpu-01-b9ac24"":{""active"":0,""idle"":4,""other"":0},""atlasexp-worker-w00-cpu-02-30d07e"":{""active"":0,""idle"":4,""other"":0},""atlasexp-worker-w00-cpu-03-69c33b"":{""active"":0,""idle"":4,""other"":0},""atlasexp-worker-w10-gpu-large-00-4b815b"":{""active"":0,""idle"":4,""other"":0},""atlasexp-worker-w10-gpu-large-01-41e674"":{""active"":0,""idle"":4,""other"":0},""atlasexp-worker-w20-gpu-small-00-583427"":{""active"":0,""idle"":4,""other"":0},""atlasexp-worker-w20-gpu-small-01-f47ba8"":{""active"":0,""idle"":4,""other"":0}}"
2026-09-30T13:45:09.106564015Z,bench-mixed-w8-best-fit-ropen-t3,0.520951,,1,37,0,0.000000,1670.793000,0,81920,81920,4,0,0.000000,16384,0,"{""atlasexp-api-353b42"":{""active"":0,""idle"":4,""other"":0},""atlasexp-scheduler-best-fit-8dfa64"":{""active"":1,""idle"":1,""other"":0},""atlasexp-worker-w00-cpu-00-9b6fa2"":{""active"":0,""idle"":4,""other"":0},""atlasexp-worker-w00-cpu-01-b9ac24"":{""active"":0,""idle"":4,""other"":0},""atlasexp-worker-w00-cpu-02-30d07e"":{""active"":0,""idle"":4,""other"":0},""atlasexp-worker-w00-cpu-03-69c33b"":{""active"":0,""idle"":4,""other"":0},""atlasexp-worker-w10-gpu-large-00-4b815b"":{""active"":0,""idle"":4,""other"":0},""atlasexp-worker-w10-gpu-large-01-41e674"":{""active"":0,""idle"":4,""other"":0},""atlasexp-worker-w20-gpu-small-00-583427"":{""active"":0,""idle"":4,""other"":0},""atlasexp-worker-w20-gpu-small-01-f47ba8"":{""active"":0,""idle"":4,""other"":0}}"
2026-09-30T13:45:09.356019753Z,bench-mixed-w8-best-fit-ropen-t3,0.481047,,0,37,0,0.000000,1920.470000,0,81920,81920,4,0,0.000000,16384,0,"{""atlasexp-api-353b42"":{""active"":0,""idle"":4,""other"":0},""atlasexp-scheduler-best-fit-8dfa64"":{""active"":0,""idle"":1,""other"":1},""atlasexp-worker-w00-cpu-00-9b6fa2"":{""active"":0,""idle"":4,""other"":0},""atlasexp-worker-w00-cpu-01-b9ac24"":{""active"":0,""idle"":4,""other"":0},""atlasexp-worker-w00-cpu-02-30d07e"":{""active"":0,""idle"":4,""other"":0},""atlasexp-worker-w00-cpu-03-69c33b"":{""active"":0,""idle"":4,""other"":0},""atlasexp-worker-w10-gpu-large-00-4b815b"":{""active"":0,""idle"":4,""other"":0},""atlasexp-worker-w10-gpu-large-01-41e674"":{""active"":0,""idle"":4,""other"":0},""atlasexp-worker-w20-gpu-small-00-583427"":{""active"":0,""idle"":4,""other"":0},""atlasexp-worker-w20-gpu-small-01-f47ba8"":{""active"":0,""idle"":4,""other"":0}}"
2026-09-30T13:45:09.606920535Z,bench-mixed-w8-best-fit-ropen-t3,0.557989,,0,37,0,0.000000,2171.186000,16384,81920,0,0,4,0.200000,0,65536,"{""atlasexp-api-353b42"":{""active"":0,""idle"":4,""other"":0},""atlasexp-scheduler-best-fit-8dfa64"":{""active"":0,""idle"":2,""other"":0},""atlasexp-worker-w00-cpu-00-9b6fa2"":{""active"":0,""idle"":4,""other"":0},""atlasexp-worker-w00-cpu-01-b9ac24"":{""active"":0,""idle"":4,""other"":0},""atlasexp-worker-w00-cpu-02-30d07e"":{""active"":0,""idle"":3,""other"":1},""atlasexp-worker-w00-cpu-03-69c33b"":{""active"":0,""idle"":4,""other"":0},""atlasexp-worker-w10-gpu-large-00-4b815b"":{""active"":0,""idle"":4,""other"":0},""atlasexp-worker-w10-gpu-large-01-41e674"":{""active"":0,""idle"":4,""other"":0},""atlasexp-worker-w20-gpu-small-00-583427"":{""active"":0,""idle"":4,""other"":0},""atlasexp-worker-w20-gpu-small-01-f47ba8"":{""active"":0,""idle"":4,""other"":0}}"
2026-09-30T13:45:09.856522257Z,bench-mixed-w8-best-fit-ropen-t3,0.400638,,0,37,0,0.000000,2420.811000,8192,81920,65536,2,2,0.100000,0,8192,"{""atlasexp-api-353b42"":{""active"":0,""idle"":4,""other"":0},""atlasexp-scheduler-best-fit-8dfa64"":{""active"":0,""idle"":1,""other"":1},""atlasexp-worker-w00-cpu-00-9b6fa2"":{""active"":0,""idle"":4,""other"":0},""atlasexp-worker-w00-cpu-01-b9ac24"":{""active"":0,""idle"":4,""other"":0},""atlasexp-worker-w00-cpu-02-30d07e"":{""active"":0,""idle"":4,""other"":0},""atlasexp-worker-w00-cpu-03-69c33b"":{""active"":0,""idle"":4,""other"":0},""atlasexp-worker-w10-gpu-large-00-4b815b"":{""active"":0,""idle"":4,""other"":0},""atlasexp-worker-w10-gpu-large-01-41e674"":{""active"":0,""idle"":4,""other"":0},""atlasexp-worker-w20-gpu-small-00-583427"":{""active"":0,""idle"":4,""other"":0},""atlasexp-worker-w20-gpu-small-01-f47ba8"":{""active"":0,""idle"":4,""other"":0}}"
2026-09-30T13:45:10.106453074Z,bench-mixed-w8-best-fit-ropen-t3,0.680188,,0,35,0,0.000000,2670.886000,8192,81920,65536,2,2,0.100000,0,8192,"{""atlasexp-api-353b42"":{""active"":0,""idle"":4,""other"":0},""atlasexp-scheduler-best-fit-8dfa64"":{""active"":0,""idle"":2,""other"":0},""atlasexp-worker-w00-cpu-00-9b6fa2"":{""active"":0,""idle"":4,""other"":0},""atlasexp-worker-w00-cpu-01-b9ac24"":{""active"":0,""idle"":3,""other"":1},""atlasexp-worker-w00-cpu-02-30d07e"":{""active"":0,""idle"":4,""other"":0},""atlasexp-worker-w00-cpu-03-69c33b"":{""active"":0,""idle"":4,""other"":0},""atlasexp-worker-w10-gpu-large-00-4b815b"":{""active"":0,""idle"":4,""other"":0},""atlasexp-worker-w10-gpu-large-01-41e674"":{""active"":0,""idle"":2,""other"":2},""atlasexp-worker-w20-gpu-small-00-583427"":{""active"":0,""idle"":4,""other"":0},""atlasexp-worker-w20-gpu-small-01-f47ba8"":{""active"":0,""idle"":4,""other"":0}}"
2026-09-30T13:45:10.357002597Z,bench-mixed-w8-best-fit-ropen-t3,0.638596,,0,38,0,0.000000,2921.349000,16384,81920,0,0,4,0.200000,0,65536,"{""atlasexp-api-353b42"":{""active"":0,""idle"":4,""other"":0},""atlasexp-scheduler-best-fit-8dfa64"":{""active"":0,""idle"":2,""other"":0},""atlasexp-worker-w00-cpu-00-9b6fa2"":{""active"":0,""idle"":4,""other"":0},""atlasexp-worker-w00-cpu-01-b9ac24"":{""active"":0,""idle"":4,""other"":0},""atlasexp-worker-w00-cpu-02-30d07e"":{""active"":0,""idle"":4,""other"":0},""atlasexp-worker-w00-cpu-03-69c33b"":{""active"":0,""idle"":4,""other"":0},""atlasexp-worker-w10-gpu-large-00-4b815b"":{""active"":0,""idle"":4,""other"":0},""atlasexp-worker-w10-gpu-large-01-41e674"":{""active"":0,""idle"":4,""other"":0},""atlasexp-worker-w20-gpu-small-00-583427"":{""active"":0,""idle"":4,""other"":0},""atlasexp-worker-w20-gpu-small-01-f47ba8"":{""active"":0,""idle"":4,""other"":0}}"
2026-09-30T13:45:10.606453136Z,bench-mixed-w8-best-fit-ropen-t3,0.400881,,0,38,0,0.000000,1982.913000,4096,81920,73728,3,1,0.050000,8192,4096,"{""atlasexp-api-353b42"":{""active"":0,""idle"":4,""other"":0},""atlasexp-scheduler-best-fit-8dfa64"":{""active"":0,""idle"":2,""other"":0},""atlasexp-worker-w00-cpu-00-9b6fa2"":{""active"":0,""idle"":4,""other"":0},""atlasexp-worker-w00-cpu-01-b9ac24"":{""active"":0,""idle"":4,""other"":0},""atlasexp-worker-w00-cpu-02-30d07e"":{""active"":0,""idle"":4,""other"":0},""atlasexp-worker-w00-cpu-03-69c33b"":{""active"":0,""idle"":4,""other"":0},""atlasexp-worker-w10-gpu-large-00-4b815b"":{""active"":0,""idle"":4,""other"":0},""atlasexp-worker-w10-gpu-large-01-41e674"":{""active"":0,""idle"":4,""other"":0},""atlasexp-worker-w20-gpu-small-00-583427"":{""active"":0,""idle"":4,""other"":0},""atlasexp-worker-w20-gpu-small-01-f47ba8"":{""active"":0,""idle"":4,""other"":0}}"
2026-09-30T13:45:10.856704413Z,bench-mixed-w8-best-fit-ropen-t3,0.319679,,1,36,0,0.000000,2233.214000,36864,81920,8192,1,3,0.450000,8192,36864,"{""atlasexp-api-353b42"":{""active"":0,""idle"":4,""other"":0},""atlasexp-scheduler-best-fit-8dfa64"":{""active"":0,""idle"":2,""other"":0},""atlasexp-worker-w00-cpu-00-9b6fa2"":{""active"":0,""idle"":4,""other"":0},""atlasexp-worker-w00-cpu-01-b9ac24"":{""active"":0,""idle"":4,""other"":0},""atlasexp-worker-w00-cpu-02-30d07e"":{""active"":0,""idle"":4,""other"":0},""atlasexp-worker-w00-cpu-03-69c33b"":{""active"":0,""idle"":4,""other"":0},""atlasexp-worker-w10-gpu-large-00-4b815b"":{""active"":0,""idle"":4,""other"":0},""atlasexp-worker-w10-gpu-large-01-41e674"":{""active"":0,""idle"":4,""other"":0},""atlasexp-worker-w20-gpu-small-00-583427"":{""active"":1,""idle"":2,""other"":1},""atlasexp-worker-w20-gpu-small-01-f47ba8"":{""active"":0,""idle"":4,""other"":0}}"
2026-09-30T13:45:11.106030168Z,bench-mixed-w8-best-fit-ropen-t3,0.320865,,1,36,0,0.000000,2482.493000,8192,81920,40960,2,2,0.100000,8192,32768,"{""atlasexp-api-353b42"":{""active"":0,""idle"":4,""other"":0},""atlasexp-scheduler-best-fit-8dfa64"":{""active"":0,""idle"":2,""other"":0},""atlasexp-worker-w00-cpu-00-9b6fa2"":{""active"":0,""idle"":4,""other"":0},""atlasexp-worker-w00-cpu-01-b9ac24"":{""active"":0,""idle"":3,""other"":1},""atlasexp-worker-w00-cpu-02-30d07e"":{""active"":0,""idle"":4,""other"":0},""atlasexp-worker-w00-cpu-03-69c33b"":{""active"":0,""idle"":4,""other"":0},""atlasexp-worker-w10-gpu-large-00-4b815b"":{""active"":1,""idle"":3,""other"":0},""atlasexp-worker-w10-gpu-large-01-41e674"":{""active"":0,""idle"":4,""other"":0},""atlasexp-worker-w20-gpu-small-00-583427"":{""active"":0,""idle"":4,""other"":0},""atlasexp-worker-w20-gpu-small-01-f47ba8"":{""active"":0,""idle"":4,""other"":0}}"
2026-09-30T13:45:11.357045362Z,bench-mixed-w8-best-fit-ropen-t3,0.318706,,0,38,0,0.000000,2733.547000,24576,81920,32768,1,3,0.300000,0,24576,"{""atlasexp-api-353b42"":{""active"":0,""idle"":4,""other"":0},""atlasexp-scheduler-best-fit-8dfa64"":{""active"":0,""idle"":2,""other"":0},""atlasexp-worker-w00-cpu-00-9b6fa2"":{""active"":0,""idle"":4,""other"":0},""atlasexp-worker-w00-cpu-01-b9ac24"":{""active"":0,""idle"":4,""other"":0},""atlasexp-worker-w00-cpu-02-30d07e"":{""active"":0,""idle"":4,""other"":0},""atlasexp-worker-w00-cpu-03-69c33b"":{""active"":0,""idle"":4,""other"":0},""atlasexp-worker-w10-gpu-large-00-4b815b"":{""active"":0,""idle"":4,""other"":0},""atlasexp-worker-w10-gpu-large-01-41e674"":{""active"":0,""idle"":4,""other"":0},""atlasexp-worker-w20-gpu-small-00-583427"":{""active"":0,""idle"":4,""other"":0},""atlasexp-worker-w20-gpu-small-01-f47ba8"":{""active"":0,""idle"":4,""other"":0}}"
2026-09-30T13:45:11.606643436Z,bench-mixed-w8-best-fit-ropen-t3,0.360580,,0,38,0,0.000000,2983.209000,4096,81920,73728,3,1,0.050000,8192,4096,"{""atlasexp-api-353b42"":{""active"":0,""idle"":4,""other"":0},""atlasexp-scheduler-best-fit-8dfa64"":{""active"":0,""idle"":2,""other"":0},""atlasexp-worker-w00-cpu-00-9b6fa2"":{""active"":0,""idle"":4,""other"":0},""atlasexp-worker-w00-cpu-01-b9ac24"":{""active"":0,""idle"":4,""other"":0},""atlasexp-worker-w00-cpu-02-30d07e"":{""active"":0,""idle"":4,""other"":0},""atlasexp-worker-w00-cpu-03-69c33b"":{""active"":0,""idle"":4,""other"":0},""atlasexp-worker-w10-gpu-large-00-4b815b"":{""active"":0,""idle"":4,""other"":0},""atlasexp-worker-w10-gpu-large-01-41e674"":{""active"":0,""idle"":4,""other"":0},""atlasexp-worker-w20-gpu-small-00-583427"":{""active"":0,""idle"":4,""other"":0},""atlasexp-worker-w20-gpu-small-01-f47ba8"":{""active"":0,""idle"":4,""other"":0}}"
2026-09-30T13:45:11.856646788Z,bench-mixed-w8-best-fit-ropen-t3,0.439994,,0,38,0,0.000000,,16384,81920,49152,3,1,0.200000,16384,16384,"{""atlasexp-api-353b42"":{""active"":0,""idle"":4,""other"":0},""atlasexp-scheduler-best-fit-8dfa64"":{""active"":0,""idle"":2,""other"":0},""atlasexp-worker-w00-cpu-00-9b6fa2"":{""active"":0,""idle"":4,""other"":0},""atlasexp-worker-w00-cpu-01-b9ac24"":{""active"":0,""idle"":4,""other"":0},""atlasexp-worker-w00-cpu-02-30d07e"":{""active"":0,""idle"":4,""other"":0},""atlasexp-worker-w00-cpu-03-69c33b"":{""active"":0,""idle"":4,""other"":0},""atlasexp-worker-w10-gpu-large-00-4b815b"":{""active"":0,""idle"":4,""other"":0},""atlasexp-worker-w10-gpu-large-01-41e674"":{""active"":0,""idle"":4,""other"":0},""atlasexp-worker-w20-gpu-small-00-583427"":{""active"":0,""idle"":4,""other"":0},""atlasexp-worker-w20-gpu-small-01-f47ba8"":{""active"":0,""idle"":4,""other"":0}}"
