at,scenario_id,db_cpu_core_equivalents,proc_cpu_error,active_app_connections,idle_app_connections,lock_waiters,sampled_lock_wait_fraction,oldest_ready_age_ms,gpu_reserved_vram_mb,gpu_capacity_vram_mb,gpu_free_vram_mb,gpu_available_devices,gpu_reserved_devices,gpu_reservation_ratio,subthreshold_available_vram_slack_for_16gb_job_mb,whole_device_stranded_vram_mb,connections_by_application
2026-09-30T13:41:06.836435563Z,startup,,CPU sampler warming up,0,5,0,0.000000,,0,0,0,0,0,,0,0,"{""atlasexp-api-0c6d69"":{""active"":0,""idle"":1,""other"":0},""atlasexp-worker-w00-cpu-00-b78769"":{""active"":0,""idle"":4,""other"":0}}"
2026-09-30T13:41:07.086641824Z,bench-cpu-w1-best-fit-ropen-t1,0.239802,,4,5,4,1.000000,65.538000,0,0,0,0,0,,0,0,"{""atlasexp-api-0c6d69"":{""active"":3,""idle"":0,""other"":1},""atlasexp-scheduler-best-fit-502c5c"":{""active"":1,""idle"":1,""other"":0},""atlasexp-worker-w00-cpu-00-b78769"":{""active"":0,""idle"":4,""other"":0}}"
2026-09-30T13:41:07.336465649Z,bench-cpu-w1-best-fit-ropen-t1,0.280197,,4,5,3,0.750000,315.301000,0,0,0,0,0,,0,0,"{""atlasexp-api-0c6d69"":{""active"":4,""idle"":0,""other"":0},""atlasexp-scheduler-best-fit-502c5c"":{""active"":0,""idle"":1,""other"":1},""atlasexp-worker-w00-cpu-00-b78769"":{""active"":0,""idle"":4,""other"":0}}"
2026-09-30T13:41:07.586779709Z,bench-cpu-w1-best-fit-ropen-t1,0.519348,,3,6,3,1.000000,565.650000,0,0,0,0,0,,0,0,"{""atlasexp-api-0c6d69"":{""active"":2,""idle"":1,""other"":1},""atlasexp-scheduler-best-fit-502c5c"":{""active"":1,""idle"":1,""other"":0},""atlasexp-worker-w00-cpu-00-b78769"":{""active"":0,""idle"":4,""other"":0}}"
2026-09-30T13:41:07.836145208Z,bench-cpu-w1-best-fit-ropen-t1,0.401018,,1,9,0,0.000000,823.801000,0,0,0,0,0,,0,0,"{""atlasexp-api-0c6d69"":{""active"":0,""idle"":4,""other"":0},""atlasexp-scheduler-best-fit-502c5c"":{""active"":1,""idle"":1,""other"":0},""atlasexp-worker-w00-cpu-00-b78769"":{""active"":0,""idle"":4,""other"":0}}"
2026-09-30T13:41:08.086919757Z,bench-cpu-w1-best-fit-ropen-t1,0.119629,,1,9,0,0.000000,1065.868000,0,0,0,0,0,,0,0,"{""atlasexp-api-0c6d69"":{""active"":0,""idle"":4,""other"":0},""atlasexp-scheduler-best-fit-502c5c"":{""active"":1,""idle"":1,""other"":0},""atlasexp-worker-w00-cpu-00-b78769"":{""active"":0,""idle"":4,""other"":0}}"
2026-09-30T13:41:08.336673932Z,bench-cpu-w1-best-fit-ropen-t1,0.240236,,1,9,0,0.000000,1315.542000,0,0,0,0,0,,0,0,"{""atlasexp-api-0c6d69"":{""active"":0,""idle"":4,""other"":0},""atlasexp-scheduler-best-fit-502c5c"":{""active"":1,""idle"":1,""other"":0},""atlasexp-worker-w00-cpu-00-b78769"":{""active"":0,""idle"":4,""other"":0}}"
2026-09-30T13:41:08.586397038Z,bench-cpu-w1-best-fit-ropen-t1,0.120133,,0,10,0,0.000000,1565.537000,0,0,0,0,0,,0,0,"{""atlasexp-api-0c6d69"":{""active"":0,""idle"":4,""other"":0},""atlasexp-scheduler-best-fit-502c5c"":{""active"":0,""idle"":2,""other"":0},""atlasexp-worker-w00-cpu-00-b78769"":{""active"":0,""idle"":4,""other"":0}}"
2026-09-30T13:41:08.836923316Z,bench-cpu-w1-best-fit-ropen-t1,0.239496,,1,9,0,0.000000,1815.726000,0,0,0,0,0,,0,0,"{""atlasexp-api-0c6d69"":{""active"":0,""idle"":4,""other"":0},""atlasexp-scheduler-best-fit-502c5c"":{""active"":1,""idle"":1,""other"":0},""atlasexp-worker-w00-cpu-00-b78769"":{""active"":0,""idle"":4,""other"":0}}"
2026-09-30T13:41:09.086960298Z,bench-cpu-w1-best-fit-ropen-t1,0.159976,,0,10,0,0.000000,2065.831000,0,0,0,0,0,,0,0,"{""atlasexp-api-0c6d69"":{""active"":0,""idle"":4,""other"":0},""atlasexp-scheduler-best-fit-502c5c"":{""active"":0,""idle"":2,""other"":0},""atlasexp-worker-w00-cpu-00-b78769"":{""active"":0,""idle"":4,""other"":0}}"
2026-09-30T13:41:09.336105981Z,bench-cpu-w1-best-fit-ropen-t1,0.200686,,0,10,0,0.000000,2315.348000,0,0,0,0,0,,0,0,"{""atlasexp-api-0c6d69"":{""active"":0,""idle"":4,""other"":0},""atlasexp-scheduler-best-fit-502c5c"":{""active"":0,""idle"":2,""other"":0},""atlasexp-worker-w00-cpu-00-b78769"":{""active"":0,""idle"":4,""other"":0}}"
2026-09-30T13:41:09.587170119Z,bench-cpu-w1-best-fit-ropen-t1,0.039830,,0,10,0,0.000000,2238.997000,0,0,0,0,0,,0,0,"{""atlasexp-api-0c6d69"":{""active"":0,""idle"":4,""other"":0},""atlasexp-scheduler-best-fit-502c5c"":{""active"":0,""idle"":2,""other"":0},""atlasexp-worker-w00-cpu-00-b78769"":{""active"":0,""idle"":4,""other"":0}}"
2026-09-30T13:41:09.836879304Z,bench-cpu-w1-best-fit-ropen-t1,0.080093,,1,8,0,0.000000,2488.586000,0,0,0,0,0,,0,0,"{""atlasexp-api-0c6d69"":{""active"":0,""idle"":4,""other"":0},""atlasexp-scheduler-best-fit-502c5c"":{""active"":0,""idle"":1,""other"":1},""atlasexp-worker-w00-cpu-00-b78769"":{""active"":1,""idle"":3,""other"":0}}"
2026-09-30T13:41:10.086675763Z,bench-cpu-w1-best-fit-ropen-t1,0.080065,,0,10,0,0.000000,2738.638000,0,0,0,0,0,,0,0,"{""atlasexp-api-0c6d69"":{""active"":0,""idle"":4,""other"":0},""atlasexp-scheduler-best-fit-502c5c"":{""active"":0,""idle"":2,""other"":0},""atlasexp-worker-w00-cpu-00-b78769"":{""active"":0,""idle"":4,""other"":0}}"
2026-09-30T13:41:10.33651384Z,bench-cpu-w1-best-fit-ropen-t1,0.120078,,0,10,0,0.000000,2988.403000,0,0,0,0,0,,0,0,"{""atlasexp-api-0c6d69"":{""active"":0,""idle"":4,""other"":0},""atlasexp-scheduler-best-fit-502c5c"":{""active"":0,""idle"":2,""other"":0},""atlasexp-worker-w00-cpu-00-b78769"":{""active"":0,""idle"":4,""other"":0}}"
2026-09-30T13:41:10.586769648Z,bench-cpu-w1-best-fit-ropen-t1,0.039959,,1,9,0,0.000000,3238.578000,0,0,0,0,0,,0,0,"{""atlasexp-api-0c6d69"":{""active"":0,""idle"":4,""other"":0},""atlasexp-scheduler-best-fit-502c5c"":{""active"":0,""idle"":2,""other"":0},""atlasexp-worker-w00-cpu-00-b78769"":{""active"":1,""idle"":3,""other"":0}}"
2026-09-30T13:41:10.83612305Z,bench-cpu-w1-best-fit-ropen-t1,0.120311,,0,10,0,0.000000,3487.828000,0,0,0,0,0,,0,0,"{""atlasexp-api-0c6d69"":{""active"":0,""idle"":4,""other"":0},""atlasexp-scheduler-best-fit-502c5c"":{""active"":0,""idle"":2,""other"":0},""atlasexp-worker-w00-cpu-00-b78769"":{""active"":0,""idle"":4,""other"":0}}"
2026-09-30T13:41:11.086575466Z,bench-cpu-w1-best-fit-ropen-t1,0.039928,,0,10,0,0.000000,3738.322000,0,0,0,0,0,,0,0,"{""atlasexp-api-0c6d69"":{""active"":0,""idle"":4,""other"":0},""atlasexp-scheduler-best-fit-502c5c"":{""active"":0,""idle"":2,""other"":0},""atlasexp-worker-w00-cpu-00-b78769"":{""active"":0,""idle"":4,""other"":0}}"
2026-09-30T13:41:11.33618318Z,bench-cpu-w1-best-fit-ropen-t1,0.120189,,0,10,0,0.000000,3987.910000,0,0,0,0,0,,0,0,"{""atlasexp-api-0c6d69"":{""active"":0,""idle"":4,""other"":0},""atlasexp-scheduler-best-fit-502c5c"":{""active"":0,""idle"":2,""other"":0},""atlasexp-worker-w00-cpu-00-b78769"":{""active"":0,""idle"":4,""other"":0}}"
2026-09-30T13:41:11.586382232Z,bench-cpu-w1-best-fit-ropen-t1,0.119905,,0,10,0,0.000000,4238.270000,0,0,0,0,0,,0,0,"{""atlasexp-api-0c6d69"":{""active"":0,""idle"":4,""other"":0},""atlasexp-scheduler-best-fit-502c5c"":{""active"":0,""idle"":2,""other"":0},""atlasexp-worker-w00-cpu-00-b78769"":{""active"":0,""idle"":4,""other"":0}}"
2026-09-30T13:41:11.836441642Z,bench-cpu-w1-best-fit-ropen-t1,0.239943,,0,9,0,0.000000,4488.152000,0,0,0,0,0,,0,0,"{""atlasexp-api-0c6d69"":{""active"":0,""idle"":4,""other"":0},""atlasexp-scheduler-best-fit-502c5c"":{""active"":0,""idle"":2,""other"":0},""atlasexp-worker-w00-cpu-00-b78769"":{""active"":0,""idle"":3,""other"":1}}"
2026-09-30T13:41:12.087025293Z,bench-cpu-w1-best-fit-ropen-t1,0.000000,,0,10,0,0.000000,4738.994000,0,0,0,0,0,,0,0,"{""atlasexp-api-0c6d69"":{""active"":0,""idle"":4,""other"":0},""atlasexp-scheduler-best-fit-502c5c"":{""active"":0,""idle"":2,""other"":0},""atlasexp-worker-w00-cpu-00-b78769"":{""active"":0,""idle"":4,""other"":0}}"
2026-09-30T13:41:12.336963227Z,bench-cpu-w1-best-fit-ropen-t1,0.080020,,0,10,0,0.000000,4988.705000,0,0,0,0,0,,0,0,"{""atlasexp-api-0c6d69"":{""active"":0,""idle"":4,""other"":0},""atlasexp-scheduler-best-fit-502c5c"":{""active"":0,""idle"":2,""other"":0},""atlasexp-worker-w00-cpu-00-b78769"":{""active"":0,""idle"":4,""other"":0}}"
2026-09-30T13:41:12.586752413Z,bench-cpu-w1-best-fit-ropen-t1,0.080068,,0,9,0,0.000000,5238.492000,0,0,0,0,0,,0,0,"{""atlasexp-api-0c6d69"":{""active"":0,""idle"":4,""other"":0},""atlasexp-scheduler-best-fit-502c5c"":{""active"":0,""idle"":2,""other"":0},""atlasexp-worker-w00-cpu-00-b78769"":{""active"":0,""idle"":3,""other"":1}}"
2026-09-30T13:41:12.836300729Z,bench-cpu-w1-best-fit-ropen-t1,0.080145,,1,9,0,0.000000,5488.051000,0,0,0,0,0,,0,0,"{""atlasexp-api-0c6d69"":{""active"":0,""idle"":4,""other"":0},""atlasexp-scheduler-best-fit-502c5c"":{""active"":1,""idle"":1,""other"":0},""atlasexp-worker-w00-cpu-00-b78769"":{""active"":0,""idle"":4,""other"":0}}"
2026-09-30T13:41:13.086192494Z,bench-cpu-w1-best-fit-ropen-t1,0.120052,,0,10,0,0.000000,5738.085000,0,0,0,0,0,,0,0,"{""atlasexp-api-0c6d69"":{""active"":0,""idle"":4,""other"":0},""atlasexp-scheduler-best-fit-502c5c"":{""active"":0,""idle"":2,""other"":0},""atlasexp-worker-w00-cpu-00-b78769"":{""active"":0,""idle"":4,""other"":0}}"
2026-09-30T13:41:13.336943398Z,bench-cpu-w1-best-fit-ropen-t1,0.079760,,1,9,0,0.000000,5988.533000,0,0,0,0,0,,0,0,"{""atlasexp-api-0c6d69"":{""active"":0,""idle"":4,""other"":0},""atlasexp-scheduler-best-fit-502c5c"":{""active"":1,""idle"":1,""other"":0},""atlasexp-worker-w00-cpu-00-b78769"":{""active"":0,""idle"":4,""other"":0}}"
2026-09-30T13:41:13.587101102Z,bench-cpu-w1-best-fit-ropen-t1,0.119924,,0,10,0,0.000000,6238.986000,0,0,0,0,0,,0,0,"{""atlasexp-api-0c6d69"":{""active"":0,""idle"":4,""other"":0},""atlasexp-scheduler-best-fit-502c5c"":{""active"":0,""idle"":2,""other"":0},""atlasexp-worker-w00-cpu-00-b78769"":{""active"":0,""idle"":4,""other"":0}}"
2026-09-30T13:41:13.836699182Z,bench-cpu-w1-best-fit-ropen-t1,0.120193,,0,9,0,0.000000,6488.248000,0,0,0,0,0,,0,0,"{""atlasexp-api-0c6d69"":{""active"":0,""idle"":4,""other"":0},""atlasexp-scheduler-best-fit-502c5c"":{""active"":0,""idle"":1,""other"":1},""atlasexp-worker-w00-cpu-00-b78769"":{""active"":0,""idle"":4,""other"":0}}"
2026-09-30T13:41:14.086185973Z,bench-cpu-w1-best-fit-ropen-t1,0.160329,,1,9,0,0.000000,6738.012000,0,0,0,0,0,,0,0,"{""atlasexp-api-0c6d69"":{""active"":0,""idle"":4,""other"":0},""atlasexp-scheduler-best-fit-502c5c"":{""active"":0,""idle"":2,""other"":0},""atlasexp-worker-w00-cpu-00-b78769"":{""active"":1,""idle"":3,""other"":0}}"
2026-09-30T13:41:14.336117065Z,bench-cpu-w1-best-fit-ropen-t1,0.040011,,0,10,0,0.000000,6140.376000,0,0,0,0,0,,0,0,"{""atlasexp-api-0c6d69"":{""active"":0,""idle"":4,""other"":0},""atlasexp-scheduler-best-fit-502c5c"":{""active"":0,""idle"":2,""other"":0},""atlasexp-worker-w00-cpu-00-b78769"":{""active"":0,""idle"":4,""other"":0}}"
2026-09-30T13:41:14.587154151Z,bench-cpu-w1-best-fit-ropen-t1,0.039835,,0,10,0,0.000000,6391.105000,0,0,0,0,0,,0,0,"{""atlasexp-api-0c6d69"":{""active"":0,""idle"":4,""other"":0},""atlasexp-scheduler-best-fit-502c5c"":{""active"":0,""idle"":2,""other"":0},""atlasexp-worker-w00-cpu-00-b78769"":{""active"":0,""idle"":4,""other"":0}}"
2026-09-30T13:41:14.836125057Z,bench-cpu-w1-best-fit-ropen-t1,0.120496,,0,9,0,0.000000,6640.150000,0,0,0,0,0,,0,0,"{""atlasexp-api-0c6d69"":{""active"":0,""idle"":4,""other"":0},""atlasexp-scheduler-best-fit-502c5c"":{""active"":0,""idle"":1,""other"":1},""atlasexp-worker-w00-cpu-00-b78769"":{""active"":0,""idle"":4,""other"":0}}"
2026-09-30T13:41:15.086420852Z,bench-cpu-w1-best-fit-ropen-t1,0.119858,,0,10,0,0.000000,6890.463000,0,0,0,0,0,,0,0,"{""atlasexp-api-0c6d69"":{""active"":0,""idle"":4,""other"":0},""atlasexp-scheduler-best-fit-502c5c"":{""active"":0,""idle"":2,""other"":0},""atlasexp-worker-w00-cpu-00-b78769"":{""active"":0,""idle"":4,""other"":0}}"
2026-09-30T13:41:15.33653358Z,bench-cpu-w1-best-fit-ropen-t1,0.039982,,1,9,0,0.000000,7140.679000,0,0,0,0,0,,0,0,"{""atlasexp-api-0c6d69"":{""active"":0,""idle"":4,""other"":0},""atlasexp-scheduler-best-fit-502c5c"":{""active"":1,""idle"":1,""other"":0},""atlasexp-worker-w00-cpu-00-b78769"":{""active"":0,""idle"":4,""other"":0}}"
2026-09-30T13:41:15.58646238Z,bench-cpu-w1-best-fit-ropen-t1,0.120034,,0,10,0,0.000000,7390.668000,0,0,0,0,0,,0,0,"{""atlasexp-api-0c6d69"":{""active"":0,""idle"":4,""other"":0},""atlasexp-scheduler-best-fit-502c5c"":{""active"":0,""idle"":2,""other"":0},""atlasexp-worker-w00-cpu-00-b78769"":{""active"":0,""idle"":4,""other"":0}}"
2026-09-30T13:41:15.836311856Z,bench-cpu-w1-best-fit-ropen-t1,0.080048,,0,10,0,0.000000,7640.429000,0,0,0,0,0,,0,0,"{""atlasexp-api-0c6d69"":{""active"":0,""idle"":4,""other"":0},""atlasexp-scheduler-best-fit-502c5c"":{""active"":0,""idle"":2,""other"":0},""atlasexp-worker-w00-cpu-00-b78769"":{""active"":0,""idle"":4,""other"":0}}"
2026-09-30T13:41:16.087006454Z,bench-cpu-w1-best-fit-ropen-t1,0.039889,,0,10,0,0.000000,7891.295000,0,0,0,0,0,,0,0,"{""atlasexp-api-0c6d69"":{""active"":0,""idle"":4,""other"":0},""atlasexp-scheduler-best-fit-502c5c"":{""active"":0,""idle"":2,""other"":0},""atlasexp-worker-w00-cpu-00-b78769"":{""active"":0,""idle"":4,""other"":0}}"
2026-09-30T13:41:16.336702995Z,bench-cpu-w1-best-fit-ropen-t1,0.080097,,0,10,0,0.000000,8140.674000,0,0,0,0,0,,0,0,"{""atlasexp-api-0c6d69"":{""active"":0,""idle"":4,""other"":0},""atlasexp-scheduler-best-fit-502c5c"":{""active"":0,""idle"":2,""other"":0},""atlasexp-worker-w00-cpu-00-b78769"":{""active"":0,""idle"":4,""other"":0}}"
2026-09-30T13:41:16.586110087Z,bench-cpu-w1-best-fit-ropen-t1,0.120285,,0,10,0,0.000000,8390.513000,0,0,0,0,0,,0,0,"{""atlasexp-api-0c6d69"":{""active"":0,""idle"":4,""other"":0},""atlasexp-scheduler-best-fit-502c5c"":{""active"":0,""idle"":2,""other"":0},""atlasexp-worker-w00-cpu-00-b78769"":{""active"":0,""idle"":4,""other"":0}}"
2026-09-30T13:41:16.836376935Z,bench-cpu-w1-best-fit-ropen-t1,0.159829,,0,9,0,0.000000,8640.458000,0,0,0,0,0,,0,0,"{""atlasexp-api-0c6d69"":{""active"":0,""idle"":4,""other"":0},""atlasexp-scheduler-best-fit-502c5c"":{""active"":0,""idle"":1,""other"":1},""atlasexp-worker-w00-cpu-00-b78769"":{""active"":0,""idle"":4,""other"":0}}"
2026-09-30T13:41:17.086401722Z,bench-cpu-w1-best-fit-ropen-t1,0.039996,,1,9,0,0.000000,8890.609000,0,0,0,0,0,,0,0,"{""atlasexp-api-0c6d69"":{""active"":0,""idle"":4,""other"":0},""atlasexp-scheduler-best-fit-502c5c"":{""active"":0,""idle"":2,""other"":0},""atlasexp-worker-w00-cpu-00-b78769"":{""active"":1,""idle"":3,""other"":0}}"
2026-09-30T13:41:17.336733928Z,bench-cpu-w1-best-fit-ropen-t1,0.119841,,0,9,0,0.000000,9140.709000,0,0,0,0,0,,0,0,"{""atlasexp-api-0c6d69"":{""active"":0,""idle"":4,""other"":0},""atlasexp-scheduler-best-fit-502c5c"":{""active"":0,""idle"":1,""other"":1},""atlasexp-worker-w00-cpu-00-b78769"":{""active"":0,""idle"":4,""other"":0}}"
2026-09-30T13:41:17.586897177Z,bench-cpu-w1-best-fit-ropen-t1,0.039974,,0,10,0,0.000000,9391.240000,0,0,0,0,0,,0,0,"{""atlasexp-api-0c6d69"":{""active"":0,""idle"":4,""other"":0},""atlasexp-scheduler-best-fit-502c5c"":{""active"":0,""idle"":2,""other"":0},""atlasexp-worker-w00-cpu-00-b78769"":{""active"":0,""idle"":4,""other"":0}}"
2026-09-30T13:41:17.836125527Z,bench-cpu-w1-best-fit-ropen-t1,0.120372,,1,9,0,0.000000,9640.045000,0,0,0,0,0,,0,0,"{""atlasexp-api-0c6d69"":{""active"":0,""idle"":4,""other"":0},""atlasexp-scheduler-best-fit-502c5c"":{""active"":1,""idle"":1,""other"":0},""atlasexp-worker-w00-cpu-00-b78769"":{""active"":0,""idle"":4,""other"":0}}"
2026-09-30T13:41:18.086626928Z,bench-cpu-w1-best-fit-ropen-t1,0.119760,,0,10,0,0.000000,9890.698000,0,0,0,0,0,,0,0,"{""atlasexp-api-0c6d69"":{""active"":0,""idle"":4,""other"":0},""atlasexp-scheduler-best-fit-502c5c"":{""active"":0,""idle"":2,""other"":0},""atlasexp-worker-w00-cpu-00-b78769"":{""active"":0,""idle"":4,""other"":0}}"
2026-09-30T13:41:18.336553445Z,bench-cpu-w1-best-fit-ropen-t1,0.160047,,1,9,0,0.000000,10140.481000,0,0,0,0,0,,0,0,"{""atlasexp-api-0c6d69"":{""active"":0,""idle"":4,""other"":0},""atlasexp-scheduler-best-fit-502c5c"":{""active"":1,""idle"":1,""other"":0},""atlasexp-worker-w00-cpu-00-b78769"":{""active"":0,""idle"":4,""other"":0}}"
2026-09-30T13:41:18.586533592Z,bench-cpu-w1-best-fit-ropen-t1,0.040003,,0,10,0,0.000000,10390.741000,0,0,0,0,0,,0,0,"{""atlasexp-api-0c6d69"":{""active"":0,""idle"":4,""other"":0},""atlasexp-scheduler-best-fit-502c5c"":{""active"":0,""idle"":2,""other"":0},""atlasexp-worker-w00-cpu-00-b78769"":{""active"":0,""idle"":4,""other"":0}}"
2026-09-30T13:41:18.836169245Z,bench-cpu-w1-best-fit-ropen-t1,0.080117,,0,9,0,0.000000,10640.284000,0,0,0,0,0,,0,0,"{""atlasexp-api-0c6d69"":{""active"":0,""idle"":4,""other"":0},""atlasexp-scheduler-best-fit-502c5c"":{""active"":0,""idle"":1,""other"":1},""atlasexp-worker-w00-cpu-00-b78769"":{""active"":0,""idle"":4,""other"":0}}"
2026-09-30T13:41:19.086187743Z,bench-cpu-w1-best-fit-ropen-t1,0.119991,,0,10,0,0.000000,10890.641000,0,0,0,0,0,,0,0,"{""atlasexp-api-0c6d69"":{""active"":0,""idle"":4,""other"":0},""atlasexp-scheduler-best-fit-502c5c"":{""active"":0,""idle"":2,""other"":0},""atlasexp-worker-w00-cpu-00-b78769"":{""active"":0,""idle"":4,""other"":0}}"
2026-09-30T13:41:19.336338329Z,bench-cpu-w1-best-fit-ropen-t1,0.079952,,0,10,0,0.000000,11140.513000,0,0,0,0,0,,0,0,"{""atlasexp-api-0c6d69"":{""active"":0,""idle"":4,""other"":0},""atlasexp-scheduler-best-fit-502c5c"":{""active"":0,""idle"":2,""other"":0},""atlasexp-worker-w00-cpu-00-b78769"":{""active"":0,""idle"":4,""other"":0}}"
2026-09-30T13:41:19.586975645Z,bench-cpu-w1-best-fit-ropen-t2,0.119695,,4,6,3,0.750000,65.383000,0,0,0,0,0,,0,0,"{""atlasexp-api-0c6d69"":{""active"":4,""idle"":0,""other"":0},""atlasexp-scheduler-best-fit-502c5c"":{""active"":0,""idle"":2,""other"":0},""atlasexp-worker-w00-cpu-00-b78769"":{""active"":0,""idle"":4,""other"":0}}"
2026-09-30T13:41:19.836276553Z,bench-cpu-w1-best-fit-ropen-t2,0.521458,,4,5,4,1.000000,314.616000,0,0,0,0,0,,0,0,"{""atlasexp-api-0c6d69"":{""active"":3,""idle"":0,""other"":1},""atlasexp-scheduler-best-fit-502c5c"":{""active"":1,""idle"":1,""other"":0},""atlasexp-worker-w00-cpu-00-b78769"":{""active"":0,""idle"":4,""other"":0}}"
2026-09-30T13:41:20.086247081Z,bench-cpu-w1-best-fit-ropen-t2,0.600071,,3,6,3,1.000000,564.553000,0,0,0,0,0,,0,0,"{""atlasexp-api-0c6d69"":{""active"":3,""idle"":0,""other"":1},""atlasexp-scheduler-best-fit-502c5c"":{""active"":0,""idle"":2,""other"":0},""atlasexp-worker-w00-cpu-00-b78769"":{""active"":0,""idle"":4,""other"":0}}"
2026-09-30T13:41:20.336551624Z,bench-cpu-w1-best-fit-ropen-t2,0.519367,,1,9,0,0.000000,814.934000,0,0,0,0,0,,0,0,"{""atlasexp-api-0c6d69"":{""active"":0,""idle"":4,""other"":0},""atlasexp-scheduler-best-fit-502c5c"":{""active"":1,""idle"":1,""other"":0},""atlasexp-worker-w00-cpu-00-b78769"":{""active"":0,""idle"":4,""other"":0}}"
2026-09-30T13:41:20.586301821Z,bench-cpu-w1-best-fit-ropen-t2,0.160160,,1,9,0,0.000000,1064.711000,0,0,0,0,0,,0,0,"{""atlasexp-api-0c6d69"":{""active"":0,""idle"":4,""other"":0},""atlasexp-scheduler-best-fit-502c5c"":{""active"":1,""idle"":1,""other"":0},""atlasexp-worker-w00-cpu-00-b78769"":{""active"":0,""idle"":4,""other"":0}}"
2026-09-30T13:41:20.836771543Z,bench-cpu-w1-best-fit-ropen-t2,0.119775,,0,10,0,0.000000,1315.037000,0,0,0,0,0,,0,0,"{""atlasexp-api-0c6d69"":{""active"":0,""idle"":4,""other"":0},""atlasexp-scheduler-best-fit-502c5c"":{""active"":0,""idle"":2,""other"":0},""atlasexp-worker-w00-cpu-00-b78769"":{""active"":0,""idle"":4,""other"":0}}"
2026-09-30T13:41:21.086877305Z,bench-cpu-w1-best-fit-ropen-t2,0.239899,,0,10,0,0.000000,1565.366000,0,0,0,0,0,,0,0,"{""atlasexp-api-0c6d69"":{""active"":0,""idle"":4,""other"":0},""atlasexp-scheduler-best-fit-502c5c"":{""active"":0,""idle"":2,""other"":0},""atlasexp-worker-w00-cpu-00-b78769"":{""active"":0,""idle"":4,""other"":0}}"
2026-09-30T13:41:21.336889794Z,bench-cpu-w1-best-fit-ropen-t2,0.239988,,0,9,0,0.000000,1815.173000,0,0,0,0,0,,0,0,"{""atlasexp-api-0c6d69"":{""active"":0,""idle"":4,""other"":0},""atlasexp-scheduler-best-fit-502c5c"":{""active"":0,""idle"":1,""other"":1},""atlasexp-worker-w00-cpu-00-b78769"":{""active"":0,""idle"":4,""other"":0}}"
2026-09-30T13:41:21.58631216Z,bench-cpu-w1-best-fit-ropen-t2,0.080185,,0,9,0,0.000000,2064.720000,0,0,0,0,0,,0,0,"{""atlasexp-api-0c6d69"":{""active"":0,""idle"":4,""other"":0},""atlasexp-scheduler-best-fit-502c5c"":{""active"":0,""idle"":2,""other"":0},""atlasexp-worker-w00-cpu-00-b78769"":{""active"":0,""idle"":3,""other"":1}}"
2026-09-30T13:41:21.836338983Z,bench-cpu-w1-best-fit-ropen-t2,0.119987,,1,9,0,0.000000,2314.732000,0,0,0,0,0,,0,0,"{""atlasexp-api-0c6d69"":{""active"":0,""idle"":4,""other"":0},""atlasexp-scheduler-best-fit-502c5c"":{""active"":0,""idle"":2,""other"":0},""atlasexp-worker-w00-cpu-00-b78769"":{""active"":1,""idle"":3,""other"":0}}"
2026-09-30T13:41:22.087189055Z,bench-cpu-w1-best-fit-ropen-t2,0.079729,,0,10,0,0.000000,2565.847000,0,0,0,0,0,,0,0,"{""atlasexp-api-0c6d69"":{""active"":0,""idle"":4,""other"":0},""atlasexp-scheduler-best-fit-502c5c"":{""active"":0,""idle"":2,""other"":0},""atlasexp-worker-w00-cpu-00-b78769"":{""active"":0,""idle"":4,""other"":0}}"
2026-09-30T13:41:22.337077709Z,bench-cpu-w1-best-fit-ropen-t2,0.120053,,0,9,0,0.000000,2404.122000,0,0,0,0,0,,0,0,"{""atlasexp-api-0c6d69"":{""active"":0,""idle"":4,""other"":0},""atlasexp-scheduler-best-fit-502c5c"":{""active"":0,""idle"":1,""other"":1},""atlasexp-worker-w00-cpu-00-b78769"":{""active"":0,""idle"":4,""other"":0}}"
2026-09-30T13:41:22.586562299Z,bench-cpu-w1-best-fit-ropen-t2,0.120248,,0,10,0,0.000000,2653.767000,0,0,0,0,0,,0,0,"{""atlasexp-api-0c6d69"":{""active"":0,""idle"":4,""other"":0},""atlasexp-scheduler-best-fit-502c5c"":{""active"":0,""idle"":2,""other"":0},""atlasexp-worker-w00-cpu-00-b78769"":{""active"":0,""idle"":4,""other"":0}}"
2026-09-30T13:41:22.837123541Z,bench-cpu-w1-best-fit-ropen-t2,0.039910,,0,9,0,0.000000,2904.140000,0,0,0,0,0,,0,0,"{""atlasexp-api-0c6d69"":{""active"":0,""idle"":4,""other"":0},""atlasexp-scheduler-best-fit-502c5c"":{""active"":0,""idle"":1,""other"":1},""atlasexp-worker-w00-cpu-00-b78769"":{""active"":0,""idle"":4,""other"":0}}"
2026-09-30T13:41:23.08660816Z,bench-cpu-w1-best-fit-ropen-t2,0.120248,,0,9,0,0.000000,3153.868000,0,0,0,0,0,,0,0,"{""atlasexp-api-0c6d69"":{""active"":0,""idle"":4,""other"":0},""atlasexp-scheduler-best-fit-502c5c"":{""active"":0,""idle"":2,""other"":0},""atlasexp-worker-w00-cpu-00-b78769"":{""active"":0,""idle"":3,""other"":1}}"
2026-09-30T13:41:23.336501102Z,bench-cpu-w1-best-fit-ropen-t2,0.080034,,1,8,0,0.000000,3403.606000,0,0,0,0,0,,0,0,"{""atlasexp-api-0c6d69"":{""active"":0,""idle"":4,""other"":0},""atlasexp-scheduler-best-fit-502c5c"":{""active"":0,""idle"":2,""other"":0},""atlasexp-worker-w00-cpu-00-b78769"":{""active"":1,""idle"":2,""other"":1}}"
2026-09-30T13:41:23.586438267Z,bench-cpu-w1-best-fit-ropen-t2,0.200050,,0,10,0,0.000000,3653.631000,0,0,0,0,0,,0,0,"{""atlasexp-api-0c6d69"":{""active"":0,""idle"":4,""other"":0},""atlasexp-scheduler-best-fit-502c5c"":{""active"":0,""idle"":2,""other"":0},""atlasexp-worker-w00-cpu-00-b78769"":{""active"":0,""idle"":4,""other"":0}}"
2026-09-30T13:41:23.83713445Z,bench-cpu-w1-best-fit-ropen-t2,0.039889,,0,9,0,0.000000,3904.145000,0,0,0,0,0,,0,0,"{""atlasexp-api-0c6d69"":{""active"":0,""idle"":4,""other"":0},""atlasexp-scheduler-best-fit-502c5c"":{""active"":0,""idle"":1,""other"":1},""atlasexp-worker-w00-cpu-00-b78769"":{""active"":0,""idle"":4,""other"":0}}"
2026-09-30T13:41:24.086753652Z,bench-cpu-w1-best-fit-ropen-t2,0.160244,,0,10,0,0.000000,4154.015000,0,0,0,0,0,,0,0,"{""atlasexp-api-0c6d69"":{""active"":0,""idle"":4,""other"":0},""atlasexp-scheduler-best-fit-502c5c"":{""active"":0,""idle"":2,""other"":0},""atlasexp-worker-w00-cpu-00-b78769"":{""active"":0,""idle"":4,""other"":0}}"
2026-09-30T13:41:24.336362264Z,bench-cpu-w1-best-fit-ropen-t2,0.040063,,0,9,0,0.000000,4403.588000,0,0,0,0,0,,0,0,"{""atlasexp-api-0c6d69"":{""active"":0,""idle"":4,""other"":0},""atlasexp-scheduler-best-fit-502c5c"":{""active"":0,""idle"":1,""other"":1},""atlasexp-worker-w00-cpu-00-b78769"":{""active"":0,""idle"":4,""other"":0}}"
2026-09-30T13:41:24.586858524Z,bench-cpu-w1-best-fit-ropen-t2,0.159683,,0,10,0,0.000000,4653.993000,0,0,0,0,0,,0,0,"{""atlasexp-api-0c6d69"":{""active"":0,""idle"":4,""other"":0},""atlasexp-scheduler-best-fit-502c5c"":{""active"":0,""idle"":2,""other"":0},""atlasexp-worker-w00-cpu-00-b78769"":{""active"":0,""idle"":4,""other"":0}}"
2026-09-30T13:41:24.837054163Z,bench-cpu-w1-best-fit-ropen-t2,0.119906,,0,9,0,0.000000,4904.217000,0,0,0,0,0,,0,0,"{""atlasexp-api-0c6d69"":{""active"":0,""idle"":4,""other"":0},""atlasexp-scheduler-best-fit-502c5c"":{""active"":0,""idle"":1,""other"":1},""atlasexp-worker-w00-cpu-00-b78769"":{""active"":0,""idle"":4,""other"":0}}"
2026-09-30T13:41:25.086809669Z,bench-cpu-w1-best-fit-ropen-t2,0.120117,,0,10,0,0.000000,5154.012000,0,0,0,0,0,,0,0,"{""atlasexp-api-0c6d69"":{""active"":0,""idle"":4,""other"":0},""atlasexp-scheduler-best-fit-502c5c"":{""active"":0,""idle"":2,""other"":0},""atlasexp-worker-w00-cpu-00-b78769"":{""active"":0,""idle"":4,""other"":0}}"
2026-09-30T13:41:25.336723308Z,bench-cpu-w1-best-fit-ropen-t2,0.080028,,1,9,0,0.000000,5403.722000,0,0,0,0,0,,0,0,"{""atlasexp-api-0c6d69"":{""active"":0,""idle"":4,""other"":0},""atlasexp-scheduler-best-fit-502c5c"":{""active"":1,""idle"":1,""other"":0},""atlasexp-worker-w00-cpu-00-b78769"":{""active"":0,""idle"":4,""other"":0}}"
2026-09-30T13:41:25.586946066Z,bench-cpu-w1-best-fit-ropen-t2,0.079929,,0,10,0,0.000000,5654.220000,0,0,0,0,0,,0,0,"{""atlasexp-api-0c6d69"":{""active"":0,""idle"":4,""other"":0},""atlasexp-scheduler-best-fit-502c5c"":{""active"":0,""idle"":2,""other"":0},""atlasexp-worker-w00-cpu-00-b78769"":{""active"":0,""idle"":4,""other"":0}}"
2026-09-30T13:41:25.836889812Z,bench-cpu-w1-best-fit-ropen-t2,0.160036,,0,9,0,0.000000,5903.989000,0,0,0,0,0,,0,0,"{""atlasexp-api-0c6d69"":{""active"":0,""idle"":4,""other"":0},""atlasexp-scheduler-best-fit-502c5c"":{""active"":0,""idle"":1,""other"":1},""atlasexp-worker-w00-cpu-00-b78769"":{""active"":0,""idle"":4,""other"":0}}"
2026-09-30T13:41:26.087166252Z,bench-cpu-w1-best-fit-ropen-t2,0.039956,,1,9,0,0.000000,6154.235000,0,0,0,0,0,,0,0,"{""atlasexp-api-0c6d69"":{""active"":0,""idle"":4,""other"":0},""atlasexp-scheduler-best-fit-502c5c"":{""active"":0,""idle"":2,""other"":0},""atlasexp-worker-w00-cpu-00-b78769"":{""active"":1,""idle"":3,""other"":0}}"
2026-09-30T13:41:26.337055086Z,bench-cpu-w1-best-fit-ropen-t2,0.120053,,0,9,0,0.000000,6404.126000,0,0,0,0,0,,0,0,"{""atlasexp-api-0c6d69"":{""active"":0,""idle"":4,""other"":0},""atlasexp-scheduler-best-fit-502c5c"":{""active"":0,""idle"":1,""other"":1},""atlasexp-worker-w00-cpu-00-b78769"":{""active"":0,""idle"":4,""other"":0}}"
2026-09-30T13:41:26.586763874Z,bench-cpu-w1-best-fit-ropen-t2,0.120140,,1,9,0,0.000000,6653.845000,0,0,0,0,0,,0,0,"{""atlasexp-api-0c6d69"":{""active"":0,""idle"":4,""other"":0},""atlasexp-scheduler-best-fit-502c5c"":{""active"":0,""idle"":2,""other"":0},""atlasexp-worker-w00-cpu-00-b78769"":{""active"":1,""idle"":3,""other"":0}}"
2026-09-30T13:41:26.836923054Z,bench-cpu-w1-best-fit-ropen-t2,0.119924,,0,9,0,0.000000,6904.059000,0,0,0,0,0,,0,0,"{""atlasexp-api-0c6d69"":{""active"":0,""idle"":4,""other"":0},""atlasexp-scheduler-best-fit-502c5c"":{""active"":0,""idle"":2,""other"":0},""atlasexp-worker-w00-cpu-00-b78769"":{""active"":0,""idle"":3,""other"":1}}"
2026-09-30T13:41:27.086693099Z,bench-cpu-w1-best-fit-ropen-t2,0.080074,,0,10,0,0.000000,7153.805000,0,0,0,0,0,,0,0,"{""atlasexp-api-0c6d69"":{""active"":0,""idle"":4,""other"":0},""atlasexp-scheduler-best-fit-502c5c"":{""active"":0,""idle"":2,""other"":0},""atlasexp-worker-w00-cpu-00-b78769"":{""active"":0,""idle"":4,""other"":0}}"
2026-09-30T13:41:27.336558056Z,bench-cpu-w1-best-fit-ropen-t2,0.160086,,0,10,0,0.000000,6530.158000,0,0,0,0,0,,0,0,"{""atlasexp-api-0c6d69"":{""active"":0,""idle"":4,""other"":0},""atlasexp-scheduler-best-fit-502c5c"":{""active"":0,""idle"":2,""other"":0},""atlasexp-worker-w00-cpu-00-b78769"":{""active"":0,""idle"":4,""other"":0}}"
2026-09-30T13:41:27.586453262Z,bench-cpu-w1-best-fit-ropen-t2,0.080034,,0,10,0,0.000000,6780.040000,0,0,0,0,0,,0,0,"{""atlasexp-api-0c6d69"":{""active"":0,""idle"":4,""other"":0},""atlasexp-scheduler-best-fit-502c5c"":{""active"":0,""idle"":2,""other"":0},""atlasexp-worker-w00-cpu-00-b78769"":{""active"":0,""idle"":4,""other"":0}}"
2026-09-30T13:41:27.836796937Z,bench-cpu-w1-best-fit-ropen-t2,0.119835,,1,9,0,0.000000,7030.334000,0,0,0,0,0,,0,0,"{""atlasexp-api-0c6d69"":{""active"":0,""idle"":4,""other"":0},""atlasexp-scheduler-best-fit-502c5c"":{""active"":1,""idle"":1,""other"":0},""atlasexp-worker-w00-cpu-00-b78769"":{""active"":0,""idle"":4,""other"":0}}"
2026-09-30T13:41:28.086727438Z,bench-cpu-w1-best-fit-ropen-t2,0.080022,,0,10,0,0.000000,7280.387000,0,0,0,0,0,,0,0,"{""atlasexp-api-0c6d69"":{""active"":0,""idle"":4,""other"":0},""atlasexp-scheduler-best-fit-502c5c"":{""active"":0,""idle"":2,""other"":0},""atlasexp-worker-w00-cpu-00-b78769"":{""active"":0,""idle"":4,""other"":0}}"
2026-09-30T13:41:28.336822139Z,bench-cpu-w1-best-fit-ropen-t2,0.079970,,0,10,0,0.000000,7530.601000,0,0,0,0,0,,0,0,"{""atlasexp-api-0c6d69"":{""active"":0,""idle"":4,""other"":0},""atlasexp-scheduler-best-fit-502c5c"":{""active"":0,""idle"":2,""other"":0},""atlasexp-worker-w00-cpu-00-b78769"":{""active"":0,""idle"":4,""other"":0}}"
2026-09-30T13:41:28.586415812Z,bench-cpu-w1-best-fit-ropen-t2,0.120195,,0,10,0,0.000000,7780.270000,0,0,0,0,0,,0,0,"{""atlasexp-api-0c6d69"":{""active"":0,""idle"":4,""other"":0},""atlasexp-scheduler-best-fit-502c5c"":{""active"":0,""idle"":2,""other"":0},""atlasexp-worker-w00-cpu-00-b78769"":{""active"":0,""idle"":4,""other"":0}}"
2026-09-30T13:41:28.83684197Z,bench-cpu-w1-best-fit-ropen-t2,0.079864,,0,9,0,0.000000,8030.369000,0,0,0,0,0,,0,0,"{""atlasexp-api-0c6d69"":{""active"":0,""idle"":4,""other"":0},""atlasexp-scheduler-best-fit-502c5c"":{""active"":0,""idle"":1,""other"":1},""atlasexp-worker-w00-cpu-00-b78769"":{""active"":0,""idle"":4,""other"":0}}"
2026-09-30T13:41:29.086161028Z,bench-cpu-w1-best-fit-ropen-t2,0.080218,,0,10,0,0.000000,8279.955000,0,0,0,0,0,,0,0,"{""atlasexp-api-0c6d69"":{""active"":0,""idle"":4,""other"":0},""atlasexp-scheduler-best-fit-502c5c"":{""active"":0,""idle"":2,""other"":0},""atlasexp-worker-w00-cpu-00-b78769"":{""active"":0,""idle"":4,""other"":0}}"
2026-09-30T13:41:29.336360894Z,bench-cpu-w1-best-fit-ropen-t2,0.079936,,0,9,0,0.000000,8529.857000,0,0,0,0,0,,0,0,"{""atlasexp-api-0c6d69"":{""active"":0,""idle"":4,""other"":0},""atlasexp-scheduler-best-fit-502c5c"":{""active"":0,""idle"":1,""other"":1},""atlasexp-worker-w00-cpu-00-b78769"":{""active"":0,""idle"":4,""other"":0}}"
2026-09-30T13:41:29.586960705Z,bench-cpu-w1-best-fit-ropen-t2,0.119713,,0,10,0,0.000000,8780.937000,0,0,0,0,0,,0,0,"{""atlasexp-api-0c6d69"":{""active"":0,""idle"":4,""other"":0},""atlasexp-scheduler-best-fit-502c5c"":{""active"":0,""idle"":2,""other"":0},""atlasexp-worker-w00-cpu-00-b78769"":{""active"":0,""idle"":4,""other"":0}}"
2026-09-30T13:41:29.836322615Z,bench-cpu-w1-best-fit-ropen-t2,0.120307,,0,9,0,0.000000,9029.991000,0,0,0,0,0,,0,0,"{""atlasexp-api-0c6d69"":{""active"":0,""idle"":4,""other"":0},""atlasexp-scheduler-best-fit-502c5c"":{""active"":0,""idle"":1,""other"":1},""atlasexp-worker-w00-cpu-00-b78769"":{""active"":0,""idle"":4,""other"":0}}"
2026-09-30T13:41:30.086178606Z,bench-cpu-w1-best-fit-ropen-t2,0.040023,,0,9,0,0.000000,9279.747000,0,0,0,0,0,,0,0,"{""atlasexp-api-0c6d69"":{""active"":0,""idle"":4,""other"":0},""atlasexp-scheduler-best-fit-502c5c"":{""active"":0,""idle"":2,""other"":0},""atlasexp-worker-w00-cpu-00-b78769"":{""active"":0,""idle"":3,""other"":1}}"
2026-09-30T13:41:30.337043828Z,bench-cpu-w1-best-fit-ropen-t2,0.159448,,2,8,0,0.000000,9530.663000,0,0,0,0,0,,0,0,"{""atlasexp-api-0c6d69"":{""active"":0,""idle"":4,""other"":0},""atlasexp-scheduler-best-fit-502c5c"":{""active"":0,""idle"":2,""other"":0},""atlasexp-worker-w00-cpu-00-b78769"":{""active"":2,""idle"":2,""other"":0}}"
2026-09-30T13:41:30.586554865Z,bench-cpu-w1-best-fit-ropen-t2,0.120235,,0,10,0,0.000000,9780.385000,0,0,0,0,0,,0,0,"{""atlasexp-api-0c6d69"":{""active"":0,""idle"":4,""other"":0},""atlasexp-scheduler-best-fit-502c5c"":{""active"":0,""idle"":2,""other"":0},""atlasexp-worker-w00-cpu-00-b78769"":{""active"":0,""idle"":4,""other"":0}}"
2026-09-30T13:41:30.836996984Z,bench-cpu-w1-best-fit-ropen-t2,0.119788,,2,8,0,0.000000,10030.654000,0,0,0,0,0,,0,0,"{""atlasexp-api-0c6d69"":{""active"":0,""idle"":4,""other"":0},""atlasexp-scheduler-best-fit-502c5c"":{""active"":0,""idle"":2,""other"":0},""atlasexp-worker-w00-cpu-00-b78769"":{""active"":2,""idle"":2,""other"":0}}"
2026-09-30T13:41:31.086808625Z,bench-cpu-w1-best-fit-ropen-t2,0.120090,,0,10,0,0.000000,10280.631000,0,0,0,0,0,,0,0,"{""atlasexp-api-0c6d69"":{""active"":0,""idle"":4,""other"":0},""atlasexp-scheduler-best-fit-502c5c"":{""active"":0,""idle"":2,""other"":0},""atlasexp-worker-w00-cpu-00-b78769"":{""active"":0,""idle"":4,""other"":0}}"
2026-09-30T13:41:31.336782998Z,bench-cpu-w1-best-fit-ropen-t2,0.040004,,1,9,0,0.000000,10530.334000,0,0,0,0,0,,0,0,"{""atlasexp-api-0c6d69"":{""active"":0,""idle"":4,""other"":0},""atlasexp-scheduler-best-fit-502c5c"":{""active"":1,""idle"":1,""other"":0},""atlasexp-worker-w00-cpu-00-b78769"":{""active"":0,""idle"":4,""other"":0}}"
2026-09-30T13:41:31.586474253Z,bench-cpu-w1-best-fit-ropen-t2,0.160198,,1,9,0,0.000000,10779.896000,0,0,0,0,0,,0,0,"{""atlasexp-api-0c6d69"":{""active"":0,""idle"":4,""other"":0},""atlasexp-scheduler-best-fit-502c5c"":{""active"":0,""idle"":2,""other"":0},""atlasexp-worker-w00-cpu-00-b78769"":{""active"":1,""idle"":3,""other"":0}}"
2026-09-30T13:41:31.836419863Z,bench-cpu-w1-best-fit-ropen-t2,0.080017,,0,10,0,0.000000,11030.065000,0,0,0,0,0,,0,0,"{""atlasexp-api-0c6d69"":{""active"":0,""idle"":4,""other"":0},""atlasexp-scheduler-best-fit-502c5c"":{""active"":0,""idle"":2,""other"":0},""atlasexp-worker-w00-cpu-00-b78769"":{""active"":0,""idle"":4,""other"":0}}"
2026-09-30T13:41:32.086437611Z,bench-cpu-w1-best-fit-ropen-t3,0.279980,,5,5,4,0.800000,65.131000,0,0,0,0,0,,0,0,"{""atlasexp-api-0c6d69"":{""active"":4,""idle"":0,""other"":0},""atlasexp-scheduler-best-fit-502c5c"":{""active"":1,""idle"":1,""other"":0},""atlasexp-worker-w00-cpu-00-b78769"":{""active"":0,""idle"":4,""other"":0}}"
2026-09-30T13:41:32.336962293Z,bench-cpu-w1-best-fit-ropen-t3,0.478995,,3,6,3,1.000000,315.672000,0,0,0,0,0,,0,0,"{""atlasexp-api-0c6d69"":{""active"":3,""idle"":0,""other"":1},""atlasexp-scheduler-best-fit-502c5c"":{""active"":0,""idle"":2,""other"":0},""atlasexp-worker-w00-cpu-00-b78769"":{""active"":0,""idle"":4,""other"":0}}"
2026-09-30T13:41:32.586164905Z,bench-cpu-w1-best-fit-ropen-t3,0.561792,,5,4,4,0.800000,564.768000,0,0,0,0,0,,0,0,"{""atlasexp-api-0c6d69"":{""active"":3,""idle"":0,""other"":1},""atlasexp-scheduler-best-fit-502c5c"":{""active"":1,""idle"":1,""other"":0},""atlasexp-worker-w00-cpu-00-b78769"":{""active"":1,""idle"":3,""other"":0}}"
2026-09-30T13:41:32.836116536Z,bench-cpu-w1-best-fit-ropen-t3,0.640124,,5,5,4,0.800000,814.696000,0,0,0,0,0,,0,0,"{""atlasexp-api-0c6d69"":{""active"":4,""idle"":0,""other"":0},""atlasexp-scheduler-best-fit-502c5c"":{""active"":1,""idle"":1,""other"":0},""atlasexp-worker-w00-cpu-00-b78769"":{""active"":0,""idle"":4,""other"":0}}"
2026-09-30T13:41:33.086998167Z,bench-cpu-w1-best-fit-ropen-t3,0.279016,,0,9,0,0.000000,1065.726000,0,0,0,0,0,,0,0,"{""atlasexp-api-0c6d69"":{""active"":0,""idle"":4,""other"":0},""atlasexp-scheduler-best-fit-502c5c"":{""active"":0,""idle"":1,""other"":1},""atlasexp-worker-w00-cpu-00-b78769"":{""active"":0,""idle"":4,""other"":0}}"
2026-09-30T13:41:33.336505885Z,bench-cpu-w1-best-fit-ropen-t3,0.200395,,0,10,0,0.000000,1315.403000,0,0,0,0,0,,0,0,"{""atlasexp-api-0c6d69"":{""active"":0,""idle"":4,""other"":0},""atlasexp-scheduler-best-fit-502c5c"":{""active"":0,""idle"":2,""other"":0},""atlasexp-worker-w00-cpu-00-b78769"":{""active"":0,""idle"":4,""other"":0}}"
2026-09-30T13:41:33.586960167Z,bench-cpu-w1-best-fit-ropen-t3,0.159710,,0,9,0,0.000000,1565.773000,0,0,0,0,0,,0,0,"{""atlasexp-api-0c6d69"":{""active"":0,""idle"":4,""other"":0},""atlasexp-scheduler-best-fit-502c5c"":{""active"":0,""idle"":2,""other"":0},""atlasexp-worker-w00-cpu-00-b78769"":{""active"":0,""idle"":3,""other"":1}}"
2026-09-30T13:41:33.83681062Z,bench-cpu-w1-best-fit-ropen-t3,0.200120,,1,9,0,0.000000,1815.633000,0,0,0,0,0,,0,0,"{""atlasexp-api-0c6d69"":{""active"":0,""idle"":4,""other"":0},""atlasexp-scheduler-best-fit-502c5c"":{""active"":1,""idle"":1,""other"":0},""atlasexp-worker-w00-cpu-00-b78769"":{""active"":0,""idle"":4,""other"":0}}"
2026-09-30T13:41:34.086903837Z,bench-cpu-w1-best-fit-ropen-t3,0.199925,,0,10,0,0.000000,2065.619000,0,0,0,0,0,,0,0,"{""atlasexp-api-0c6d69"":{""active"":0,""idle"":4,""other"":0},""atlasexp-scheduler-best-fit-502c5c"":{""active"":0,""idle"":2,""other"":0},""atlasexp-worker-w00-cpu-00-b78769"":{""active"":0,""idle"":4,""other"":0}}"
2026-09-30T13:41:34.336398073Z,bench-cpu-w1-best-fit-ropen-t3,0.160324,,0,9,0,0.000000,2315.191000,0,0,0,0,0,,0,0,"{""atlasexp-api-0c6d69"":{""active"":0,""idle"":4,""other"":0},""atlasexp-scheduler-best-fit-502c5c"":{""active"":0,""idle"":1,""other"":1},""atlasexp-worker-w00-cpu-00-b78769"":{""active"":0,""idle"":4,""other"":0}}"
2026-09-30T13:41:34.586719257Z,bench-cpu-w1-best-fit-ropen-t3,0.119846,,0,9,0,0.000000,2565.427000,0,0,0,0,0,,0,0,"{""atlasexp-api-0c6d69"":{""active"":0,""idle"":4,""other"":0},""atlasexp-scheduler-best-fit-502c5c"":{""active"":0,""idle"":2,""other"":0},""atlasexp-worker-w00-cpu-00-b78769"":{""active"":0,""idle"":3,""other"":1}}"
2026-09-30T13:41:34.836640483Z,bench-cpu-w1-best-fit-ropen-t3,0.080025,,0,9,0,0.000000,2815.362000,0,0,0,0,0,,0,0,"{""atlasexp-api-0c6d69"":{""active"":0,""idle"":4,""other"":0},""atlasexp-scheduler-best-fit-502c5c"":{""active"":0,""idle"":1,""other"":1},""atlasexp-worker-w00-cpu-00-b78769"":{""active"":0,""idle"":4,""other"":0}}"
2026-09-30T13:41:35.08668621Z,bench-cpu-w1-best-fit-ropen-t3,0.199963,,0,10,0,0.000000,2565.240000,0,0,0,0,0,,0,0,"{""atlasexp-api-0c6d69"":{""active"":0,""idle"":4,""other"":0},""atlasexp-scheduler-best-fit-502c5c"":{""active"":0,""idle"":2,""other"":0},""atlasexp-worker-w00-cpu-00-b78769"":{""active"":0,""idle"":4,""other"":0}}"
2026-09-30T13:41:35.336955974Z,bench-cpu-w1-best-fit-ropen-t3,0.119871,,0,10,0,0.000000,2815.654000,0,0,0,0,0,,0,0,"{""atlasexp-api-0c6d69"":{""active"":0,""idle"":4,""other"":0},""atlasexp-scheduler-best-fit-502c5c"":{""active"":0,""idle"":2,""other"":0},""atlasexp-worker-w00-cpu-00-b78769"":{""active"":0,""idle"":4,""other"":0}}"
2026-09-30T13:41:35.586155619Z,bench-cpu-w1-best-fit-ropen-t3,0.120385,,0,10,0,0.000000,3064.920000,0,0,0,0,0,,0,0,"{""atlasexp-api-0c6d69"":{""active"":0,""idle"":4,""other"":0},""atlasexp-scheduler-best-fit-502c5c"":{""active"":0,""idle"":2,""other"":0},""atlasexp-worker-w00-cpu-00-b78769"":{""active"":0,""idle"":4,""other"":0}}"
2026-09-30T13:41:35.836650458Z,bench-cpu-w1-best-fit-ropen-t3,0.119763,,0,8,0,0.000000,3315.146000,0,0,0,0,0,,0,0,"{""atlasexp-api-0c6d69"":{""active"":0,""idle"":4,""other"":0},""atlasexp-scheduler-best-fit-502c5c"":{""active"":0,""idle"":1,""other"":1},""atlasexp-worker-w00-cpu-00-b78769"":{""active"":0,""idle"":3,""other"":1}}"
2026-09-30T13:41:36.08696604Z,bench-cpu-w1-best-fit-ropen-t3,0.119849,,0,10,0,0.000000,3565.702000,0,0,0,0,0,,0,0,"{""atlasexp-api-0c6d69"":{""active"":0,""idle"":4,""other"":0},""atlasexp-scheduler-best-fit-502c5c"":{""active"":0,""idle"":2,""other"":0},""atlasexp-worker-w00-cpu-00-b78769"":{""active"":0,""idle"":4,""other"":0}}"
2026-09-30T13:41:36.336176516Z,bench-cpu-w1-best-fit-ropen-t3,0.080253,,0,10,0,0.000000,3814.644000,0,0,0,0,0,,0,0,"{""atlasexp-api-0c6d69"":{""active"":0,""idle"":4,""other"":0},""atlasexp-scheduler-best-fit-502c5c"":{""active"":0,""idle"":2,""other"":0},""atlasexp-worker-w00-cpu-00-b78769"":{""active"":0,""idle"":4,""other"":0}}"
2026-09-30T13:41:36.586472431Z,bench-cpu-w1-best-fit-ropen-t3,0.119858,,0,10,0,0.000000,4065.076000,0,0,0,0,0,,0,0,"{""atlasexp-api-0c6d69"":{""active"":0,""idle"":4,""other"":0},""atlasexp-scheduler-best-fit-502c5c"":{""active"":0,""idle"":2,""other"":0},""atlasexp-worker-w00-cpu-00-b78769"":{""active"":0,""idle"":4,""other"":0}}"
2026-09-30T13:41:36.836367436Z,bench-cpu-w1-best-fit-ropen-t3,0.160067,,0,9,0,0.000000,4315.004000,0,0,0,0,0,,0,0,"{""atlasexp-api-0c6d69"":{""active"":0,""idle"":4,""other"":0},""atlasexp-scheduler-best-fit-502c5c"":{""active"":0,""idle"":1,""other"":1},""atlasexp-worker-w00-cpu-00-b78769"":{""active"":0,""idle"":4,""other"":0}}"
2026-09-30T13:41:37.086884684Z,bench-cpu-w1-best-fit-ropen-t3,0.119752,,0,9,0,0.000000,4565.345000,0,0,0,0,0,,0,0,"{""atlasexp-api-0c6d69"":{""active"":0,""idle"":4,""other"":0},""atlasexp-scheduler-best-fit-502c5c"":{""active"":0,""idle"":2,""other"":0},""atlasexp-worker-w00-cpu-00-b78769"":{""active"":0,""idle"":3,""other"":1}}"
2026-09-30T13:41:37.336843491Z,bench-cpu-w1-best-fit-ropen-t3,0.120020,,0,9,0,0.000000,4815.510000,0,0,0,0,0,,0,0,"{""atlasexp-api-0c6d69"":{""active"":0,""idle"":4,""other"":0},""atlasexp-scheduler-best-fit-502c5c"":{""active"":0,""idle"":1,""other"":1},""atlasexp-worker-w00-cpu-00-b78769"":{""active"":0,""idle"":4,""other"":0}}"
2026-09-30T13:41:37.586462158Z,bench-cpu-w1-best-fit-ropen-t3,0.120183,,0,10,0,0.000000,5064.974000,0,0,0,0,0,,0,0,"{""atlasexp-api-0c6d69"":{""active"":0,""idle"":4,""other"":0},""atlasexp-scheduler-best-fit-502c5c"":{""active"":0,""idle"":2,""other"":0},""atlasexp-worker-w00-cpu-00-b78769"":{""active"":0,""idle"":4,""other"":0}}"
2026-09-30T13:41:37.836709402Z,bench-cpu-w1-best-fit-ropen-t3,0.079921,,1,9,0,0.000000,5315.270000,0,0,0,0,0,,0,0,"{""atlasexp-api-0c6d69"":{""active"":0,""idle"":4,""other"":0},""atlasexp-scheduler-best-fit-502c5c"":{""active"":0,""idle"":2,""other"":0},""atlasexp-worker-w00-cpu-00-b78769"":{""active"":1,""idle"":3,""other"":0}}"
2026-09-30T13:41:38.086382452Z,bench-cpu-w1-best-fit-ropen-t3,0.160210,,0,10,0,0.000000,5564.982000,0,0,0,0,0,,0,0,"{""atlasexp-api-0c6d69"":{""active"":0,""idle"":4,""other"":0},""atlasexp-scheduler-best-fit-502c5c"":{""active"":0,""idle"":2,""other"":0},""atlasexp-worker-w00-cpu-00-b78769"":{""active"":0,""idle"":4,""other"":0}}"
2026-09-30T13:41:38.336428551Z,bench-cpu-w1-best-fit-ropen-t3,0.119978,,1,9,0,0.000000,5814.882000,0,0,0,0,0,,0,0,"{""atlasexp-api-0c6d69"":{""active"":0,""idle"":4,""other"":0},""atlasexp-scheduler-best-fit-502c5c"":{""active"":1,""idle"":1,""other"":0},""atlasexp-worker-w00-cpu-00-b78769"":{""active"":0,""idle"":4,""other"":0}}"
2026-09-30T13:41:38.586584524Z,bench-cpu-w1-best-fit-ropen-t3,0.119925,,0,10,0,0.000000,6065.166000,0,0,0,0,0,,0,0,"{""atlasexp-api-0c6d69"":{""active"":0,""idle"":4,""other"":0},""atlasexp-scheduler-best-fit-502c5c"":{""active"":0,""idle"":2,""other"":0},""atlasexp-worker-w00-cpu-00-b78769"":{""active"":0,""idle"":4,""other"":0}}"
2026-09-30T13:41:38.836306909Z,bench-cpu-w1-best-fit-ropen-t3,0.160178,,1,9,0,0.000000,6314.943000,0,0,0,0,0,,0,0,"{""atlasexp-api-0c6d69"":{""active"":0,""idle"":4,""other"":0},""atlasexp-scheduler-best-fit-502c5c"":{""active"":1,""idle"":1,""other"":0},""atlasexp-worker-w00-cpu-00-b78769"":{""active"":0,""idle"":4,""other"":0}}"
2026-09-30T13:41:39.086796596Z,bench-cpu-w1-best-fit-ropen-t3,0.079844,,0,10,0,0.000000,6565.604000,0,0,0,0,0,,0,0,"{""atlasexp-api-0c6d69"":{""active"":0,""idle"":4,""other"":0},""atlasexp-scheduler-best-fit-502c5c"":{""active"":0,""idle"":2,""other"":0},""atlasexp-worker-w00-cpu-00-b78769"":{""active"":0,""idle"":4,""other"":0}}"
2026-09-30T13:41:39.336438107Z,bench-cpu-w1-best-fit-ropen-t3,0.160230,,0,9,0,0.000000,6815.074000,0,0,0,0,0,,0,0,"{""atlasexp-api-0c6d69"":{""active"":0,""idle"":4,""other"":0},""atlasexp-scheduler-best-fit-502c5c"":{""active"":0,""idle"":1,""other"":1},""atlasexp-worker-w00-cpu-00-b78769"":{""active"":0,""idle"":4,""other"":0}}"
2026-09-30T13:41:39.586494244Z,bench-cpu-w1-best-fit-ropen-t3,0.079982,,0,10,0,0.000000,7065.404000,0,0,0,0,0,,0,0,"{""atlasexp-api-0c6d69"":{""active"":0,""idle"":4,""other"":0},""atlasexp-scheduler-best-fit-502c5c"":{""active"":0,""idle"":2,""other"":0},""atlasexp-worker-w00-cpu-00-b78769"":{""active"":0,""idle"":4,""other"":0}}"
2026-09-30T13:41:39.836634867Z,bench-cpu-w1-best-fit-ropen-t3,0.119933,,0,10,0,0.000000,7315.154000,0,0,0,0,0,,0,0,"{""atlasexp-api-0c6d69"":{""active"":0,""idle"":4,""other"":0},""atlasexp-scheduler-best-fit-502c5c"":{""active"":0,""idle"":2,""other"":0},""atlasexp-worker-w00-cpu-00-b78769"":{""active"":0,""idle"":4,""other"":0}}"
2026-09-30T13:41:40.086871381Z,bench-cpu-w1-best-fit-ropen-t3,0.079924,,0,10,0,0.000000,7565.339000,0,0,0,0,0,,0,0,"{""atlasexp-api-0c6d69"":{""active"":0,""idle"":4,""other"":0},""atlasexp-scheduler-best-fit-502c5c"":{""active"":0,""idle"":2,""other"":0},""atlasexp-worker-w00-cpu-00-b78769"":{""active"":0,""idle"":4,""other"":0}}"
2026-09-30T13:41:40.33672321Z,bench-cpu-w1-best-fit-ropen-t3,0.200119,,0,10,0,0.000000,6825.918000,0,0,0,0,0,,0,0,"{""atlasexp-api-0c6d69"":{""active"":0,""idle"":4,""other"":0},""atlasexp-scheduler-best-fit-502c5c"":{""active"":0,""idle"":2,""other"":0},""atlasexp-worker-w00-cpu-00-b78769"":{""active"":0,""idle"":4,""other"":0}}"
2026-09-30T13:41:40.586938734Z,bench-cpu-w1-best-fit-ropen-t3,0.039966,,0,10,0,0.000000,7076.173000,0,0,0,0,0,,0,0,"{""atlasexp-api-0c6d69"":{""active"":0,""idle"":4,""other"":0},""atlasexp-scheduler-best-fit-502c5c"":{""active"":0,""idle"":2,""other"":0},""atlasexp-worker-w00-cpu-00-b78769"":{""active"":0,""idle"":4,""other"":0}}"
2026-09-30T13:41:40.83689273Z,bench-cpu-w1-best-fit-ropen-t3,0.120022,,0,9,0,0.000000,7325.965000,0,0,0,0,0,,0,0,"{""atlasexp-api-0c6d69"":{""active"":0,""idle"":4,""other"":0},""atlasexp-scheduler-best-fit-502c5c"":{""active"":0,""idle"":1,""other"":1},""atlasexp-worker-w00-cpu-00-b78769"":{""active"":0,""idle"":4,""other"":0}}"
2026-09-30T13:41:41.086406905Z,bench-cpu-w1-best-fit-ropen-t3,0.080156,,0,10,0,0.000000,7575.746000,0,0,0,0,0,,0,0,"{""atlasexp-api-0c6d69"":{""active"":0,""idle"":4,""other"":0},""atlasexp-scheduler-best-fit-502c5c"":{""active"":0,""idle"":2,""other"":0},""atlasexp-worker-w00-cpu-00-b78769"":{""active"":0,""idle"":4,""other"":0}}"
2026-09-30T13:41:41.337153538Z,bench-cpu-w1-best-fit-ropen-t3,0.079762,,1,9,0,0.000000,7826.413000,0,0,0,0,0,,0,0,"{""atlasexp-api-0c6d69"":{""active"":0,""idle"":4,""other"":0},""atlasexp-scheduler-best-fit-502c5c"":{""active"":1,""idle"":1,""other"":0},""atlasexp-worker-w00-cpu-00-b78769"":{""active"":0,""idle"":4,""other"":0}}"
2026-09-30T13:41:41.586174237Z,bench-cpu-w1-best-fit-ropen-t3,0.200787,,0,10,0,0.000000,8075.548000,0,0,0,0,0,,0,0,"{""atlasexp-api-0c6d69"":{""active"":0,""idle"":4,""other"":0},""atlasexp-scheduler-best-fit-502c5c"":{""active"":0,""idle"":2,""other"":0},""atlasexp-worker-w00-cpu-00-b78769"":{""active"":0,""idle"":4,""other"":0}}"
2026-09-30T13:41:41.83722601Z,bench-cpu-w1-best-fit-ropen-t3,0.079665,,0,9,0,0.000000,8326.337000,0,0,0,0,0,,0,0,"{""atlasexp-api-0c6d69"":{""active"":0,""idle"":4,""other"":0},""atlasexp-scheduler-best-fit-502c5c"":{""active"":0,""idle"":1,""other"":1},""atlasexp-worker-w00-cpu-00-b78769"":{""active"":0,""idle"":4,""other"":0}}"
2026-09-30T13:41:42.086547501Z,bench-cpu-w1-best-fit-ropen-t3,0.160435,,1,9,0,0.000000,8575.553000,0,0,0,0,0,,0,0,"{""atlasexp-api-0c6d69"":{""active"":0,""idle"":4,""other"":0},""atlasexp-scheduler-best-fit-502c5c"":{""active"":0,""idle"":2,""other"":0},""atlasexp-worker-w00-cpu-00-b78769"":{""active"":1,""idle"":3,""other"":0}}"
2026-09-30T13:41:42.336826811Z,bench-cpu-w1-best-fit-ropen-t3,0.199777,,1,8,0,0.000000,8826.071000,0,0,0,0,0,,0,0,"{""atlasexp-api-0c6d69"":{""active"":0,""idle"":4,""other"":0},""atlasexp-scheduler-best-fit-502c5c"":{""active"":0,""idle"":1,""other"":1},""atlasexp-worker-w00-cpu-00-b78769"":{""active"":1,""idle"":3,""other"":0}}"
2026-09-30T13:41:42.586918006Z,bench-cpu-w1-best-fit-ropen-t3,0.159942,,0,10,0,0.000000,9076.420000,0,0,0,0,0,,0,0,"{""atlasexp-api-0c6d69"":{""active"":0,""idle"":4,""other"":0},""atlasexp-scheduler-best-fit-502c5c"":{""active"":0,""idle"":2,""other"":0},""atlasexp-worker-w00-cpu-00-b78769"":{""active"":0,""idle"":4,""other"":0}}"
2026-09-30T13:41:42.836990786Z,bench-cpu-w1-best-fit-ropen-t3,0.079977,,0,9,0,0.000000,9326.031000,0,0,0,0,0,,0,0,"{""atlasexp-api-0c6d69"":{""active"":0,""idle"":4,""other"":0},""atlasexp-scheduler-best-fit-502c5c"":{""active"":0,""idle"":2,""other"":0},""atlasexp-worker-w00-cpu-00-b78769"":{""active"":0,""idle"":3,""other"":1}}"
2026-09-30T13:41:43.086404419Z,bench-cpu-w1-best-fit-ropen-t3,0.040094,,0,10,0,0.000000,9575.765000,0,0,0,0,0,,0,0,"{""atlasexp-api-0c6d69"":{""active"":0,""idle"":4,""other"":0},""atlasexp-scheduler-best-fit-502c5c"":{""active"":0,""idle"":2,""other"":0},""atlasexp-worker-w00-cpu-00-b78769"":{""active"":0,""idle"":4,""other"":0}}"
2026-09-30T13:41:43.336655925Z,bench-cpu-w1-best-fit-ropen-t3,0.159839,,0,9,0,0.000000,9825.828000,0,0,0,0,0,,0,0,"{""atlasexp-api-0c6d69"":{""active"":0,""idle"":4,""other"":0},""atlasexp-scheduler-best-fit-502c5c"":{""active"":0,""idle"":1,""other"":1},""atlasexp-worker-w00-cpu-00-b78769"":{""active"":0,""idle"":4,""other"":0}}"
2026-09-30T13:41:43.58673082Z,bench-cpu-w1-best-fit-ropen-t3,0.039988,,0,9,0,0.000000,10075.979000,0,0,0,0,0,,0,0,"{""atlasexp-api-0c6d69"":{""active"":0,""idle"":4,""other"":0},""atlasexp-scheduler-best-fit-502c5c"":{""active"":0,""idle"":2,""other"":0},""atlasexp-worker-w00-cpu-00-b78769"":{""active"":0,""idle"":3,""other"":1}}"
2026-09-30T13:41:43.837140005Z,bench-cpu-w1-best-fit-ropen-t3,0.119804,,0,10,0,0.000000,10326.305000,0,0,0,0,0,,0,0,"{""atlasexp-api-0c6d69"":{""active"":0,""idle"":4,""other"":0},""atlasexp-scheduler-best-fit-502c5c"":{""active"":0,""idle"":2,""other"":0},""atlasexp-worker-w00-cpu-00-b78769"":{""active"":0,""idle"":4,""other"":0}}"
2026-09-30T13:41:44.086121611Z,bench-cpu-w1-best-fit-ropen-t3,0.120491,,0,10,0,0.000000,10575.230000,0,0,0,0,0,,0,0,"{""atlasexp-api-0c6d69"":{""active"":0,""idle"":4,""other"":0},""atlasexp-scheduler-best-fit-502c5c"":{""active"":0,""idle"":2,""other"":0},""atlasexp-worker-w00-cpu-00-b78769"":{""active"":0,""idle"":4,""other"":0}}"
2026-09-30T13:41:44.336115968Z,bench-cpu-w1-best-fit-ropen-t3,0.080002,,0,10,0,0.000000,,0,0,0,0,0,,0,0,"{""atlasexp-api-0c6d69"":{""active"":0,""idle"":4,""other"":0},""atlasexp-scheduler-best-fit-502c5c"":{""active"":0,""idle"":2,""other"":0},""atlasexp-worker-w00-cpu-00-b78769"":{""active"":0,""idle"":4,""other"":0}}"
2026-09-30T13:41:44.586860587Z,idle,0.000000,,0,14,0,0.000000,,0,0,0,0,0,,0,0,"{""atlasexp-api-0c6d69"":{""active"":0,""idle"":4,""other"":0},""atlasexp-scheduler-best-fit-502c5c"":{""active"":0,""idle"":2,""other"":0},""atlasexp-worker-w00-cpu-00-5b6228"":{""active"":0,""idle"":4,""other"":0},""atlasexp-worker-w00-cpu-01-bc7613"":{""active"":0,""idle"":4,""other"":0}}"
2026-09-30T13:41:44.836474144Z,bench-cpu-w2-best-fit-ropen-t1,0.040062,,4,9,3,0.750000,,0,0,0,0,0,,0,0,"{""atlasexp-api-0c6d69"":{""active"":4,""idle"":0,""other"":0},""atlasexp-scheduler-best-fit-6c5b6d"":{""active"":0,""idle"":1,""other"":0},""atlasexp-worker-w00-cpu-00-5b6228"":{""active"":0,""idle"":4,""other"":0},""atlasexp-worker-w00-cpu-01-bc7613"":{""active"":0,""idle"":4,""other"":0}}"
2026-09-30T13:41:45.086167348Z,bench-cpu-w2-best-fit-ropen-t1,0.560688,,5,9,3,0.600000,226.129000,0,0,0,0,0,,0,0,"{""atlasexp-api-0c6d69"":{""active"":4,""idle"":0,""other"":0},""atlasexp-scheduler-best-fit-6c5b6d"":{""active"":1,""idle"":1,""other"":0},""atlasexp-worker-w00-cpu-00-5b6228"":{""active"":0,""idle"":4,""other"":0},""atlasexp-worker-w00-cpu-01-bc7613"":{""active"":0,""idle"":4,""other"":0}}"
2026-09-30T13:41:45.336165363Z,bench-cpu-w2-best-fit-ropen-t1,0.680005,,4,9,3,0.750000,476.215000,0,0,0,0,0,,0,0,"{""atlasexp-api-0c6d69"":{""active"":2,""idle"":1,""other"":1},""atlasexp-scheduler-best-fit-6c5b6d"":{""active"":1,""idle"":1,""other"":0},""atlasexp-worker-w00-cpu-00-5b6228"":{""active"":1,""idle"":3,""other"":0},""atlasexp-worker-w00-cpu-01-bc7613"":{""active"":0,""idle"":4,""other"":0}}"
2026-09-30T13:41:45.586154091Z,bench-cpu-w2-best-fit-ropen-t1,0.440020,,6,8,4,0.666667,726.196000,0,0,0,0,0,,0,0,"{""atlasexp-api-0c6d69"":{""active"":4,""idle"":0,""other"":0},""atlasexp-scheduler-best-fit-6c5b6d"":{""active"":1,""idle"":1,""other"":0},""atlasexp-worker-w00-cpu-00-5b6228"":{""active"":1,""idle"":3,""other"":0},""atlasexp-worker-w00-cpu-01-bc7613"":{""active"":0,""idle"":4,""other"":0}}"
2026-09-30T13:41:45.836884002Z,bench-cpu-w2-best-fit-ropen-t1,0.239301,,0,13,0,0.000000,976.829000,0,0,0,0,0,,0,0,"{""atlasexp-api-0c6d69"":{""active"":0,""idle"":4,""other"":0},""atlasexp-scheduler-best-fit-6c5b6d"":{""active"":0,""idle"":1,""other"":1},""atlasexp-worker-w00-cpu-00-5b6228"":{""active"":0,""idle"":4,""other"":0},""atlasexp-worker-w00-cpu-01-bc7613"":{""active"":0,""idle"":4,""other"":0}}"
2026-09-30T13:41:46.086100337Z,bench-cpu-w2-best-fit-ropen-t1,0.200629,,0,14,0,0.000000,1226.126000,0,0,0,0,0,,0,0,"{""atlasexp-api-0c6d69"":{""active"":0,""idle"":4,""other"":0},""atlasexp-scheduler-best-fit-6c5b6d"":{""active"":0,""idle"":2,""other"":0},""atlasexp-worker-w00-cpu-00-5b6228"":{""active"":0,""idle"":4,""other"":0},""atlasexp-worker-w00-cpu-01-bc7613"":{""active"":0,""idle"":4,""other"":0}}"
2026-09-30T13:41:46.336549976Z,bench-cpu-w2-best-fit-ropen-t1,0.199641,,0,13,0,0.000000,1476.460000,0,0,0,0,0,,0,0,"{""atlasexp-api-0c6d69"":{""active"":0,""idle"":4,""other"":0},""atlasexp-scheduler-best-fit-6c5b6d"":{""active"":0,""idle"":1,""other"":1},""atlasexp-worker-w00-cpu-00-5b6228"":{""active"":0,""idle"":4,""other"":0},""atlasexp-worker-w00-cpu-01-bc7613"":{""active"":0,""idle"":4,""other"":0}}"
2026-09-30T13:41:46.586870563Z,bench-cpu-w2-best-fit-ropen-t1,0.119846,,1,12,0,0.000000,1726.952000,0,0,0,0,0,,0,0,"{""atlasexp-api-0c6d69"":{""active"":0,""idle"":4,""other"":0},""atlasexp-scheduler-best-fit-6c5b6d"":{""active"":0,""idle"":1,""other"":1},""atlasexp-worker-w00-cpu-00-5b6228"":{""active"":1,""idle"":3,""other"":0},""atlasexp-worker-w00-cpu-01-bc7613"":{""active"":0,""idle"":4,""other"":0}}"
2026-09-30T13:41:46.836631114Z,bench-cpu-w2-best-fit-ropen-t1,0.200192,,0,14,0,0.000000,1976.808000,0,0,0,0,0,,0,0,"{""atlasexp-api-0c6d69"":{""active"":0,""idle"":4,""other"":0},""atlasexp-scheduler-best-fit-6c5b6d"":{""active"":0,""idle"":2,""other"":0},""atlasexp-worker-w00-cpu-00-5b6228"":{""active"":0,""idle"":4,""other"":0},""atlasexp-worker-w00-cpu-01-bc7613"":{""active"":0,""idle"":4,""other"":0}}"
2026-09-30T13:41:47.086530324Z,bench-cpu-w2-best-fit-ropen-t1,0.240097,,0,13,0,0.000000,1844.706000,0,0,0,0,0,,0,0,"{""atlasexp-api-0c6d69"":{""active"":0,""idle"":4,""other"":0},""atlasexp-scheduler-best-fit-6c5b6d"":{""active"":0,""idle"":1,""other"":1},""atlasexp-worker-w00-cpu-00-5b6228"":{""active"":0,""idle"":4,""other"":0},""atlasexp-worker-w00-cpu-01-bc7613"":{""active"":0,""idle"":4,""other"":0}}"
2026-09-30T13:41:47.336625198Z,bench-cpu-w2-best-fit-ropen-t1,0.159939,,0,14,0,0.000000,2094.717000,0,0,0,0,0,,0,0,"{""atlasexp-api-0c6d69"":{""active"":0,""idle"":4,""other"":0},""atlasexp-scheduler-best-fit-6c5b6d"":{""active"":0,""idle"":2,""other"":0},""atlasexp-worker-w00-cpu-00-5b6228"":{""active"":0,""idle"":4,""other"":0},""atlasexp-worker-w00-cpu-01-bc7613"":{""active"":0,""idle"":4,""other"":0}}"
2026-09-30T13:41:47.586640275Z,bench-cpu-w2-best-fit-ropen-t1,0.199988,,0,12,0,0.000000,2344.552000,0,0,0,0,0,,0,0,"{""atlasexp-api-0c6d69"":{""active"":0,""idle"":4,""other"":0},""atlasexp-scheduler-best-fit-6c5b6d"":{""active"":0,""idle"":1,""other"":1},""atlasexp-worker-w00-cpu-00-5b6228"":{""active"":0,""idle"":4,""other"":0},""atlasexp-worker-w00-cpu-01-bc7613"":{""active"":0,""idle"":3,""other"":1}}"
2026-09-30T13:41:47.837003251Z,bench-cpu-w2-best-fit-ropen-t1,0.159768,,1,12,0,0.000000,2594.943000,0,0,0,0,0,,0,0,"{""atlasexp-api-0c6d69"":{""active"":0,""idle"":4,""other"":0},""atlasexp-scheduler-best-fit-6c5b6d"":{""active"":0,""idle"":2,""other"":0},""atlasexp-worker-w00-cpu-00-5b6228"":{""active"":1,""idle"":2,""other"":1},""atlasexp-worker-w00-cpu-01-bc7613"":{""active"":0,""idle"":4,""other"":0}}"
2026-09-30T13:41:48.086856014Z,bench-cpu-w2-best-fit-ropen-t1,0.160094,,1,12,1,1.000000,2844.710000,0,0,0,0,0,,0,0,"{""atlasexp-api-0c6d69"":{""active"":0,""idle"":4,""other"":0},""atlasexp-scheduler-best-fit-6c5b6d"":{""active"":0,""idle"":1,""other"":1},""atlasexp-worker-w00-cpu-00-5b6228"":{""active"":1,""idle"":3,""other"":0},""atlasexp-worker-w00-cpu-01-bc7613"":{""active"":0,""idle"":4,""other"":0}}"
2026-09-30T13:41:48.336202712Z,bench-cpu-w2-best-fit-ropen-t1,0.240629,,0,13,0,0.000000,3094.078000,0,0,0,0,0,,0,0,"{""atlasexp-api-0c6d69"":{""active"":0,""idle"":4,""other"":0},""atlasexp-scheduler-best-fit-6c5b6d"":{""active"":0,""idle"":2,""other"":0},""atlasexp-worker-w00-cpu-00-5b6228"":{""active"":0,""idle"":3,""other"":1},""atlasexp-worker-w00-cpu-01-bc7613"":{""active"":0,""idle"":4,""other"":0}}"
2026-09-30T13:41:48.586344685Z,bench-cpu-w2-best-fit-ropen-t1,0.159909,,0,14,0,0.000000,3344.276000,0,0,0,0,0,,0,0,"{""atlasexp-api-0c6d69"":{""active"":0,""idle"":4,""other"":0},""atlasexp-scheduler-best-fit-6c5b6d"":{""active"":0,""idle"":2,""other"":0},""atlasexp-worker-w00-cpu-00-5b6228"":{""active"":0,""idle"":4,""other"":0},""atlasexp-worker-w00-cpu-01-bc7613"":{""active"":0,""idle"":4,""other"":0}}"
2026-09-30T13:41:48.837153275Z,bench-cpu-w2-best-fit-ropen-t1,0.119613,,1,13,0,0.000000,3595.040000,0,0,0,0,0,,0,0,"{""atlasexp-api-0c6d69"":{""active"":0,""idle"":4,""other"":0},""atlasexp-scheduler-best-fit-6c5b6d"":{""active"":0,""idle"":2,""other"":0},""atlasexp-worker-w00-cpu-00-5b6228"":{""active"":1,""idle"":3,""other"":0},""atlasexp-worker-w00-cpu-01-bc7613"":{""active"":0,""idle"":4,""other"":0}}"
2026-09-30T13:41:49.086938383Z,bench-cpu-w2-best-fit-ropen-t1,0.200172,,0,13,0,0.000000,3844.724000,0,0,0,0,0,,0,0,"{""atlasexp-api-0c6d69"":{""active"":0,""idle"":4,""other"":0},""atlasexp-scheduler-best-fit-6c5b6d"":{""active"":0,""idle"":1,""other"":1},""atlasexp-worker-w00-cpu-00-5b6228"":{""active"":0,""idle"":4,""other"":0},""atlasexp-worker-w00-cpu-01-bc7613"":{""active"":0,""idle"":4,""other"":0}}"
2026-09-30T13:41:49.336197791Z,bench-cpu-w2-best-fit-ropen-t1,0.200594,,0,14,0,0.000000,3256.107000,0,0,0,0,0,,0,0,"{""atlasexp-api-0c6d69"":{""active"":0,""idle"":4,""other"":0},""atlasexp-scheduler-best-fit-6c5b6d"":{""active"":0,""idle"":2,""other"":0},""atlasexp-worker-w00-cpu-00-5b6228"":{""active"":0,""idle"":4,""other"":0},""atlasexp-worker-w00-cpu-01-bc7613"":{""active"":0,""idle"":4,""other"":0}}"
2026-09-30T13:41:49.586998583Z,bench-cpu-w2-best-fit-ropen-t1,0.159489,,1,12,0,0.000000,3506.837000,0,0,0,0,0,,0,0,"{""atlasexp-api-0c6d69"":{""active"":0,""idle"":4,""other"":0},""atlasexp-scheduler-best-fit-6c5b6d"":{""active"":0,""idle"":1,""other"":1},""atlasexp-worker-w00-cpu-00-5b6228"":{""active"":0,""idle"":4,""other"":0},""atlasexp-worker-w00-cpu-01-bc7613"":{""active"":1,""idle"":3,""other"":0}}"
2026-09-30T13:41:49.836775321Z,bench-cpu-w2-best-fit-ropen-t1,0.240215,,1,13,0,0.000000,3756.697000,0,0,0,0,0,,0,0,"{""atlasexp-api-0c6d69"":{""active"":0,""idle"":4,""other"":0},""atlasexp-scheduler-best-fit-6c5b6d"":{""active"":0,""idle"":2,""other"":0},""atlasexp-worker-w00-cpu-00-5b6228"":{""active"":0,""idle"":4,""other"":0},""atlasexp-worker-w00-cpu-01-bc7613"":{""active"":1,""idle"":3,""other"":0}}"
2026-09-30T13:41:50.086310076Z,bench-cpu-w2-best-fit-ropen-t1,0.240447,,0,14,0,0.000000,4006.112000,0,0,0,0,0,,0,0,"{""atlasexp-api-0c6d69"":{""active"":0,""idle"":4,""other"":0},""atlasexp-scheduler-best-fit-6c5b6d"":{""active"":0,""idle"":2,""other"":0},""atlasexp-worker-w00-cpu-00-5b6228"":{""active"":0,""idle"":4,""other"":0},""atlasexp-worker-w00-cpu-01-bc7613"":{""active"":0,""idle"":4,""other"":0}}"
2026-09-30T13:41:50.337175209Z,bench-cpu-w2-best-fit-ropen-t1,0.239172,,1,12,1,1.000000,4256.978000,0,0,0,0,0,,0,0,"{""atlasexp-api-0c6d69"":{""active"":0,""idle"":4,""other"":0},""atlasexp-scheduler-best-fit-6c5b6d"":{""active"":0,""idle"":2,""other"":0},""atlasexp-worker-w00-cpu-00-5b6228"":{""active"":1,""idle"":2,""other"":1},""atlasexp-worker-w00-cpu-01-bc7613"":{""active"":0,""idle"":4,""other"":0}}"
2026-09-30T13:41:50.586500283Z,bench-cpu-w2-best-fit-ropen-t1,0.160433,,0,14,0,0.000000,4506.302000,0,0,0,0,0,,0,0,"{""atlasexp-api-0c6d69"":{""active"":0,""idle"":4,""other"":0},""atlasexp-scheduler-best-fit-6c5b6d"":{""active"":0,""idle"":2,""other"":0},""atlasexp-worker-w00-cpu-00-5b6228"":{""active"":0,""idle"":4,""other"":0},""atlasexp-worker-w00-cpu-01-bc7613"":{""active"":0,""idle"":4,""other"":0}}"
2026-09-30T13:41:50.836561142Z,bench-cpu-w2-best-fit-ropen-t1,0.199951,,0,13,0,0.000000,4756.510000,0,0,0,0,0,,0,0,"{""atlasexp-api-0c6d69"":{""active"":0,""idle"":4,""other"":0},""atlasexp-scheduler-best-fit-6c5b6d"":{""active"":0,""idle"":2,""other"":0},""atlasexp-worker-w00-cpu-00-5b6228"":{""active"":0,""idle"":4,""other"":0},""atlasexp-worker-w00-cpu-01-bc7613"":{""active"":0,""idle"":3,""other"":1}}"
2026-09-30T13:41:51.086378326Z,bench-cpu-w2-best-fit-ropen-t1,0.240176,,1,12,0,0.000000,5006.428000,0,0,0,0,0,,0,0,"{""atlasexp-api-0c6d69"":{""active"":0,""idle"":4,""other"":0},""atlasexp-scheduler-best-fit-6c5b6d"":{""active"":0,""idle"":1,""other"":1},""atlasexp-worker-w00-cpu-00-5b6228"":{""active"":1,""idle"":3,""other"":0},""atlasexp-worker-w00-cpu-01-bc7613"":{""active"":0,""idle"":4,""other"":0}}"
2026-09-30T13:41:51.336215306Z,bench-cpu-w2-best-fit-ropen-t1,0.160104,,0,14,0,0.000000,5256.323000,0,0,0,0,0,,0,0,"{""atlasexp-api-0c6d69"":{""active"":0,""idle"":4,""other"":0},""atlasexp-scheduler-best-fit-6c5b6d"":{""active"":0,""idle"":2,""other"":0},""atlasexp-worker-w00-cpu-00-5b6228"":{""active"":0,""idle"":4,""other"":0},""atlasexp-worker-w00-cpu-01-bc7613"":{""active"":0,""idle"":4,""other"":0}}"
2026-09-30T13:41:51.586468275Z,bench-cpu-w2-best-fit-ropen-t1,0.239757,,0,12,0,0.000000,5506.256000,0,0,0,0,0,,0,0,"{""atlasexp-api-0c6d69"":{""active"":0,""idle"":4,""other"":0},""atlasexp-scheduler-best-fit-6c5b6d"":{""active"":0,""idle"":1,""other"":1},""atlasexp-worker-w00-cpu-00-5b6228"":{""active"":0,""idle"":3,""other"":1},""atlasexp-worker-w00-cpu-01-bc7613"":{""active"":0,""idle"":4,""other"":0}}"
2026-09-30T13:41:51.836807484Z,bench-cpu-w2-best-fit-ropen-t1,0.199729,,1,13,0,0.000000,,0,0,0,0,0,,0,0,"{""atlasexp-api-0c6d69"":{""active"":0,""idle"":4,""other"":0},""atlasexp-scheduler-best-fit-6c5b6d"":{""active"":0,""idle"":2,""other"":0},""atlasexp-worker-w00-cpu-00-5b6228"":{""active"":0,""idle"":4,""other"":0},""atlasexp-worker-w00-cpu-01-bc7613"":{""active"":1,""idle"":3,""other"":0}}"
2026-09-30T13:41:52.086359953Z,bench-cpu-w2-best-fit-ropen-t2,0.280502,,3,10,3,1.000000,26.275000,0,0,0,0,0,,0,0,"{""atlasexp-api-0c6d69"":{""active"":3,""idle"":0,""other"":1},""atlasexp-scheduler-best-fit-6c5b6d"":{""active"":0,""idle"":2,""other"":0},""atlasexp-worker-w00-cpu-00-5b6228"":{""active"":0,""idle"":4,""other"":0},""atlasexp-worker-w00-cpu-01-bc7613"":{""active"":0,""idle"":4,""other"":0}}"
2026-09-30T13:41:52.33708265Z,bench-cpu-w2-best-fit-ropen-t2,0.478616,,4,8,4,1.000000,277.116000,0,0,0,0,0,,0,0,"{""atlasexp-api-0c6d69"":{""active"":3,""idle"":0,""other"":1},""atlasexp-scheduler-best-fit-6c5b6d"":{""active"":0,""idle"":1,""other"":1},""atlasexp-worker-w00-cpu-00-5b6228"":{""active"":1,""idle"":3,""other"":0},""atlasexp-worker-w00-cpu-01-bc7613"":{""active"":0,""idle"":4,""other"":0}}"
2026-09-30T13:41:52.586767115Z,bench-cpu-w2-best-fit-ropen-t2,0.680859,,5,8,3,0.600000,526.609000,0,0,0,0,0,,0,0,"{""atlasexp-api-0c6d69"":{""active"":3,""idle"":0,""other"":1},""atlasexp-scheduler-best-fit-6c5b6d"":{""active"":1,""idle"":1,""other"":0},""atlasexp-worker-w00-cpu-00-5b6228"":{""active"":1,""idle"":3,""other"":0},""atlasexp-worker-w00-cpu-01-bc7613"":{""active"":0,""idle"":4,""other"":0}}"
2026-09-30T13:41:52.836859102Z,bench-cpu-w2-best-fit-ropen-t2,0.679750,,5,9,4,0.800000,776.576000,0,0,0,0,0,,0,0,"{""atlasexp-api-0c6d69"":{""active"":4,""idle"":0,""other"":0},""atlasexp-scheduler-best-fit-6c5b6d"":{""active"":1,""idle"":1,""other"":0},""atlasexp-worker-w00-cpu-00-5b6228"":{""active"":0,""idle"":4,""other"":0},""atlasexp-worker-w00-cpu-01-bc7613"":{""active"":0,""idle"":4,""other"":0}}"
2026-09-30T13:41:53.086470051Z,bench-cpu-w2-best-fit-ropen-t2,0.320499,,0,11,0,0.000000,1026.630000,0,0,0,0,0,,0,0,"{""atlasexp-api-0c6d69"":{""active"":0,""idle"":4,""other"":0},""atlasexp-scheduler-best-fit-6c5b6d"":{""active"":0,""idle"":1,""other"":1},""atlasexp-worker-w00-cpu-00-5b6228"":{""active"":0,""idle"":2,""other"":2},""atlasexp-worker-w00-cpu-01-bc7613"":{""active"":0,""idle"":4,""other"":0}}"
2026-09-30T13:41:53.336538936Z,bench-cpu-w2-best-fit-ropen-t2,0.199945,,0,14,0,0.000000,1276.287000,0,0,0,0,0,,0,0,"{""atlasexp-api-0c6d69"":{""active"":0,""idle"":4,""other"":0},""atlasexp-scheduler-best-fit-6c5b6d"":{""active"":0,""idle"":2,""other"":0},""atlasexp-worker-w00-cpu-00-5b6228"":{""active"":0,""idle"":4,""other"":0},""atlasexp-worker-w00-cpu-01-bc7613"":{""active"":0,""idle"":4,""other"":0}}"
2026-09-30T13:41:53.586183537Z,bench-cpu-w2-best-fit-ropen-t2,0.240342,,1,12,0,0.000000,1526.046000,0,0,0,0,0,,0,0,"{""atlasexp-api-0c6d69"":{""active"":0,""idle"":4,""other"":0},""atlasexp-scheduler-best-fit-6c5b6d"":{""active"":0,""idle"":1,""other"":1},""atlasexp-worker-w00-cpu-00-5b6228"":{""active"":0,""idle"":4,""other"":0},""atlasexp-worker-w00-cpu-01-bc7613"":{""active"":1,""idle"":3,""other"":0}}"
2026-09-30T13:41:53.836843375Z,bench-cpu-w2-best-fit-ropen-t2,0.239368,,0,13,0,0.000000,1776.650000,0,0,0,0,0,,0,0,"{""atlasexp-api-0c6d69"":{""active"":0,""idle"":4,""other"":0},""atlasexp-scheduler-best-fit-6c5b6d"":{""active"":0,""idle"":1,""other"":1},""atlasexp-worker-w00-cpu-00-5b6228"":{""active"":0,""idle"":4,""other"":0},""atlasexp-worker-w00-cpu-01-bc7613"":{""active"":0,""idle"":4,""other"":0}}"
2026-09-30T13:41:54.087110971Z,bench-cpu-w2-best-fit-ropen-t2,0.239743,,1,11,1,1.000000,2026.851000,0,0,0,0,0,,0,0,"{""atlasexp-api-0c6d69"":{""active"":0,""idle"":4,""other"":0},""atlasexp-scheduler-best-fit-6c5b6d"":{""active"":0,""idle"":1,""other"":1},""atlasexp-worker-w00-cpu-00-5b6228"":{""active"":1,""idle"":2,""other"":1},""atlasexp-worker-w00-cpu-01-bc7613"":{""active"":0,""idle"":4,""other"":0}}"
2026-09-30T13:41:54.336962899Z,bench-cpu-w2-best-fit-ropen-t2,0.200119,,0,14,0,0.000000,1884.400000,0,0,0,0,0,,0,0,"{""atlasexp-api-0c6d69"":{""active"":0,""idle"":4,""other"":0},""atlasexp-scheduler-best-fit-6c5b6d"":{""active"":0,""idle"":2,""other"":0},""atlasexp-worker-w00-cpu-00-5b6228"":{""active"":0,""idle"":4,""other"":0},""atlasexp-worker-w00-cpu-01-bc7613"":{""active"":0,""idle"":4,""other"":0}}"
2026-09-30T13:41:54.586167979Z,bench-cpu-w2-best-fit-ropen-t2,0.160510,,1,12,0,0.000000,2133.583000,0,0,0,0,0,,0,0,"{""atlasexp-api-0c6d69"":{""active"":0,""idle"":4,""other"":0},""atlasexp-scheduler-best-fit-6c5b6d"":{""active"":1,""idle"":1,""other"":0},""atlasexp-worker-w00-cpu-00-5b6228"":{""active"":0,""idle"":4,""other"":0},""atlasexp-worker-w00-cpu-01-bc7613"":{""active"":0,""idle"":3,""other"":1}}"
2026-09-30T13:41:54.836507361Z,bench-cpu-w2-best-fit-ropen-t2,0.199729,,0,14,0,0.000000,2383.767000,0,0,0,0,0,,0,0,"{""atlasexp-api-0c6d69"":{""active"":0,""idle"":4,""other"":0},""atlasexp-scheduler-best-fit-6c5b6d"":{""active"":0,""idle"":2,""other"":0},""atlasexp-worker-w00-cpu-00-5b6228"":{""active"":0,""idle"":4,""other"":0},""atlasexp-worker-w00-cpu-01-bc7613"":{""active"":0,""idle"":4,""other"":0}}"
2026-09-30T13:41:55.086737516Z,bench-cpu-w2-best-fit-ropen-t2,0.199816,,1,12,0,0.000000,2633.785000,0,0,0,0,0,,0,0,"{""atlasexp-api-0c6d69"":{""active"":0,""idle"":4,""other"":0},""atlasexp-scheduler-best-fit-6c5b6d"":{""active"":0,""idle"":1,""other"":1},""atlasexp-worker-w00-cpu-00-5b6228"":{""active"":1,""idle"":3,""other"":0},""atlasexp-worker-w00-cpu-01-bc7613"":{""active"":0,""idle"":4,""other"":0}}"
2026-09-30T13:41:55.336710361Z,bench-cpu-w2-best-fit-ropen-t2,0.080009,,0,13,0,0.000000,2883.966000,0,0,0,0,0,,0,0,"{""atlasexp-api-0c6d69"":{""active"":0,""idle"":4,""other"":0},""atlasexp-scheduler-best-fit-6c5b6d"":{""active"":0,""idle"":2,""other"":0},""atlasexp-worker-w00-cpu-00-5b6228"":{""active"":0,""idle"":4,""other"":0},""atlasexp-worker-w00-cpu-01-bc7613"":{""active"":0,""idle"":3,""other"":1}}"
2026-09-30T13:41:55.586288868Z,bench-cpu-w2-best-fit-ropen-t2,0.200338,,0,14,0,0.000000,3133.609000,0,0,0,0,0,,0,0,"{""atlasexp-api-0c6d69"":{""active"":0,""idle"":4,""other"":0},""atlasexp-scheduler-best-fit-6c5b6d"":{""active"":0,""idle"":2,""other"":0},""atlasexp-worker-w00-cpu-00-5b6228"":{""active"":0,""idle"":4,""other"":0},""atlasexp-worker-w00-cpu-01-bc7613"":{""active"":0,""idle"":4,""other"":0}}"
2026-09-30T13:41:55.836212722Z,bench-cpu-w2-best-fit-ropen-t2,0.160049,,0,14,0,0.000000,3383.218000,0,0,0,0,0,,0,0,"{""atlasexp-api-0c6d69"":{""active"":0,""idle"":4,""other"":0},""atlasexp-scheduler-best-fit-6c5b6d"":{""active"":0,""idle"":2,""other"":0},""atlasexp-worker-w00-cpu-00-5b6228"":{""active"":0,""idle"":4,""other"":0},""atlasexp-worker-w00-cpu-01-bc7613"":{""active"":0,""idle"":4,""other"":0}}"
2026-09-30T13:41:56.087130332Z,bench-cpu-w2-best-fit-ropen-t2,0.278976,,0,13,0,0.000000,3634.265000,0,0,0,0,0,,0,0,"{""atlasexp-api-0c6d69"":{""active"":0,""idle"":4,""other"":0},""atlasexp-scheduler-best-fit-6c5b6d"":{""active"":0,""idle"":2,""other"":0},""atlasexp-worker-w00-cpu-00-5b6228"":{""active"":0,""idle"":4,""other"":0},""atlasexp-worker-w00-cpu-01-bc7613"":{""active"":0,""idle"":3,""other"":1}}"
2026-09-30T13:41:56.336631524Z,bench-cpu-w2-best-fit-ropen-t2,0.080160,,0,14,0,0.000000,3883.914000,0,0,0,0,0,,0,0,"{""atlasexp-api-0c6d69"":{""active"":0,""idle"":4,""other"":0},""atlasexp-scheduler-best-fit-6c5b6d"":{""active"":0,""idle"":2,""other"":0},""atlasexp-worker-w00-cpu-00-5b6228"":{""active"":0,""idle"":4,""other"":0},""atlasexp-worker-w00-cpu-01-bc7613"":{""active"":0,""idle"":4,""other"":0}}"
2026-09-30T13:41:56.586658622Z,bench-cpu-w2-best-fit-ropen-t2,0.199978,,2,12,0,0.000000,3253.270000,0,0,0,0,0,,0,0,"{""atlasexp-api-0c6d69"":{""active"":0,""idle"":4,""other"":0},""atlasexp-scheduler-best-fit-6c5b6d"":{""active"":0,""idle"":2,""other"":0},""atlasexp-worker-w00-cpu-00-5b6228"":{""active"":2,""idle"":2,""other"":0},""atlasexp-worker-w00-cpu-01-bc7613"":{""active"":0,""idle"":4,""other"":0}}"
2026-09-30T13:41:56.836814528Z,bench-cpu-w2-best-fit-ropen-t2,0.239850,,0,13,0,0.000000,3503.212000,0,0,0,0,0,,0,0,"{""atlasexp-api-0c6d69"":{""active"":0,""idle"":4,""other"":0},""atlasexp-scheduler-best-fit-6c5b6d"":{""active"":0,""idle"":2,""other"":0},""atlasexp-worker-w00-cpu-00-5b6228"":{""active"":0,""idle"":4,""other"":0},""atlasexp-worker-w00-cpu-01-bc7613"":{""active"":0,""idle"":3,""other"":1}}"
2026-09-30T13:41:57.086126207Z,bench-cpu-w2-best-fit-ropen-t2,0.160442,,0,14,0,0.000000,3752.479000,0,0,0,0,0,,0,0,"{""atlasexp-api-0c6d69"":{""active"":0,""idle"":4,""other"":0},""atlasexp-scheduler-best-fit-6c5b6d"":{""active"":0,""idle"":2,""other"":0},""atlasexp-worker-w00-cpu-00-5b6228"":{""active"":0,""idle"":4,""other"":0},""atlasexp-worker-w00-cpu-01-bc7613"":{""active"":0,""idle"":4,""other"":0}}"
2026-09-30T13:41:57.336877609Z,bench-cpu-w2-best-fit-ropen-t2,0.239281,,0,12,0,0.000000,4003.274000,0,0,0,0,0,,0,0,"{""atlasexp-api-0c6d69"":{""active"":0,""idle"":4,""other"":0},""atlasexp-scheduler-best-fit-6c5b6d"":{""active"":0,""idle"":2,""other"":0},""atlasexp-worker-w00-cpu-00-5b6228"":{""active"":0,""idle"":3,""other"":1},""atlasexp-worker-w00-cpu-01-bc7613"":{""active"":0,""idle"":3,""other"":1}}"
2026-09-30T13:41:57.586575312Z,bench-cpu-w2-best-fit-ropen-t2,0.160194,,0,13,0,0.000000,4252.886000,0,0,0,0,0,,0,0,"{""atlasexp-api-0c6d69"":{""active"":0,""idle"":4,""other"":0},""atlasexp-scheduler-best-fit-6c5b6d"":{""active"":0,""idle"":1,""other"":1},""atlasexp-worker-w00-cpu-00-5b6228"":{""active"":0,""idle"":4,""other"":0},""atlasexp-worker-w00-cpu-01-bc7613"":{""active"":0,""idle"":4,""other"":0}}"
2026-09-30T13:41:57.836194709Z,bench-cpu-w2-best-fit-ropen-t2,0.160244,,0,14,0,0.000000,4502.515000,0,0,0,0,0,,0,0,"{""atlasexp-api-0c6d69"":{""active"":0,""idle"":4,""other"":0},""atlasexp-scheduler-best-fit-6c5b6d"":{""active"":0,""idle"":2,""other"":0},""atlasexp-worker-w00-cpu-00-5b6228"":{""active"":0,""idle"":4,""other"":0},""atlasexp-worker-w00-cpu-01-bc7613"":{""active"":0,""idle"":4,""other"":0}}"
2026-09-30T13:41:58.087010333Z,bench-cpu-w2-best-fit-ropen-t2,0.239220,,1,13,0,0.000000,4753.210000,0,0,0,0,0,,0,0,"{""atlasexp-api-0c6d69"":{""active"":0,""idle"":4,""other"":0},""atlasexp-scheduler-best-fit-6c5b6d"":{""active"":0,""idle"":2,""other"":0},""atlasexp-worker-w00-cpu-00-5b6228"":{""active"":1,""idle"":3,""other"":0},""atlasexp-worker-w00-cpu-01-bc7613"":{""active"":0,""idle"":4,""other"":0}}"
2026-09-30T13:41:58.337189556Z,bench-cpu-w2-best-fit-ropen-t2,0.159885,,0,14,0,0.000000,5003.563000,0,0,0,0,0,,0,0,"{""atlasexp-api-0c6d69"":{""active"":0,""idle"":4,""other"":0},""atlasexp-scheduler-best-fit-6c5b6d"":{""active"":0,""idle"":2,""other"":0},""atlasexp-worker-w00-cpu-00-5b6228"":{""active"":0,""idle"":4,""other"":0},""atlasexp-worker-w00-cpu-01-bc7613"":{""active"":0,""idle"":4,""other"":0}}"
2026-09-30T13:41:58.587141554Z,bench-cpu-w2-best-fit-ropen-t2,0.160031,,0,14,0,0.000000,5253.620000,0,0,0,0,0,,0,0,"{""atlasexp-api-0c6d69"":{""active"":0,""idle"":4,""other"":0},""atlasexp-scheduler-best-fit-6c5b6d"":{""active"":0,""idle"":2,""other"":0},""atlasexp-worker-w00-cpu-00-5b6228"":{""active"":0,""idle"":4,""other"":0},""atlasexp-worker-w00-cpu-01-bc7613"":{""active"":0,""idle"":4,""other"":0}}"
2026-09-30T13:41:58.836937752Z,bench-cpu-w2-best-fit-ropen-t2,0.240196,,0,14,0,0.000000,5503.087000,0,0,0,0,0,,0,0,"{""atlasexp-api-0c6d69"":{""active"":0,""idle"":4,""other"":0},""atlasexp-scheduler-best-fit-6c5b6d"":{""active"":0,""idle"":2,""other"":0},""atlasexp-worker-w00-cpu-00-5b6228"":{""active"":0,""idle"":4,""other"":0},""atlasexp-worker-w00-cpu-01-bc7613"":{""active"":0,""idle"":4,""other"":0}}"
2026-09-30T13:41:59.086268429Z,bench-cpu-w2-best-fit-ropen-t2,0.200537,,0,13,0,0.000000,5752.563000,0,0,0,0,0,,0,0,"{""atlasexp-api-0c6d69"":{""active"":0,""idle"":4,""other"":0},""atlasexp-scheduler-best-fit-6c5b6d"":{""active"":0,""idle"":1,""other"":1},""atlasexp-worker-w00-cpu-00-5b6228"":{""active"":0,""idle"":4,""other"":0},""atlasexp-worker-w00-cpu-01-bc7613"":{""active"":0,""idle"":4,""other"":0}}"
2026-09-30T13:41:59.336599135Z,bench-cpu-w2-best-fit-ropen-t2,0.119841,,0,14,0,0.000000,,0,0,0,0,0,,0,0,"{""atlasexp-api-0c6d69"":{""active"":0,""idle"":4,""other"":0},""atlasexp-scheduler-best-fit-6c5b6d"":{""active"":0,""idle"":2,""other"":0},""atlasexp-worker-w00-cpu-00-5b6228"":{""active"":0,""idle"":4,""other"":0},""atlasexp-worker-w00-cpu-01-bc7613"":{""active"":0,""idle"":4,""other"":0}}"
2026-09-30T13:41:59.586710692Z,bench-cpu-w2-best-fit-ropen-t3,0.559750,,6,8,4,0.666667,127.055000,0,0,0,0,0,,0,0,"{""atlasexp-api-0c6d69"":{""active"":4,""idle"":0,""other"":0},""atlasexp-scheduler-best-fit-6c5b6d"":{""active"":1,""idle"":1,""other"":0},""atlasexp-worker-w00-cpu-00-5b6228"":{""active"":1,""idle"":3,""other"":0},""atlasexp-worker-w00-cpu-01-bc7613"":{""active"":0,""idle"":4,""other"":0}}"
2026-09-30T13:41:59.836339557Z,bench-cpu-w2-best-fit-ropen-t3,0.600892,,5,9,4,0.800000,376.677000,0,0,0,0,0,,0,0,"{""atlasexp-api-0c6d69"":{""active"":4,""idle"":0,""other"":0},""atlasexp-scheduler-best-fit-6c5b6d"":{""active"":1,""idle"":1,""other"":0},""atlasexp-worker-w00-cpu-00-5b6228"":{""active"":0,""idle"":4,""other"":0},""atlasexp-worker-w00-cpu-01-bc7613"":{""active"":0,""idle"":4,""other"":0}}"
2026-09-30T13:42:00.086811887Z,bench-cpu-w2-best-fit-ropen-t3,0.638793,,6,7,5,0.833333,627.106000,0,0,0,0,0,,0,0,"{""atlasexp-api-0c6d69"":{""active"":4,""idle"":0,""other"":0},""atlasexp-scheduler-best-fit-6c5b6d"":{""active"":1,""idle"":1,""other"":0},""atlasexp-worker-w00-cpu-00-5b6228"":{""active"":1,""idle"":2,""other"":1},""atlasexp-worker-w00-cpu-01-bc7613"":{""active"":0,""idle"":4,""other"":0}}"
2026-09-30T13:42:00.336826594Z,bench-cpu-w2-best-fit-ropen-t3,0.599965,,5,9,4,0.800000,877.153000,0,0,0,0,0,,0,0,"{""atlasexp-api-0c6d69"":{""active"":4,""idle"":0,""other"":0},""atlasexp-scheduler-best-fit-6c5b6d"":{""active"":1,""idle"":1,""other"":0},""atlasexp-worker-w00-cpu-00-5b6228"":{""active"":0,""idle"":4,""other"":0},""atlasexp-worker-w00-cpu-01-bc7613"":{""active"":0,""idle"":4,""other"":0}}"
2026-09-30T13:42:00.586957963Z,bench-cpu-w2-best-fit-ropen-t3,0.359811,,1,12,0,0.000000,1127.426000,0,0,0,0,0,,0,0,"{""atlasexp-api-0c6d69"":{""active"":0,""idle"":4,""other"":0},""atlasexp-scheduler-best-fit-6c5b6d"":{""active"":0,""idle"":1,""other"":1},""atlasexp-worker-w00-cpu-00-5b6228"":{""active"":1,""idle"":3,""other"":0},""atlasexp-worker-w00-cpu-01-bc7613"":{""active"":0,""idle"":4,""other"":0}}"
2026-09-30T13:42:00.837101093Z,bench-cpu-w2-best-fit-ropen-t3,0.239863,,1,13,0,0.000000,1377.440000,0,0,0,0,0,,0,0,"{""atlasexp-api-0c6d69"":{""active"":0,""idle"":4,""other"":0},""atlasexp-scheduler-best-fit-6c5b6d"":{""active"":1,""idle"":1,""other"":0},""atlasexp-worker-w00-cpu-00-5b6228"":{""active"":0,""idle"":4,""other"":0},""atlasexp-worker-w00-cpu-01-bc7613"":{""active"":0,""idle"":4,""other"":0}}"
2026-09-30T13:42:01.086768029Z,bench-cpu-w2-best-fit-ropen-t3,0.320427,,0,14,0,0.000000,1626.969000,0,0,0,0,0,,0,0,"{""atlasexp-api-0c6d69"":{""active"":0,""idle"":4,""other"":0},""atlasexp-scheduler-best-fit-6c5b6d"":{""active"":0,""idle"":2,""other"":0},""atlasexp-worker-w00-cpu-00-5b6228"":{""active"":0,""idle"":4,""other"":0},""atlasexp-worker-w00-cpu-01-bc7613"":{""active"":0,""idle"":4,""other"":0}}"
2026-09-30T13:42:01.336166043Z,bench-cpu-w2-best-fit-ropen-t3,0.160386,,0,13,0,0.000000,1876.457000,0,0,0,0,0,,0,0,"{""atlasexp-api-0c6d69"":{""active"":0,""idle"":4,""other"":0},""atlasexp-scheduler-best-fit-6c5b6d"":{""active"":0,""idle"":1,""other"":1},""atlasexp-worker-w00-cpu-00-5b6228"":{""active"":0,""idle"":4,""other"":0},""atlasexp-worker-w00-cpu-01-bc7613"":{""active"":0,""idle"":4,""other"":0}}"
2026-09-30T13:42:01.587142154Z,bench-cpu-w2-best-fit-ropen-t3,0.318755,,0,14,0,0.000000,2127.589000,0,0,0,0,0,,0,0,"{""atlasexp-api-0c6d69"":{""active"":0,""idle"":4,""other"":0},""atlasexp-scheduler-best-fit-6c5b6d"":{""active"":0,""idle"":2,""other"":0},""atlasexp-worker-w00-cpu-00-5b6228"":{""active"":0,""idle"":4,""other"":0},""atlasexp-worker-w00-cpu-01-bc7613"":{""active"":0,""idle"":4,""other"":0}}"
2026-09-30T13:42:01.836181729Z,bench-cpu-w2-best-fit-ropen-t3,0.200771,,0,13,0,0.000000,1895.708000,0,0,0,0,0,,0,0,"{""atlasexp-api-0c6d69"":{""active"":0,""idle"":4,""other"":0},""atlasexp-scheduler-best-fit-6c5b6d"":{""active"":0,""idle"":2,""other"":0},""atlasexp-worker-w00-cpu-00-5b6228"":{""active"":0,""idle"":4,""other"":0},""atlasexp-worker-w00-cpu-01-bc7613"":{""active"":0,""idle"":3,""other"":1}}"
2026-09-30T13:42:02.08619987Z,bench-cpu-w2-best-fit-ropen-t3,0.199985,,0,14,0,0.000000,2145.675000,0,0,0,0,0,,0,0,"{""atlasexp-api-0c6d69"":{""active"":0,""idle"":4,""other"":0},""atlasexp-scheduler-best-fit-6c5b6d"":{""active"":0,""idle"":2,""other"":0},""atlasexp-worker-w00-cpu-00-5b6228"":{""active"":0,""idle"":4,""other"":0},""atlasexp-worker-w00-cpu-01-bc7613"":{""active"":0,""idle"":4,""other"":0}}"
2026-09-30T13:42:02.336834864Z,bench-cpu-w2-best-fit-ropen-t3,0.199493,,1,12,0,0.000000,2396.612000,0,0,0,0,0,,0,0,"{""atlasexp-api-0c6d69"":{""active"":0,""idle"":4,""other"":0},""atlasexp-scheduler-best-fit-6c5b6d"":{""active"":0,""idle"":2,""other"":0},""atlasexp-worker-w00-cpu-00-5b6228"":{""active"":1,""idle"":2,""other"":1},""atlasexp-worker-w00-cpu-01-bc7613"":{""active"":0,""idle"":4,""other"":0}}"
2026-09-30T13:42:02.587073539Z,bench-cpu-w2-best-fit-ropen-t3,0.239771,,0,13,0,0.000000,2646.943000,0,0,0,0,0,,0,0,"{""atlasexp-api-0c6d69"":{""active"":0,""idle"":4,""other"":0},""atlasexp-scheduler-best-fit-6c5b6d"":{""active"":0,""idle"":1,""other"":1},""atlasexp-worker-w00-cpu-00-5b6228"":{""active"":0,""idle"":4,""other"":0},""atlasexp-worker-w00-cpu-01-bc7613"":{""active"":0,""idle"":4,""other"":0}}"
2026-09-30T13:42:02.837166451Z,bench-cpu-w2-best-fit-ropen-t3,0.159941,,3,11,1,0.333333,2896.718000,0,0,0,0,0,,0,0,"{""atlasexp-api-0c6d69"":{""active"":0,""idle"":4,""other"":0},""atlasexp-scheduler-best-fit-6c5b6d"":{""active"":0,""idle"":2,""other"":0},""atlasexp-worker-w00-cpu-00-5b6228"":{""active"":3,""idle"":1,""other"":0},""atlasexp-worker-w00-cpu-01-bc7613"":{""active"":0,""idle"":4,""other"":0}}"
2026-09-30T13:42:03.086094025Z,bench-cpu-w2-best-fit-ropen-t3,0.281206,,0,14,0,0.000000,3145.575000,0,0,0,0,0,,0,0,"{""atlasexp-api-0c6d69"":{""active"":0,""idle"":4,""other"":0},""atlasexp-scheduler-best-fit-6c5b6d"":{""active"":0,""idle"":2,""other"":0},""atlasexp-worker-w00-cpu-00-5b6228"":{""active"":0,""idle"":4,""other"":0},""atlasexp-worker-w00-cpu-01-bc7613"":{""active"":0,""idle"":4,""other"":0}}"
2026-09-30T13:42:03.336437696Z,bench-cpu-w2-best-fit-ropen-t3,0.119835,,0,14,0,0.000000,3396.170000,0,0,0,0,0,,0,0,"{""atlasexp-api-0c6d69"":{""active"":0,""idle"":4,""other"":0},""atlasexp-scheduler-best-fit-6c5b6d"":{""active"":0,""idle"":2,""other"":0},""atlasexp-worker-w00-cpu-00-5b6228"":{""active"":0,""idle"":4,""other"":0},""atlasexp-worker-w00-cpu-01-bc7613"":{""active"":0,""idle"":4,""other"":0}}"
2026-09-30T13:42:03.5861702Z,bench-cpu-w2-best-fit-ropen-t3,0.240257,,2,12,0,0.000000,3646.026000,0,0,0,0,0,,0,0,"{""atlasexp-api-0c6d69"":{""active"":0,""idle"":4,""other"":0},""atlasexp-scheduler-best-fit-6c5b6d"":{""active"":0,""idle"":2,""other"":0},""atlasexp-worker-w00-cpu-00-5b6228"":{""active"":1,""idle"":3,""other"":0},""atlasexp-worker-w00-cpu-01-bc7613"":{""active"":1,""idle"":3,""other"":0}}"
2026-09-30T13:42:03.836363857Z,bench-cpu-w2-best-fit-ropen-t3,0.239814,,0,13,0,0.000000,3895.937000,0,0,0,0,0,,0,0,"{""atlasexp-api-0c6d69"":{""active"":0,""idle"":4,""other"":0},""atlasexp-scheduler-best-fit-6c5b6d"":{""active"":0,""idle"":2,""other"":0},""atlasexp-worker-w00-cpu-00-5b6228"":{""active"":0,""idle"":4,""other"":0},""atlasexp-worker-w00-cpu-01-bc7613"":{""active"":0,""idle"":3,""other"":1}}"
2026-09-30T13:42:04.087024948Z,bench-cpu-w2-best-fit-ropen-t3,0.199473,,0,14,0,0.000000,3218.100000,0,0,0,0,0,,0,0,"{""atlasexp-api-0c6d69"":{""active"":0,""idle"":4,""other"":0},""atlasexp-scheduler-best-fit-6c5b6d"":{""active"":0,""idle"":2,""other"":0},""atlasexp-worker-w00-cpu-00-5b6228"":{""active"":0,""idle"":4,""other"":0},""atlasexp-worker-w00-cpu-01-bc7613"":{""active"":0,""idle"":4,""other"":0}}"
2026-09-30T13:42:04.336350564Z,bench-cpu-w2-best-fit-ropen-t3,0.200541,,0,14,0,0.000000,3467.428000,0,0,0,0,0,,0,0,"{""atlasexp-api-0c6d69"":{""active"":0,""idle"":4,""other"":0},""atlasexp-scheduler-best-fit-6c5b6d"":{""active"":0,""idle"":2,""other"":0},""atlasexp-worker-w00-cpu-00-5b6228"":{""active"":0,""idle"":4,""other"":0},""atlasexp-worker-w00-cpu-01-bc7613"":{""active"":0,""idle"":4,""other"":0}}"
2026-09-30T13:42:04.587168328Z,bench-cpu-w2-best-fit-ropen-t3,0.239218,,1,13,0,0.000000,3718.508000,0,0,0,0,0,,0,0,"{""atlasexp-api-0c6d69"":{""active"":0,""idle"":4,""other"":0},""atlasexp-scheduler-best-fit-6c5b6d"":{""active"":0,""idle"":2,""other"":0},""atlasexp-worker-w00-cpu-00-5b6228"":{""active"":1,""idle"":3,""other"":0},""atlasexp-worker-w00-cpu-01-bc7613"":{""active"":0,""idle"":4,""other"":0}}"
2026-09-30T13:42:04.836672075Z,bench-cpu-w2-best-fit-ropen-t3,0.160318,,1,13,0,0.000000,3967.854000,0,0,0,0,0,,0,0,"{""atlasexp-api-0c6d69"":{""active"":0,""idle"":4,""other"":0},""atlasexp-scheduler-best-fit-6c5b6d"":{""active"":0,""idle"":2,""other"":0},""atlasexp-worker-w00-cpu-00-5b6228"":{""active"":1,""idle"":3,""other"":0},""atlasexp-worker-w00-cpu-01-bc7613"":{""active"":0,""idle"":4,""other"":0}}"
2026-09-30T13:42:05.086528102Z,bench-cpu-w2-best-fit-ropen-t3,0.160092,,0,14,0,0.000000,4217.666000,0,0,0,0,0,,0,0,"{""atlasexp-api-0c6d69"":{""active"":0,""idle"":4,""other"":0},""atlasexp-scheduler-best-fit-6c5b6d"":{""active"":0,""idle"":2,""other"":0},""atlasexp-worker-w00-cpu-00-5b6228"":{""active"":0,""idle"":4,""other"":0},""atlasexp-worker-w00-cpu-01-bc7613"":{""active"":0,""idle"":4,""other"":0}}"
2026-09-30T13:42:05.336797174Z,bench-cpu-w2-best-fit-ropen-t3,0.279699,,0,14,0,0.000000,4468.029000,0,0,0,0,0,,0,0,"{""atlasexp-api-0c6d69"":{""active"":0,""idle"":4,""other"":0},""atlasexp-scheduler-best-fit-6c5b6d"":{""active"":0,""idle"":2,""other"":0},""atlasexp-worker-w00-cpu-00-5b6228"":{""active"":0,""idle"":4,""other"":0},""atlasexp-worker-w00-cpu-01-bc7613"":{""active"":0,""idle"":4,""other"":0}}"
2026-09-30T13:42:05.586202656Z,bench-cpu-w2-best-fit-ropen-t3,0.160381,,0,13,0,0.000000,4717.130000,0,0,0,0,0,,0,0,"{""atlasexp-api-0c6d69"":{""active"":0,""idle"":4,""other"":0},""atlasexp-scheduler-best-fit-6c5b6d"":{""active"":0,""idle"":1,""other"":1},""atlasexp-worker-w00-cpu-00-5b6228"":{""active"":0,""idle"":4,""other"":0},""atlasexp-worker-w00-cpu-01-bc7613"":{""active"":0,""idle"":4,""other"":0}}"
2026-09-30T13:42:05.837089385Z,bench-cpu-w2-best-fit-ropen-t3,0.279010,,2,11,1,0.500000,4968.249000,0,0,0,0,0,,0,0,"{""atlasexp-api-0c6d69"":{""active"":0,""idle"":4,""other"":0},""atlasexp-scheduler-best-fit-6c5b6d"":{""active"":0,""idle"":2,""other"":0},""atlasexp-worker-w00-cpu-00-5b6228"":{""active"":2,""idle"":1,""other"":1},""atlasexp-worker-w00-cpu-01-bc7613"":{""active"":0,""idle"":4,""other"":0}}"
2026-09-30T13:42:06.086473987Z,bench-cpu-w2-best-fit-ropen-t3,0.200494,,0,13,0,0.000000,5217.588000,0,0,0,0,0,,0,0,"{""atlasexp-api-0c6d69"":{""active"":0,""idle"":4,""other"":0},""atlasexp-scheduler-best-fit-6c5b6d"":{""active"":0,""idle"":1,""other"":1},""atlasexp-worker-w00-cpu-00-5b6228"":{""active"":0,""idle"":4,""other"":0},""atlasexp-worker-w00-cpu-01-bc7613"":{""active"":0,""idle"":4,""other"":0}}"
2026-09-30T13:42:06.336696175Z,bench-cpu-w2-best-fit-ropen-t3,0.279751,,0,13,0,0.000000,5467.602000,0,0,0,0,0,,0,0,"{""atlasexp-api-0c6d69"":{""active"":0,""idle"":4,""other"":0},""atlasexp-scheduler-best-fit-6c5b6d"":{""active"":0,""idle"":2,""other"":0},""atlasexp-worker-w00-cpu-00-5b6228"":{""active"":0,""idle"":4,""other"":0},""atlasexp-worker-w00-cpu-01-bc7613"":{""active"":0,""idle"":3,""other"":1}}"
2026-09-30T13:42:06.586876985Z,bench-cpu-w2-best-fit-ropen-t3,0.079942,,0,14,0,0.000000,,0,0,0,0,0,,0,0,"{""atlasexp-api-0c6d69"":{""active"":0,""idle"":4,""other"":0},""atlasexp-scheduler-best-fit-6c5b6d"":{""active"":0,""idle"":2,""other"":0},""atlasexp-worker-w00-cpu-00-5b6228"":{""active"":0,""idle"":4,""other"":0},""atlasexp-worker-w00-cpu-01-bc7613"":{""active"":0,""idle"":4,""other"":0}}"
2026-09-30T13:42:06.836407621Z,idle,0.080150,,0,6,0,0.000000,,0,0,0,0,0,,0,0,"{""atlasexp-api-0c6d69"":{""active"":0,""idle"":4,""other"":0},""atlasexp-scheduler-best-fit-6c5b6d"":{""active"":0,""idle"":2,""other"":0}}"
2026-09-30T13:42:07.086498454Z,idle,0.039985,,0,20,0,0.000000,,0,0,0,0,0,,0,0,"{""atlasexp-api-0c6d69"":{""active"":0,""idle"":4,""other"":0},""atlasexp-worker-w00-cpu-00-fc6414"":{""active"":0,""idle"":4,""other"":0},""atlasexp-worker-w00-cpu-01-b51884"":{""active"":0,""idle"":4,""other"":0},""atlasexp-worker-w00-cpu-02-d75e6b"":{""active"":0,""idle"":4,""other"":0},""atlasexp-worker-w00-cpu-03-9fc755"":{""active"":0,""idle"":4,""other"":0}}"
2026-09-30T13:42:07.336333157Z,bench-cpu-w4-best-fit-ropen-t1,0.480318,,6,12,4,0.666667,131.003000,0,0,0,0,0,,0,0,"{""atlasexp-api-0c6d69"":{""active"":4,""idle"":0,""other"":0},""atlasexp-scheduler-best-fit-7d1f37"":{""active"":1,""idle"":1,""other"":0},""atlasexp-worker-w00-cpu-00-fc6414"":{""active"":1,""idle"":3,""other"":0},""atlasexp-worker-w00-cpu-01-b51884"":{""active"":0,""idle"":0,""other"":4},""atlasexp-worker-w00-cpu-02-d75e6b"":{""active"":0,""idle"":4,""other"":0},""atlasexp-worker-w00-cpu-03-9fc755"":{""active"":0,""idle"":4,""other"":0}}"
2026-09-30T13:42:07.586720133Z,bench-cpu-w4-best-fit-ropen-t1,0.758825,,5,17,4,0.800000,381.299000,0,0,0,0,0,,0,0,"{""atlasexp-api-0c6d69"":{""active"":4,""idle"":0,""other"":0},""atlasexp-scheduler-best-fit-7d1f37"":{""active"":1,""idle"":1,""other"":0},""atlasexp-worker-w00-cpu-00-fc6414"":{""active"":0,""idle"":4,""other"":0},""atlasexp-worker-w00-cpu-01-b51884"":{""active"":0,""idle"":4,""other"":0},""atlasexp-worker-w00-cpu-02-d75e6b"":{""active"":0,""idle"":4,""other"":0},""atlasexp-worker-w00-cpu-03-9fc755"":{""active"":0,""idle"":4,""other"":0}}"
2026-09-30T13:42:07.836516134Z,bench-cpu-w4-best-fit-ropen-t1,0.920751,,5,17,4,0.800000,631.183000,0,0,0,0,0,,0,0,"{""atlasexp-api-0c6d69"":{""active"":4,""idle"":0,""other"":0},""atlasexp-scheduler-best-fit-7d1f37"":{""active"":1,""idle"":1,""other"":0},""atlasexp-worker-w00-cpu-00-fc6414"":{""active"":0,""idle"":4,""other"":0},""atlasexp-worker-w00-cpu-01-b51884"":{""active"":0,""idle"":4,""other"":0},""atlasexp-worker-w00-cpu-02-d75e6b"":{""active"":0,""idle"":4,""other"":0},""atlasexp-worker-w00-cpu-03-9fc755"":{""active"":0,""idle"":4,""other"":0}}"
2026-09-30T13:42:08.086452256Z,bench-cpu-w4-best-fit-ropen-t1,0.680174,,4,17,3,0.750000,881.212000,0,0,0,0,0,,0,0,"{""atlasexp-api-0c6d69"":{""active"":3,""idle"":0,""other"":1},""atlasexp-scheduler-best-fit-7d1f37"":{""active"":1,""idle"":1,""other"":0},""atlasexp-worker-w00-cpu-00-fc6414"":{""active"":0,""idle"":4,""other"":0},""atlasexp-worker-w00-cpu-01-b51884"":{""active"":0,""idle"":4,""other"":0},""atlasexp-worker-w00-cpu-02-d75e6b"":{""active"":0,""idle"":4,""other"":0},""atlasexp-worker-w00-cpu-03-9fc755"":{""active"":0,""idle"":4,""other"":0}}"
2026-09-30T13:42:08.3371921Z,bench-cpu-w4-best-fit-ropen-t1,0.677994,,0,20,0,0.000000,1131.858000,0,0,0,0,0,,0,0,"{""atlasexp-api-0c6d69"":{""active"":0,""idle"":4,""other"":0},""atlasexp-scheduler-best-fit-7d1f37"":{""active"":0,""idle"":2,""other"":0},""atlasexp-worker-w00-cpu-00-fc6414"":{""active"":0,""idle"":4,""other"":0},""atlasexp-worker-w00-cpu-01-b51884"":{""active"":0,""idle"":4,""other"":0},""atlasexp-worker-w00-cpu-02-d75e6b"":{""active"":0,""idle"":3,""other"":1},""atlasexp-worker-w00-cpu-03-9fc755"":{""active"":0,""idle"":3,""other"":1}}"
2026-09-30T13:42:08.586405523Z,bench-cpu-w4-best-fit-ropen-t1,0.160505,,1,21,0,0.000000,1381.025000,0,0,0,0,0,,0,0,"{""atlasexp-api-0c6d69"":{""active"":0,""idle"":4,""other"":0},""atlasexp-scheduler-best-fit-7d1f37"":{""active"":1,""idle"":1,""other"":0},""atlasexp-worker-w00-cpu-00-fc6414"":{""active"":0,""idle"":4,""other"":0},""atlasexp-worker-w00-cpu-01-b51884"":{""active"":0,""idle"":4,""other"":0},""atlasexp-worker-w00-cpu-02-d75e6b"":{""active"":0,""idle"":4,""other"":0},""atlasexp-worker-w00-cpu-03-9fc755"":{""active"":0,""idle"":4,""other"":0}}"
2026-09-30T13:42:08.836943731Z,bench-cpu-w4-best-fit-ropen-t1,0.439055,,0,21,0,0.000000,1167.209000,0,0,0,0,0,,0,0,"{""atlasexp-api-0c6d69"":{""active"":0,""idle"":4,""other"":0},""atlasexp-scheduler-best-fit-7d1f37"":{""active"":0,""idle"":1,""other"":1},""atlasexp-worker-w00-cpu-00-fc6414"":{""active"":0,""idle"":4,""other"":0},""atlasexp-worker-w00-cpu-01-b51884"":{""active"":0,""idle"":4,""other"":0},""atlasexp-worker-w00-cpu-02-d75e6b"":{""active"":0,""idle"":4,""other"":0},""atlasexp-worker-w00-cpu-03-9fc755"":{""active"":0,""idle"":4,""other"":0}}"
2026-09-30T13:42:09.086349663Z,bench-cpu-w4-best-fit-ropen-t1,0.320762,,1,21,0,0.000000,1416.833000,0,0,0,0,0,,0,0,"{""atlasexp-api-0c6d69"":{""active"":0,""idle"":4,""other"":0},""atlasexp-scheduler-best-fit-7d1f37"":{""active"":1,""idle"":1,""other"":0},""atlasexp-worker-w00-cpu-00-fc6414"":{""active"":0,""idle"":4,""other"":0},""atlasexp-worker-w00-cpu-01-b51884"":{""active"":0,""idle"":4,""other"":0},""atlasexp-worker-w00-cpu-02-d75e6b"":{""active"":0,""idle"":4,""other"":0},""atlasexp-worker-w00-cpu-03-9fc755"":{""active"":0,""idle"":4,""other"":0}}"
2026-09-30T13:42:09.336734064Z,bench-cpu-w4-best-fit-ropen-t1,0.399386,,1,21,0,0.000000,1667.014000,0,0,0,0,0,,0,0,"{""atlasexp-api-0c6d69"":{""active"":0,""idle"":4,""other"":0},""atlasexp-scheduler-best-fit-7d1f37"":{""active"":1,""idle"":1,""other"":0},""atlasexp-worker-w00-cpu-00-fc6414"":{""active"":0,""idle"":4,""other"":0},""atlasexp-worker-w00-cpu-01-b51884"":{""active"":0,""idle"":4,""other"":0},""atlasexp-worker-w00-cpu-02-d75e6b"":{""active"":0,""idle"":4,""other"":0},""atlasexp-worker-w00-cpu-03-9fc755"":{""active"":0,""idle"":4,""other"":0}}"
2026-09-30T13:42:09.58683274Z,bench-cpu-w4-best-fit-ropen-t1,0.399842,,0,21,0,0.000000,1917.233000,0,0,0,0,0,,0,0,"{""atlasexp-api-0c6d69"":{""active"":0,""idle"":4,""other"":0},""atlasexp-scheduler-best-fit-7d1f37"":{""active"":0,""idle"":2,""other"":0},""atlasexp-worker-w00-cpu-00-fc6414"":{""active"":0,""idle"":4,""other"":0},""atlasexp-worker-w00-cpu-01-b51884"":{""active"":0,""idle"":3,""other"":1},""atlasexp-worker-w00-cpu-02-d75e6b"":{""active"":0,""idle"":4,""other"":0},""atlasexp-worker-w00-cpu-03-9fc755"":{""active"":0,""idle"":4,""other"":0}}"
2026-09-30T13:42:09.837071199Z,bench-cpu-w4-best-fit-ropen-t1,0.359657,,0,21,0,0.000000,2167.403000,0,0,0,0,0,,0,0,"{""atlasexp-api-0c6d69"":{""active"":0,""idle"":4,""other"":0},""atlasexp-scheduler-best-fit-7d1f37"":{""active"":0,""idle"":2,""other"":0},""atlasexp-worker-w00-cpu-00-fc6414"":{""active"":0,""idle"":4,""other"":0},""atlasexp-worker-w00-cpu-01-b51884"":{""active"":0,""idle"":3,""other"":1},""atlasexp-worker-w00-cpu-02-d75e6b"":{""active"":0,""idle"":4,""other"":0},""atlasexp-worker-w00-cpu-03-9fc755"":{""active"":0,""idle"":4,""other"":0}}"
2026-09-30T13:42:10.086382904Z,bench-cpu-w4-best-fit-ropen-t1,0.280773,,0,22,0,0.000000,2416.884000,0,0,0,0,0,,0,0,"{""atlasexp-api-0c6d69"":{""active"":0,""idle"":4,""other"":0},""atlasexp-scheduler-best-fit-7d1f37"":{""active"":0,""idle"":2,""other"":0},""atlasexp-worker-w00-cpu-00-fc6414"":{""active"":0,""idle"":4,""other"":0},""atlasexp-worker-w00-cpu-01-b51884"":{""active"":0,""idle"":4,""other"":0},""atlasexp-worker-w00-cpu-02-d75e6b"":{""active"":0,""idle"":4,""other"":0},""atlasexp-worker-w00-cpu-03-9fc755"":{""active"":0,""idle"":4,""other"":0}}"
2026-09-30T13:42:10.336383707Z,bench-cpu-w4-best-fit-ropen-t1,0.319999,,0,20,0,0.000000,2666.706000,0,0,0,0,0,,0,0,"{""atlasexp-api-0c6d69"":{""active"":0,""idle"":4,""other"":0},""atlasexp-scheduler-best-fit-7d1f37"":{""active"":0,""idle"":1,""other"":1},""atlasexp-worker-w00-cpu-00-fc6414"":{""active"":0,""idle"":4,""other"":0},""atlasexp-worker-w00-cpu-01-b51884"":{""active"":0,""idle"":4,""other"":0},""atlasexp-worker-w00-cpu-02-d75e6b"":{""active"":0,""idle"":4,""other"":0},""atlasexp-worker-w00-cpu-03-9fc755"":{""active"":0,""idle"":3,""other"":1}}"
2026-09-30T13:42:10.586875474Z,bench-cpu-w4-best-fit-ropen-t1,0.399215,,0,22,0,0.000000,1893.406000,0,0,0,0,0,,0,0,"{""atlasexp-api-0c6d69"":{""active"":0,""idle"":4,""other"":0},""atlasexp-scheduler-best-fit-7d1f37"":{""active"":0,""idle"":2,""other"":0},""atlasexp-worker-w00-cpu-00-fc6414"":{""active"":0,""idle"":4,""other"":0},""atlasexp-worker-w00-cpu-01-b51884"":{""active"":0,""idle"":4,""other"":0},""atlasexp-worker-w00-cpu-02-d75e6b"":{""active"":0,""idle"":4,""other"":0},""atlasexp-worker-w00-cpu-03-9fc755"":{""active"":0,""idle"":4,""other"":0}}"
2026-09-30T13:42:10.83650332Z,bench-cpu-w4-best-fit-ropen-t1,0.480716,,2,20,0,0.000000,2143.114000,0,0,0,0,0,,0,0,"{""atlasexp-api-0c6d69"":{""active"":0,""idle"":4,""other"":0},""atlasexp-scheduler-best-fit-7d1f37"":{""active"":0,""idle"":2,""other"":0},""atlasexp-worker-w00-cpu-00-fc6414"":{""active"":1,""idle"":3,""other"":0},""atlasexp-worker-w00-cpu-01-b51884"":{""active"":1,""idle"":3,""other"":0},""atlasexp-worker-w00-cpu-02-d75e6b"":{""active"":0,""idle"":4,""other"":0},""atlasexp-worker-w00-cpu-03-9fc755"":{""active"":0,""idle"":4,""other"":0}}"
2026-09-30T13:42:11.086862041Z,bench-cpu-w4-best-fit-ropen-t1,0.199713,,0,22,0,0.000000,2393.484000,0,0,0,0,0,,0,0,"{""atlasexp-api-0c6d69"":{""active"":0,""idle"":4,""other"":0},""atlasexp-scheduler-best-fit-7d1f37"":{""active"":0,""idle"":2,""other"":0},""atlasexp-worker-w00-cpu-00-fc6414"":{""active"":0,""idle"":4,""other"":0},""atlasexp-worker-w00-cpu-01-b51884"":{""active"":0,""idle"":4,""other"":0},""atlasexp-worker-w00-cpu-02-d75e6b"":{""active"":0,""idle"":4,""other"":0},""atlasexp-worker-w00-cpu-03-9fc755"":{""active"":0,""idle"":4,""other"":0}}"
2026-09-30T13:42:11.336555829Z,bench-cpu-w4-best-fit-ropen-t1,0.440540,,0,19,0,0.000000,2643.065000,0,0,0,0,0,,0,0,"{""atlasexp-api-0c6d69"":{""active"":0,""idle"":4,""other"":0},""atlasexp-scheduler-best-fit-7d1f37"":{""active"":0,""idle"":1,""other"":1},""atlasexp-worker-w00-cpu-00-fc6414"":{""active"":0,""idle"":3,""other"":1},""atlasexp-worker-w00-cpu-01-b51884"":{""active"":0,""idle"":4,""other"":0},""atlasexp-worker-w00-cpu-02-d75e6b"":{""active"":0,""idle"":4,""other"":0},""atlasexp-worker-w00-cpu-03-9fc755"":{""active"":0,""idle"":3,""other"":1}}"
2026-09-30T13:42:11.586848456Z,bench-cpu-w4-best-fit-ropen-t1,0.359579,,0,20,0,0.000000,2893.423000,0,0,0,0,0,,0,0,"{""atlasexp-api-0c6d69"":{""active"":0,""idle"":4,""other"":0},""atlasexp-scheduler-best-fit-7d1f37"":{""active"":0,""idle"":2,""other"":0},""atlasexp-worker-w00-cpu-00-fc6414"":{""active"":0,""idle"":4,""other"":0},""atlasexp-worker-w00-cpu-01-b51884"":{""active"":0,""idle"":3,""other"":1},""atlasexp-worker-w00-cpu-02-d75e6b"":{""active"":0,""idle"":3,""other"":1},""atlasexp-worker-w00-cpu-03-9fc755"":{""active"":0,""idle"":4,""other"":0}}"
2026-09-30T13:42:11.836344695Z,bench-cpu-w4-best-fit-ropen-t1,0.280565,,0,20,0,0.000000,3142.961000,0,0,0,0,0,,0,0,"{""atlasexp-api-0c6d69"":{""active"":0,""idle"":4,""other"":0},""atlasexp-scheduler-best-fit-7d1f37"":{""active"":0,""idle"":1,""other"":1},""atlasexp-worker-w00-cpu-00-fc6414"":{""active"":0,""idle"":3,""other"":1},""atlasexp-worker-w00-cpu-01-b51884"":{""active"":0,""idle"":4,""other"":0},""atlasexp-worker-w00-cpu-02-d75e6b"":{""active"":0,""idle"":4,""other"":0},""atlasexp-worker-w00-cpu-03-9fc755"":{""active"":0,""idle"":4,""other"":0}}"
2026-09-30T13:42:12.086222297Z,bench-cpu-w4-best-fit-ropen-t1,0.160078,,0,22,0,0.000000,,0,0,0,0,0,,0,0,"{""atlasexp-api-0c6d69"":{""active"":0,""idle"":4,""other"":0},""atlasexp-scheduler-best-fit-7d1f37"":{""active"":0,""idle"":2,""other"":0},""atlasexp-worker-w00-cpu-00-fc6414"":{""active"":0,""idle"":4,""other"":0},""atlasexp-worker-w00-cpu-01-b51884"":{""active"":0,""idle"":4,""other"":0},""atlasexp-worker-w00-cpu-02-d75e6b"":{""active"":0,""idle"":4,""other"":0},""atlasexp-worker-w00-cpu-03-9fc755"":{""active"":0,""idle"":4,""other"":0}}"
2026-09-30T13:42:12.336825715Z,bench-cpu-w4-best-fit-ropen-t2,0.598555,,5,16,4,0.800000,131.686000,0,0,0,0,0,,0,0,"{""atlasexp-api-0c6d69"":{""active"":4,""idle"":0,""other"":0},""atlasexp-scheduler-best-fit-7d1f37"":{""active"":1,""idle"":1,""other"":0},""atlasexp-worker-w00-cpu-00-fc6414"":{""active"":0,""idle"":3,""other"":1},""atlasexp-worker-w00-cpu-01-b51884"":{""active"":0,""idle"":4,""other"":0},""atlasexp-worker-w00-cpu-02-d75e6b"":{""active"":0,""idle"":4,""other"":0},""atlasexp-worker-w00-cpu-03-9fc755"":{""active"":0,""idle"":4,""other"":0}}"
2026-09-30T13:42:12.586511859Z,bench-cpu-w4-best-fit-ropen-t2,0.720905,,5,17,4,0.800000,381.267000,0,0,0,0,0,,0,0,"{""atlasexp-api-0c6d69"":{""active"":4,""idle"":0,""other"":0},""atlasexp-scheduler-best-fit-7d1f37"":{""active"":1,""idle"":1,""other"":0},""atlasexp-worker-w00-cpu-00-fc6414"":{""active"":0,""idle"":4,""other"":0},""atlasexp-worker-w00-cpu-01-b51884"":{""active"":0,""idle"":4,""other"":0},""atlasexp-worker-w00-cpu-02-d75e6b"":{""active"":0,""idle"":4,""other"":0},""atlasexp-worker-w00-cpu-03-9fc755"":{""active"":0,""idle"":4,""other"":0}}"
2026-09-30T13:42:12.836538018Z,bench-cpu-w4-best-fit-ropen-t2,0.919904,,5,16,4,0.800000,631.300000,0,0,0,0,0,,0,0,"{""atlasexp-api-0c6d69"":{""active"":4,""idle"":0,""other"":0},""atlasexp-scheduler-best-fit-7d1f37"":{""active"":1,""idle"":1,""other"":0},""atlasexp-worker-w00-cpu-00-fc6414"":{""active"":0,""idle"":4,""other"":0},""atlasexp-worker-w00-cpu-01-b51884"":{""active"":0,""idle"":4,""other"":0},""atlasexp-worker-w00-cpu-02-d75e6b"":{""active"":0,""idle"":4,""other"":0},""atlasexp-worker-w00-cpu-03-9fc755"":{""active"":0,""idle"":3,""other"":1}}"
2026-09-30T13:42:13.086665606Z,bench-cpu-w4-best-fit-ropen-t2,0.639674,,5,17,4,0.800000,881.428000,0,0,0,0,0,,0,0,"{""atlasexp-api-0c6d69"":{""active"":4,""idle"":0,""other"":0},""atlasexp-scheduler-best-fit-7d1f37"":{""active"":1,""idle"":1,""other"":0},""atlasexp-worker-w00-cpu-00-fc6414"":{""active"":0,""idle"":4,""other"":0},""atlasexp-worker-w00-cpu-01-b51884"":{""active"":0,""idle"":4,""other"":0},""atlasexp-worker-w00-cpu-02-d75e6b"":{""active"":0,""idle"":4,""other"":0},""atlasexp-worker-w00-cpu-03-9fc755"":{""active"":0,""idle"":4,""other"":0}}"
2026-09-30T13:42:13.336857656Z,bench-cpu-w4-best-fit-ropen-t2,0.639509,,0,21,0,0.000000,1131.734000,0,0,0,0,0,,0,0,"{""atlasexp-api-0c6d69"":{""active"":0,""idle"":4,""other"":0},""atlasexp-scheduler-best-fit-7d1f37"":{""active"":0,""idle"":1,""other"":1},""atlasexp-worker-w00-cpu-00-fc6414"":{""active"":0,""idle"":4,""other"":0},""atlasexp-worker-w00-cpu-01-b51884"":{""active"":0,""idle"":4,""other"":0},""atlasexp-worker-w00-cpu-02-d75e6b"":{""active"":0,""idle"":4,""other"":0},""atlasexp-worker-w00-cpu-03-9fc755"":{""active"":0,""idle"":4,""other"":0}}"
2026-09-30T13:42:13.587209338Z,bench-cpu-w4-best-fit-ropen-t2,0.319550,,0,22,0,0.000000,1382.038000,0,0,0,0,0,,0,0,"{""atlasexp-api-0c6d69"":{""active"":0,""idle"":4,""other"":0},""atlasexp-scheduler-best-fit-7d1f37"":{""active"":0,""idle"":2,""other"":0},""atlasexp-worker-w00-cpu-00-fc6414"":{""active"":0,""idle"":4,""other"":0},""atlasexp-worker-w00-cpu-01-b51884"":{""active"":0,""idle"":4,""other"":0},""atlasexp-worker-w00-cpu-02-d75e6b"":{""active"":0,""idle"":4,""other"":0},""atlasexp-worker-w00-cpu-03-9fc755"":{""active"":0,""idle"":4,""other"":0}}"
2026-09-30T13:42:13.836483085Z,bench-cpu-w4-best-fit-ropen-t2,0.441282,,1,21,0,0.000000,1156.053000,0,0,0,0,0,,0,0,"{""atlasexp-api-0c6d69"":{""active"":0,""idle"":4,""other"":0},""atlasexp-scheduler-best-fit-7d1f37"":{""active"":1,""idle"":1,""other"":0},""atlasexp-worker-w00-cpu-00-fc6414"":{""active"":0,""idle"":4,""other"":0},""atlasexp-worker-w00-cpu-01-b51884"":{""active"":0,""idle"":4,""other"":0},""atlasexp-worker-w00-cpu-02-d75e6b"":{""active"":0,""idle"":4,""other"":0},""atlasexp-worker-w00-cpu-03-9fc755"":{""active"":0,""idle"":4,""other"":0}}"
2026-09-30T13:42:14.086494814Z,bench-cpu-w4-best-fit-ropen-t2,0.319985,,1,21,0,0.000000,1405.857000,0,0,0,0,0,,0,0,"{""atlasexp-api-0c6d69"":{""active"":0,""idle"":4,""other"":0},""atlasexp-scheduler-best-fit-7d1f37"":{""active"":1,""idle"":1,""other"":0},""atlasexp-worker-w00-cpu-00-fc6414"":{""active"":0,""idle"":4,""other"":0},""atlasexp-worker-w00-cpu-01-b51884"":{""active"":0,""idle"":4,""other"":0},""atlasexp-worker-w00-cpu-02-d75e6b"":{""active"":0,""idle"":4,""other"":0},""atlasexp-worker-w00-cpu-03-9fc755"":{""active"":0,""idle"":4,""other"":0}}"
2026-09-30T13:42:14.336967362Z,bench-cpu-w4-best-fit-ropen-t2,0.359321,,0,21,0,0.000000,1656.565000,0,0,0,0,0,,0,0,"{""atlasexp-api-0c6d69"":{""active"":0,""idle"":4,""other"":0},""atlasexp-scheduler-best-fit-7d1f37"":{""active"":0,""idle"":2,""other"":0},""atlasexp-worker-w00-cpu-00-fc6414"":{""active"":0,""idle"":4,""other"":0},""atlasexp-worker-w00-cpu-01-b51884"":{""active"":0,""idle"":4,""other"":0},""atlasexp-worker-w00-cpu-02-d75e6b"":{""active"":0,""idle"":4,""other"":0},""atlasexp-worker-w00-cpu-03-9fc755"":{""active"":0,""idle"":3,""other"":1}}"
2026-09-30T13:42:14.586693867Z,bench-cpu-w4-best-fit-ropen-t2,0.320350,,0,20,0,0.000000,1905.989000,0,0,0,0,0,,0,0,"{""atlasexp-api-0c6d69"":{""active"":0,""idle"":4,""other"":0},""atlasexp-scheduler-best-fit-7d1f37"":{""active"":0,""idle"":2,""other"":0},""atlasexp-worker-w00-cpu-00-fc6414"":{""active"":0,""idle"":4,""other"":0},""atlasexp-worker-w00-cpu-01-b51884"":{""active"":0,""idle"":3,""other"":1},""atlasexp-worker-w00-cpu-02-d75e6b"":{""active"":0,""idle"":3,""other"":1},""atlasexp-worker-w00-cpu-03-9fc755"":{""active"":0,""idle"":4,""other"":0}}"
2026-09-30T13:42:14.836350761Z,bench-cpu-w4-best-fit-ropen-t2,0.280385,,0,22,0,0.000000,2155.863000,0,0,0,0,0,,0,0,"{""atlasexp-api-0c6d69"":{""active"":0,""idle"":4,""other"":0},""atlasexp-scheduler-best-fit-7d1f37"":{""active"":0,""idle"":2,""other"":0},""atlasexp-worker-w00-cpu-00-fc6414"":{""active"":0,""idle"":4,""other"":0},""atlasexp-worker-w00-cpu-01-b51884"":{""active"":0,""idle"":4,""other"":0},""atlasexp-worker-w00-cpu-02-d75e6b"":{""active"":0,""idle"":4,""other"":0},""atlasexp-worker-w00-cpu-03-9fc755"":{""active"":0,""idle"":4,""other"":0}}"
2026-09-30T13:42:15.087014887Z,bench-cpu-w4-best-fit-ropen-t2,0.359046,,0,20,0,0.000000,2406.363000,0,0,0,0,0,,0,0,"{""atlasexp-api-0c6d69"":{""active"":0,""idle"":4,""other"":0},""atlasexp-scheduler-best-fit-7d1f37"":{""active"":0,""idle"":2,""other"":0},""atlasexp-worker-w00-cpu-00-fc6414"":{""active"":0,""idle"":4,""other"":0},""atlasexp-worker-w00-cpu-01-b51884"":{""active"":0,""idle"":3,""other"":1},""atlasexp-worker-w00-cpu-02-d75e6b"":{""active"":0,""idle"":4,""other"":0},""atlasexp-worker-w00-cpu-03-9fc755"":{""active"":0,""idle"":3,""other"":1}}"
2026-09-30T13:42:15.336145608Z,bench-cpu-w4-best-fit-ropen-t2,0.441535,,1,20,0,0.000000,2655.941000,0,0,0,0,0,,0,0,"{""atlasexp-api-0c6d69"":{""active"":0,""idle"":4,""other"":0},""atlasexp-scheduler-best-fit-7d1f37"":{""active"":1,""idle"":1,""other"":0},""atlasexp-worker-w00-cpu-00-fc6414"":{""active"":0,""idle"":3,""other"":1},""atlasexp-worker-w00-cpu-01-b51884"":{""active"":0,""idle"":4,""other"":0},""atlasexp-worker-w00-cpu-02-d75e6b"":{""active"":0,""idle"":4,""other"":0},""atlasexp-worker-w00-cpu-03-9fc755"":{""active"":0,""idle"":4,""other"":0}}"
2026-09-30T13:42:15.586375644Z,bench-cpu-w4-best-fit-ropen-t2,0.359669,,0,22,0,0.000000,1868.595000,0,0,0,0,0,,0,0,"{""atlasexp-api-0c6d69"":{""active"":0,""idle"":4,""other"":0},""atlasexp-scheduler-best-fit-7d1f37"":{""active"":0,""idle"":2,""other"":0},""atlasexp-worker-w00-cpu-00-fc6414"":{""active"":0,""idle"":4,""other"":0},""atlasexp-worker-w00-cpu-01-b51884"":{""active"":0,""idle"":4,""other"":0},""atlasexp-worker-w00-cpu-02-d75e6b"":{""active"":0,""idle"":4,""other"":0},""atlasexp-worker-w00-cpu-03-9fc755"":{""active"":0,""idle"":4,""other"":0}}"
2026-09-30T13:42:15.836954321Z,bench-cpu-w4-best-fit-ropen-t2,0.319261,,1,21,0,0.000000,2119.125000,0,0,0,0,0,,0,0,"{""atlasexp-api-0c6d69"":{""active"":0,""idle"":4,""other"":0},""atlasexp-scheduler-best-fit-7d1f37"":{""active"":0,""idle"":2,""other"":0},""atlasexp-worker-w00-cpu-00-fc6414"":{""active"":1,""idle"":3,""other"":0},""atlasexp-worker-w00-cpu-01-b51884"":{""active"":0,""idle"":4,""other"":0},""atlasexp-worker-w00-cpu-02-d75e6b"":{""active"":0,""idle"":4,""other"":0},""atlasexp-worker-w00-cpu-03-9fc755"":{""active"":0,""idle"":4,""other"":0}}"
2026-09-30T13:42:16.086494787Z,bench-cpu-w4-best-fit-ropen-t2,0.280516,,0,22,0,0.000000,2368.748000,0,0,0,0,0,,0,0,"{""atlasexp-api-0c6d69"":{""active"":0,""idle"":4,""other"":0},""atlasexp-scheduler-best-fit-7d1f37"":{""active"":0,""idle"":2,""other"":0},""atlasexp-worker-w00-cpu-00-fc6414"":{""active"":0,""idle"":4,""other"":0},""atlasexp-worker-w00-cpu-01-b51884"":{""active"":0,""idle"":4,""other"":0},""atlasexp-worker-w00-cpu-02-d75e6b"":{""active"":0,""idle"":4,""other"":0},""atlasexp-worker-w00-cpu-03-9fc755"":{""active"":0,""idle"":4,""other"":0}}"
2026-09-30T13:42:16.336404975Z,bench-cpu-w4-best-fit-ropen-t2,0.400144,,1,21,0,0.000000,2618.530000,0,0,0,0,0,,0,0,"{""atlasexp-api-0c6d69"":{""active"":0,""idle"":4,""other"":0},""atlasexp-scheduler-best-fit-7d1f37"":{""active"":1,""idle"":1,""other"":0},""atlasexp-worker-w00-cpu-00-fc6414"":{""active"":0,""idle"":4,""other"":0},""atlasexp-worker-w00-cpu-01-b51884"":{""active"":0,""idle"":4,""other"":0},""atlasexp-worker-w00-cpu-02-d75e6b"":{""active"":0,""idle"":4,""other"":0},""atlasexp-worker-w00-cpu-03-9fc755"":{""active"":0,""idle"":4,""other"":0}}"
2026-09-30T13:42:16.586350217Z,bench-cpu-w4-best-fit-ropen-t2,0.360079,,1,21,0,0.000000,2868.510000,0,0,0,0,0,,0,0,"{""atlasexp-api-0c6d69"":{""active"":0,""idle"":4,""other"":0},""atlasexp-scheduler-best-fit-7d1f37"":{""active"":0,""idle"":2,""other"":0},""atlasexp-worker-w00-cpu-00-fc6414"":{""active"":1,""idle"":3,""other"":0},""atlasexp-worker-w00-cpu-01-b51884"":{""active"":0,""idle"":4,""other"":0},""atlasexp-worker-w00-cpu-02-d75e6b"":{""active"":0,""idle"":4,""other"":0},""atlasexp-worker-w00-cpu-03-9fc755"":{""active"":0,""idle"":4,""other"":0}}"
2026-09-30T13:42:16.836170728Z,bench-cpu-w4-best-fit-ropen-t2,0.520374,,1,21,0,0.000000,3118.306000,0,0,0,0,0,,0,0,"{""atlasexp-api-0c6d69"":{""active"":0,""idle"":4,""other"":0},""atlasexp-scheduler-best-fit-7d1f37"":{""active"":1,""idle"":1,""other"":0},""atlasexp-worker-w00-cpu-00-fc6414"":{""active"":0,""idle"":4,""other"":0},""atlasexp-worker-w00-cpu-01-b51884"":{""active"":0,""idle"":4,""other"":0},""atlasexp-worker-w00-cpu-02-d75e6b"":{""active"":0,""idle"":4,""other"":0},""atlasexp-worker-w00-cpu-03-9fc755"":{""active"":0,""idle"":4,""other"":0}}"
2026-09-30T13:42:17.086587008Z,bench-cpu-w4-best-fit-ropen-t3,0.399335,,4,18,3,0.750000,,0,0,0,0,0,,0,0,"{""atlasexp-api-0c6d69"":{""active"":4,""idle"":0,""other"":0},""atlasexp-scheduler-best-fit-7d1f37"":{""active"":0,""idle"":2,""other"":0},""atlasexp-worker-w00-cpu-00-fc6414"":{""active"":0,""idle"":4,""other"":0},""atlasexp-worker-w00-cpu-01-b51884"":{""active"":0,""idle"":4,""other"":0},""atlasexp-worker-w00-cpu-02-d75e6b"":{""active"":0,""idle"":4,""other"":0},""atlasexp-worker-w00-cpu-03-9fc755"":{""active"":0,""idle"":4,""other"":0}}"
2026-09-30T13:42:17.336090859Z,bench-cpu-w4-best-fit-ropen-t3,0.681352,,5,17,4,0.800000,230.634000,0,0,0,0,0,,0,0,"{""atlasexp-api-0c6d69"":{""active"":4,""idle"":0,""other"":0},""atlasexp-scheduler-best-fit-7d1f37"":{""active"":1,""idle"":1,""other"":0},""atlasexp-worker-w00-cpu-00-fc6414"":{""active"":0,""idle"":4,""other"":0},""atlasexp-worker-w00-cpu-01-b51884"":{""active"":0,""idle"":4,""other"":0},""atlasexp-worker-w00-cpu-02-d75e6b"":{""active"":0,""idle"":4,""other"":0},""atlasexp-worker-w00-cpu-03-9fc755"":{""active"":0,""idle"":4,""other"":0}}"
2026-09-30T13:42:17.587141279Z,bench-cpu-w4-best-fit-ropen-t3,0.796653,,4,16,2,0.500000,481.884000,0,0,0,0,0,,0,0,"{""atlasexp-api-0c6d69"":{""active"":3,""idle"":0,""other"":1},""atlasexp-scheduler-best-fit-7d1f37"":{""active"":0,""idle"":1,""other"":1},""atlasexp-worker-w00-cpu-00-fc6414"":{""active"":1,""idle"":3,""other"":0},""atlasexp-worker-w00-cpu-01-b51884"":{""active"":0,""idle"":4,""other"":0},""atlasexp-worker-w00-cpu-02-d75e6b"":{""active"":0,""idle"":4,""other"":0},""atlasexp-worker-w00-cpu-03-9fc755"":{""active"":0,""idle"":4,""other"":0}}"
2026-09-30T13:42:17.836166281Z,bench-cpu-w4-best-fit-ropen-t3,0.923602,,5,17,4,0.800000,730.763000,0,0,0,0,0,,0,0,"{""atlasexp-api-0c6d69"":{""active"":4,""idle"":0,""other"":0},""atlasexp-scheduler-best-fit-7d1f37"":{""active"":1,""idle"":1,""other"":0},""atlasexp-worker-w00-cpu-00-fc6414"":{""active"":0,""idle"":4,""other"":0},""atlasexp-worker-w00-cpu-01-b51884"":{""active"":0,""idle"":4,""other"":0},""atlasexp-worker-w00-cpu-02-d75e6b"":{""active"":0,""idle"":4,""other"":0},""atlasexp-worker-w00-cpu-03-9fc755"":{""active"":0,""idle"":4,""other"":0}}"
2026-09-30T13:42:18.086389735Z,bench-cpu-w4-best-fit-ropen-t3,0.599464,,4,17,4,1.000000,980.974000,0,0,0,0,0,,0,0,"{""atlasexp-api-0c6d69"":{""active"":3,""idle"":0,""other"":1},""atlasexp-scheduler-best-fit-7d1f37"":{""active"":1,""idle"":1,""other"":0},""atlasexp-worker-w00-cpu-00-fc6414"":{""active"":0,""idle"":4,""other"":0},""atlasexp-worker-w00-cpu-01-b51884"":{""active"":0,""idle"":4,""other"":0},""atlasexp-worker-w00-cpu-02-d75e6b"":{""active"":0,""idle"":4,""other"":0},""atlasexp-worker-w00-cpu-03-9fc755"":{""active"":0,""idle"":4,""other"":0}}"
2026-09-30T13:42:18.336740665Z,bench-cpu-w4-best-fit-ropen-t3,0.639103,,0,22,0,0.000000,1231.375000,0,0,0,0,0,,0,0,"{""atlasexp-api-0c6d69"":{""active"":0,""idle"":4,""other"":0},""atlasexp-scheduler-best-fit-7d1f37"":{""active"":0,""idle"":2,""other"":0},""atlasexp-worker-w00-cpu-00-fc6414"":{""active"":0,""idle"":4,""other"":0},""atlasexp-worker-w00-cpu-01-b51884"":{""active"":0,""idle"":4,""other"":0},""atlasexp-worker-w00-cpu-02-d75e6b"":{""active"":0,""idle"":4,""other"":0},""atlasexp-worker-w00-cpu-03-9fc755"":{""active"":0,""idle"":4,""other"":0}}"
2026-09-30T13:42:18.587038888Z,bench-cpu-w4-best-fit-ropen-t3,0.279666,,0,21,0,0.000000,1481.542000,0,0,0,0,0,,0,0,"{""atlasexp-api-0c6d69"":{""active"":0,""idle"":4,""other"":0},""atlasexp-scheduler-best-fit-7d1f37"":{""active"":0,""idle"":1,""other"":1},""atlasexp-worker-w00-cpu-00-fc6414"":{""active"":0,""idle"":4,""other"":0},""atlasexp-worker-w00-cpu-01-b51884"":{""active"":0,""idle"":4,""other"":0},""atlasexp-worker-w00-cpu-02-d75e6b"":{""active"":0,""idle"":4,""other"":0},""atlasexp-worker-w00-cpu-03-9fc755"":{""active"":0,""idle"":4,""other"":0}}"
2026-09-30T13:42:18.837193774Z,bench-cpu-w4-best-fit-ropen-t3,0.399752,,0,22,0,0.000000,1202.044000,0,0,0,0,0,,0,0,"{""atlasexp-api-0c6d69"":{""active"":0,""idle"":4,""other"":0},""atlasexp-scheduler-best-fit-7d1f37"":{""active"":0,""idle"":2,""other"":0},""atlasexp-worker-w00-cpu-00-fc6414"":{""active"":0,""idle"":4,""other"":0},""atlasexp-worker-w00-cpu-01-b51884"":{""active"":0,""idle"":4,""other"":0},""atlasexp-worker-w00-cpu-02-d75e6b"":{""active"":0,""idle"":4,""other"":0},""atlasexp-worker-w00-cpu-03-9fc755"":{""active"":0,""idle"":4,""other"":0}}"
2026-09-30T13:42:19.087175074Z,bench-cpu-w4-best-fit-ropen-t3,0.280021,,0,20,0,0.000000,1451.924000,0,0,0,0,0,,0,0,"{""atlasexp-api-0c6d69"":{""active"":0,""idle"":4,""other"":0},""atlasexp-scheduler-best-fit-7d1f37"":{""active"":0,""idle"":1,""other"":1},""atlasexp-worker-w00-cpu-00-fc6414"":{""active"":0,""idle"":4,""other"":0},""atlasexp-worker-w00-cpu-01-b51884"":{""active"":0,""idle"":4,""other"":0},""atlasexp-worker-w00-cpu-02-d75e6b"":{""active"":0,""idle"":4,""other"":0},""atlasexp-worker-w00-cpu-03-9fc755"":{""active"":0,""idle"":3,""other"":1}}"
2026-09-30T13:42:19.336481544Z,bench-cpu-w4-best-fit-ropen-t3,0.280779,,0,22,0,0.000000,1701.201000,0,0,0,0,0,,0,0,"{""atlasexp-api-0c6d69"":{""active"":0,""idle"":4,""other"":0},""atlasexp-scheduler-best-fit-7d1f37"":{""active"":0,""idle"":2,""other"":0},""atlasexp-worker-w00-cpu-00-fc6414"":{""active"":0,""idle"":4,""other"":0},""atlasexp-worker-w00-cpu-01-b51884"":{""active"":0,""idle"":4,""other"":0},""atlasexp-worker-w00-cpu-02-d75e6b"":{""active"":0,""idle"":4,""other"":0},""atlasexp-worker-w00-cpu-03-9fc755"":{""active"":0,""idle"":4,""other"":0}}"
2026-09-30T13:42:19.586804562Z,bench-cpu-w4-best-fit-ropen-t3,0.359535,,0,21,0,0.000000,1951.607000,0,0,0,0,0,,0,0,"{""atlasexp-api-0c6d69"":{""active"":0,""idle"":4,""other"":0},""atlasexp-scheduler-best-fit-7d1f37"":{""active"":0,""idle"":2,""other"":0},""atlasexp-worker-w00-cpu-00-fc6414"":{""active"":0,""idle"":4,""other"":0},""atlasexp-worker-w00-cpu-01-b51884"":{""active"":0,""idle"":3,""other"":1},""atlasexp-worker-w00-cpu-02-d75e6b"":{""active"":0,""idle"":4,""other"":0},""atlasexp-worker-w00-cpu-03-9fc755"":{""active"":0,""idle"":4,""other"":0}}"
2026-09-30T13:42:19.836694903Z,bench-cpu-w4-best-fit-ropen-t3,0.400176,,0,21,0,0.000000,2201.477000,0,0,0,0,0,,0,0,"{""atlasexp-api-0c6d69"":{""active"":0,""idle"":4,""other"":0},""atlasexp-scheduler-best-fit-7d1f37"":{""active"":0,""idle"":1,""other"":1},""atlasexp-worker-w00-cpu-00-fc6414"":{""active"":0,""idle"":4,""other"":0},""atlasexp-worker-w00-cpu-01-b51884"":{""active"":0,""idle"":4,""other"":0},""atlasexp-worker-w00-cpu-02-d75e6b"":{""active"":0,""idle"":4,""other"":0},""atlasexp-worker-w00-cpu-03-9fc755"":{""active"":0,""idle"":4,""other"":0}}"
2026-09-30T13:42:20.087039151Z,bench-cpu-w4-best-fit-ropen-t3,0.519285,,0,21,0,0.000000,2451.867000,0,0,0,0,0,,0,0,"{""atlasexp-api-0c6d69"":{""active"":0,""idle"":4,""other"":0},""atlasexp-scheduler-best-fit-7d1f37"":{""active"":0,""idle"":2,""other"":0},""atlasexp-worker-w00-cpu-00-fc6414"":{""active"":0,""idle"":4,""other"":0},""atlasexp-worker-w00-cpu-01-b51884"":{""active"":0,""idle"":3,""other"":1},""atlasexp-worker-w00-cpu-02-d75e6b"":{""active"":0,""idle"":4,""other"":0},""atlasexp-worker-w00-cpu-03-9fc755"":{""active"":0,""idle"":4,""other"":0}}"
2026-09-30T13:42:20.336731973Z,bench-cpu-w4-best-fit-ropen-t3,0.320394,,0,20,0,0.000000,2701.660000,0,0,0,0,0,,0,0,"{""atlasexp-api-0c6d69"":{""active"":0,""idle"":4,""other"":0},""atlasexp-scheduler-best-fit-7d1f37"":{""active"":0,""idle"":1,""other"":1},""atlasexp-worker-w00-cpu-00-fc6414"":{""active"":0,""idle"":4,""other"":0},""atlasexp-worker-w00-cpu-01-b51884"":{""active"":0,""idle"":4,""other"":0},""atlasexp-worker-w00-cpu-02-d75e6b"":{""active"":0,""idle"":3,""other"":1},""atlasexp-worker-w00-cpu-03-9fc755"":{""active"":0,""idle"":4,""other"":0}}"
2026-09-30T13:42:20.587121677Z,bench-cpu-w4-best-fit-ropen-t3,0.399377,,0,20,0,0.000000,1879.839000,0,0,0,0,0,,0,0,"{""atlasexp-api-0c6d69"":{""active"":0,""idle"":4,""other"":0},""atlasexp-scheduler-best-fit-7d1f37"":{""active"":0,""idle"":2,""other"":0},""atlasexp-worker-w00-cpu-00-fc6414"":{""active"":0,""idle"":4,""other"":0},""atlasexp-worker-w00-cpu-01-b51884"":{""active"":0,""idle"":3,""other"":1},""atlasexp-worker-w00-cpu-02-d75e6b"":{""active"":0,""idle"":4,""other"":0},""atlasexp-worker-w00-cpu-03-9fc755"":{""active"":0,""idle"":3,""other"":1}}"
2026-09-30T13:42:20.837058995Z,bench-cpu-w4-best-fit-ropen-t3,0.240060,,1,21,0,0.000000,2129.707000,0,0,0,0,0,,0,0,"{""atlasexp-api-0c6d69"":{""active"":0,""idle"":4,""other"":0},""atlasexp-scheduler-best-fit-7d1f37"":{""active"":1,""idle"":1,""other"":0},""atlasexp-worker-w00-cpu-00-fc6414"":{""active"":0,""idle"":4,""other"":0},""atlasexp-worker-w00-cpu-01-b51884"":{""active"":0,""idle"":4,""other"":0},""atlasexp-worker-w00-cpu-02-d75e6b"":{""active"":0,""idle"":4,""other"":0},""atlasexp-worker-w00-cpu-03-9fc755"":{""active"":0,""idle"":4,""other"":0}}"
2026-09-30T13:42:21.087182863Z,bench-cpu-w4-best-fit-ropen-t3,0.239881,,1,21,0,0.000000,2380.033000,0,0,0,0,0,,0,0,"{""atlasexp-api-0c6d69"":{""active"":0,""idle"":4,""other"":0},""atlasexp-scheduler-best-fit-7d1f37"":{""active"":0,""idle"":2,""other"":0},""atlasexp-worker-w00-cpu-00-fc6414"":{""active"":0,""idle"":4,""other"":0},""atlasexp-worker-w00-cpu-01-b51884"":{""active"":0,""idle"":4,""other"":0},""atlasexp-worker-w00-cpu-02-d75e6b"":{""active"":1,""idle"":3,""other"":0},""atlasexp-worker-w00-cpu-03-9fc755"":{""active"":0,""idle"":4,""other"":0}}"
2026-09-30T13:42:21.337160204Z,bench-cpu-w4-best-fit-ropen-t3,0.360033,,1,19,0,0.000000,2629.921000,0,0,0,0,0,,0,0,"{""atlasexp-api-0c6d69"":{""active"":0,""idle"":4,""other"":0},""atlasexp-scheduler-best-fit-7d1f37"":{""active"":1,""idle"":1,""other"":0},""atlasexp-worker-w00-cpu-00-fc6414"":{""active"":0,""idle"":3,""other"":1},""atlasexp-worker-w00-cpu-01-b51884"":{""active"":0,""idle"":3,""other"":1},""atlasexp-worker-w00-cpu-02-d75e6b"":{""active"":0,""idle"":4,""other"":0},""atlasexp-worker-w00-cpu-03-9fc755"":{""active"":0,""idle"":4,""other"":0}}"
2026-09-30T13:42:21.586417771Z,bench-cpu-w4-best-fit-ropen-t3,0.521549,,0,22,0,0.000000,2879.140000,0,0,0,0,0,,0,0,"{""atlasexp-api-0c6d69"":{""active"":0,""idle"":4,""other"":0},""atlasexp-scheduler-best-fit-7d1f37"":{""active"":0,""idle"":2,""other"":0},""atlasexp-worker-w00-cpu-00-fc6414"":{""active"":0,""idle"":4,""other"":0},""atlasexp-worker-w00-cpu-01-b51884"":{""active"":0,""idle"":4,""other"":0},""atlasexp-worker-w00-cpu-02-d75e6b"":{""active"":0,""idle"":4,""other"":0},""atlasexp-worker-w00-cpu-03-9fc755"":{""active"":0,""idle"":4,""other"":0}}"
2026-09-30T13:42:21.83639382Z,bench-cpu-w4-best-fit-ropen-t3,0.400038,,1,19,0,0.000000,3128.928000,0,0,0,0,0,,0,0,"{""atlasexp-api-0c6d69"":{""active"":0,""idle"":4,""other"":0},""atlasexp-scheduler-best-fit-7d1f37"":{""active"":0,""idle"":1,""other"":1},""atlasexp-worker-w00-cpu-00-fc6414"":{""active"":0,""idle"":4,""other"":0},""atlasexp-worker-w00-cpu-01-b51884"":{""active"":0,""idle"":3,""other"":1},""atlasexp-worker-w00-cpu-02-d75e6b"":{""active"":1,""idle"":3,""other"":0},""atlasexp-worker-w00-cpu-03-9fc755"":{""active"":0,""idle"":4,""other"":0}}"
2026-09-30T13:42:22.086602243Z,idle,0.039967,,0,6,0,0.000000,,0,0,0,0,0,,0,0,"{""atlasexp-api-0c6d69"":{""active"":0,""idle"":4,""other"":0},""atlasexp-scheduler-best-fit-7d1f37"":{""active"":0,""idle"":2,""other"":0}}"
2026-09-30T13:42:22.33711245Z,idle,0.159674,,1,34,0,0.000000,,0,0,0,0,0,,0,0,"{""atlasexp-api-0c6d69"":{""active"":0,""idle"":4,""other"":0},""atlasexp-worker-w00-cpu-00-f0f238"":{""active"":0,""idle"":4,""other"":0},""atlasexp-worker-w00-cpu-01-225cb2"":{""active"":1,""idle"":3,""other"":0},""atlasexp-worker-w00-cpu-02-a1de7d"":{""active"":0,""idle"":4,""other"":0},""atlasexp-worker-w00-cpu-03-7d6db8"":{""active"":0,""idle"":3,""other"":1},""atlasexp-worker-w00-cpu-04-63e8fc"":{""active"":0,""idle"":4,""other"":0},""atlasexp-worker-w00-cpu-05-110274"":{""active"":0,""idle"":4,""other"":0},""atlasexp-worker-w00-cpu-06-56d565"":{""active"":0,""idle"":4,""other"":0},""atlasexp-worker-w00-cpu-07-058e77"":{""active"":0,""idle"":4,""other"":0}}"
2026-09-30T13:42:22.586484129Z,bench-cpu-w8-best-fit-ropen-t1,0.200504,,4,33,3,0.750000,,0,0,0,0,0,,0,0,"{""atlasexp-api-0c6d69"":{""active"":4,""idle"":0,""other"":0},""atlasexp-scheduler-best-fit-48b41f"":{""active"":0,""idle"":1,""other"":0},""atlasexp-worker-w00-cpu-00-f0f238"":{""active"":0,""idle"":4,""other"":0},""atlasexp-worker-w00-cpu-01-225cb2"":{""active"":0,""idle"":4,""other"":0},""atlasexp-worker-w00-cpu-02-a1de7d"":{""active"":0,""idle"":4,""other"":0},""atlasexp-worker-w00-cpu-03-7d6db8"":{""active"":0,""idle"":4,""other"":0},""atlasexp-worker-w00-cpu-04-63e8fc"":{""active"":0,""idle"":4,""other"":0},""atlasexp-worker-w00-cpu-05-110274"":{""active"":0,""idle"":4,""other"":0},""atlasexp-worker-w00-cpu-06-56d565"":{""active"":0,""idle"":4,""other"":0},""atlasexp-worker-w00-cpu-07-058e77"":{""active"":0,""idle"":4,""other"":0}}"
2026-09-30T13:42:22.836397042Z,bench-cpu-w8-best-fit-ropen-t1,0.840293,,5,32,4,0.800000,215.872000,0,0,0,0,0,,0,0,"{""atlasexp-api-0c6d69"":{""active"":4,""idle"":0,""other"":0},""atlasexp-scheduler-best-fit-48b41f"":{""active"":1,""idle"":1,""other"":0},""atlasexp-worker-w00-cpu-00-f0f238"":{""active"":0,""idle"":4,""other"":0},""atlasexp-worker-w00-cpu-01-225cb2"":{""active"":0,""idle"":4,""other"":0},""atlasexp-worker-w00-cpu-02-a1de7d"":{""active"":0,""idle"":3,""other"":1},""atlasexp-worker-w00-cpu-03-7d6db8"":{""active"":0,""idle"":4,""other"":0},""atlasexp-worker-w00-cpu-04-63e8fc"":{""active"":0,""idle"":4,""other"":0},""atlasexp-worker-w00-cpu-05-110274"":{""active"":0,""idle"":4,""other"":0},""atlasexp-worker-w00-cpu-06-56d565"":{""active"":0,""idle"":4,""other"":0},""atlasexp-worker-w00-cpu-07-058e77"":{""active"":0,""idle"":4,""other"":0}}"
2026-09-30T13:42:23.086247115Z,bench-cpu-w8-best-fit-ropen-t1,0.800480,,5,33,3,0.600000,465.806000,0,0,0,0,0,,0,0,"{""atlasexp-api-0c6d69"":{""active"":4,""idle"":0,""other"":0},""atlasexp-scheduler-best-fit-48b41f"":{""active"":1,""idle"":1,""other"":0},""atlasexp-worker-w00-cpu-00-f0f238"":{""active"":0,""idle"":4,""other"":0},""atlasexp-worker-w00-cpu-01-225cb2"":{""active"":0,""idle"":4,""other"":0},""atlasexp-worker-w00-cpu-02-a1de7d"":{""active"":0,""idle"":4,""other"":0},""atlasexp-worker-w00-cpu-03-7d6db8"":{""active"":0,""idle"":4,""other"":0},""atlasexp-worker-w00-cpu-04-63e8fc"":{""active"":0,""idle"":4,""other"":0},""atlasexp-worker-w00-cpu-05-110274"":{""active"":0,""idle"":4,""other"":0},""atlasexp-worker-w00-cpu-06-56d565"":{""active"":0,""idle"":4,""other"":0},""atlasexp-worker-w00-cpu-07-058e77"":{""active"":0,""idle"":4,""other"":0}}"
2026-09-30T13:42:23.33700771Z,bench-cpu-w8-best-fit-ropen-t1,1.156482,,4,33,4,1.000000,152.668000,0,0,0,0,0,,0,0,"{""atlasexp-api-0c6d69"":{""active"":3,""idle"":0,""other"":1},""atlasexp-scheduler-best-fit-48b41f"":{""active"":1,""idle"":1,""other"":0},""atlasexp-worker-w00-cpu-00-f0f238"":{""active"":0,""idle"":4,""other"":0},""atlasexp-worker-w00-cpu-01-225cb2"":{""active"":0,""idle"":4,""other"":0},""atlasexp-worker-w00-cpu-02-a1de7d"":{""active"":0,""idle"":4,""other"":0},""atlasexp-worker-w00-cpu-03-7d6db8"":{""active"":0,""idle"":4,""other"":0},""atlasexp-worker-w00-cpu-04-63e8fc"":{""active"":0,""idle"":4,""other"":0},""atlasexp-worker-w00-cpu-05-110274"":{""active"":0,""idle"":4,""other"":0},""atlasexp-worker-w00-cpu-06-56d565"":{""active"":0,""idle"":4,""other"":0},""atlasexp-worker-w00-cpu-07-058e77"":{""active"":0,""idle"":4,""other"":0}}"
2026-09-30T13:42:23.586421919Z,bench-cpu-w8-best-fit-ropen-t1,0.721691,,5,33,4,0.800000,402.039000,0,0,0,0,0,,0,0,"{""atlasexp-api-0c6d69"":{""active"":4,""idle"":0,""other"":0},""atlasexp-scheduler-best-fit-48b41f"":{""active"":1,""idle"":1,""other"":0},""atlasexp-worker-w00-cpu-00-f0f238"":{""active"":0,""idle"":4,""other"":0},""atlasexp-worker-w00-cpu-01-225cb2"":{""active"":0,""idle"":4,""other"":0},""atlasexp-worker-w00-cpu-02-a1de7d"":{""active"":0,""idle"":4,""other"":0},""atlasexp-worker-w00-cpu-03-7d6db8"":{""active"":0,""idle"":4,""other"":0},""atlasexp-worker-w00-cpu-04-63e8fc"":{""active"":0,""idle"":4,""other"":0},""atlasexp-worker-w00-cpu-05-110274"":{""active"":0,""idle"":4,""other"":0},""atlasexp-worker-w00-cpu-06-56d565"":{""active"":0,""idle"":4,""other"":0},""atlasexp-worker-w00-cpu-07-058e77"":{""active"":0,""idle"":4,""other"":0}}"
2026-09-30T13:42:23.836450455Z,bench-cpu-w8-best-fit-ropen-t1,0.879900,,5,33,3,0.600000,652.184000,0,0,0,0,0,,0,0,"{""atlasexp-api-0c6d69"":{""active"":3,""idle"":1,""other"":0},""atlasexp-scheduler-best-fit-48b41f"":{""active"":1,""idle"":1,""other"":0},""atlasexp-worker-w00-cpu-00-f0f238"":{""active"":1,""idle"":3,""other"":0},""atlasexp-worker-w00-cpu-01-225cb2"":{""active"":0,""idle"":4,""other"":0},""atlasexp-worker-w00-cpu-02-a1de7d"":{""active"":0,""idle"":4,""other"":0},""atlasexp-worker-w00-cpu-03-7d6db8"":{""active"":0,""idle"":4,""other"":0},""atlasexp-worker-w00-cpu-04-63e8fc"":{""active"":0,""idle"":4,""other"":0},""atlasexp-worker-w00-cpu-05-110274"":{""active"":0,""idle"":4,""other"":0},""atlasexp-worker-w00-cpu-06-56d565"":{""active"":0,""idle"":4,""other"":0},""atlasexp-worker-w00-cpu-07-058e77"":{""active"":0,""idle"":4,""other"":0}}"
2026-09-30T13:42:24.086684127Z,bench-cpu-w8-best-fit-ropen-t1,0.479552,,0,37,0,0.000000,902.275000,0,0,0,0,0,,0,0,"{""atlasexp-api-0c6d69"":{""active"":0,""idle"":4,""other"":0},""atlasexp-scheduler-best-fit-48b41f"":{""active"":0,""idle"":1,""other"":1},""atlasexp-worker-w00-cpu-00-f0f238"":{""active"":0,""idle"":4,""other"":0},""atlasexp-worker-w00-cpu-01-225cb2"":{""active"":0,""idle"":4,""other"":0},""atlasexp-worker-w00-cpu-02-a1de7d"":{""active"":0,""idle"":4,""other"":0},""atlasexp-worker-w00-cpu-03-7d6db8"":{""active"":0,""idle"":4,""other"":0},""atlasexp-worker-w00-cpu-04-63e8fc"":{""active"":0,""idle"":4,""other"":0},""atlasexp-worker-w00-cpu-05-110274"":{""active"":0,""idle"":4,""other"":0},""atlasexp-worker-w00-cpu-06-56d565"":{""active"":0,""idle"":4,""other"":0},""atlasexp-worker-w00-cpu-07-058e77"":{""active"":0,""idle"":4,""other"":0}}"
2026-09-30T13:42:24.336401052Z,bench-cpu-w8-best-fit-ropen-t1,0.480544,,2,34,0,0.000000,1152.524000,0,0,0,0,0,,0,0,"{""atlasexp-api-0c6d69"":{""active"":0,""idle"":4,""other"":0},""atlasexp-scheduler-best-fit-48b41f"":{""active"":0,""idle"":1,""other"":1},""atlasexp-worker-w00-cpu-00-f0f238"":{""active"":2,""idle"":2,""other"":0},""atlasexp-worker-w00-cpu-01-225cb2"":{""active"":0,""idle"":4,""other"":0},""atlasexp-worker-w00-cpu-02-a1de7d"":{""active"":0,""idle"":4,""other"":0},""atlasexp-worker-w00-cpu-03-7d6db8"":{""active"":0,""idle"":3,""other"":1},""atlasexp-worker-w00-cpu-04-63e8fc"":{""active"":0,""idle"":4,""other"":0},""atlasexp-worker-w00-cpu-05-110274"":{""active"":0,""idle"":4,""other"":0},""atlasexp-worker-w00-cpu-06-56d565"":{""active"":0,""idle"":4,""other"":0},""atlasexp-worker-w00-cpu-07-058e77"":{""active"":0,""idle"":4,""other"":0}}"
2026-09-30T13:42:24.58676748Z,bench-cpu-w8-best-fit-ropen-t1,0.798829,,0,35,0,0.000000,1402.568000,0,0,0,0,0,,0,0,"{""atlasexp-api-0c6d69"":{""active"":0,""idle"":4,""other"":0},""atlasexp-scheduler-best-fit-48b41f"":{""active"":0,""idle"":1,""other"":1},""atlasexp-worker-w00-cpu-00-f0f238"":{""active"":0,""idle"":4,""other"":0},""atlasexp-worker-w00-cpu-01-225cb2"":{""active"":0,""idle"":4,""other"":0},""atlasexp-worker-w00-cpu-02-a1de7d"":{""active"":0,""idle"":4,""other"":0},""atlasexp-worker-w00-cpu-03-7d6db8"":{""active"":0,""idle"":4,""other"":0},""atlasexp-worker-w00-cpu-04-63e8fc"":{""active"":0,""idle"":4,""other"":0},""atlasexp-worker-w00-cpu-05-110274"":{""active"":0,""idle"":2,""other"":2},""atlasexp-worker-w00-cpu-06-56d565"":{""active"":0,""idle"":4,""other"":0},""atlasexp-worker-w00-cpu-07-058e77"":{""active"":0,""idle"":4,""other"":0}}"
2026-09-30T13:42:24.836932842Z,bench-cpu-w8-best-fit-ropen-t1,0.279815,,1,37,0,0.000000,1652.511000,0,0,0,0,0,,0,0,"{""atlasexp-api-0c6d69"":{""active"":0,""idle"":4,""other"":0},""atlasexp-scheduler-best-fit-48b41f"":{""active"":1,""idle"":1,""other"":0},""atlasexp-worker-w00-cpu-00-f0f238"":{""active"":0,""idle"":4,""other"":0},""atlasexp-worker-w00-cpu-01-225cb2"":{""active"":0,""idle"":4,""other"":0},""atlasexp-worker-w00-cpu-02-a1de7d"":{""active"":0,""idle"":4,""other"":0},""atlasexp-worker-w00-cpu-03-7d6db8"":{""active"":0,""idle"":4,""other"":0},""atlasexp-worker-w00-cpu-04-63e8fc"":{""active"":0,""idle"":4,""other"":0},""atlasexp-worker-w00-cpu-05-110274"":{""active"":0,""idle"":4,""other"":0},""atlasexp-worker-w00-cpu-06-56d565"":{""active"":0,""idle"":4,""other"":0},""atlasexp-worker-w00-cpu-07-058e77"":{""active"":0,""idle"":4,""other"":0}}"
2026-09-30T13:42:25.087104386Z,bench-cpu-w8-best-fit-ropen-t1,0.519643,,1,37,0,0.000000,1903.095000,0,0,0,0,0,,0,0,"{""atlasexp-api-0c6d69"":{""active"":0,""idle"":4,""other"":0},""atlasexp-scheduler-best-fit-48b41f"":{""active"":1,""idle"":1,""other"":0},""atlasexp-worker-w00-cpu-00-f0f238"":{""active"":0,""idle"":4,""other"":0},""atlasexp-worker-w00-cpu-01-225cb2"":{""active"":0,""idle"":4,""other"":0},""atlasexp-worker-w00-cpu-02-a1de7d"":{""active"":0,""idle"":4,""other"":0},""atlasexp-worker-w00-cpu-03-7d6db8"":{""active"":0,""idle"":4,""other"":0},""atlasexp-worker-w00-cpu-04-63e8fc"":{""active"":0,""idle"":4,""other"":0},""atlasexp-worker-w00-cpu-05-110274"":{""active"":0,""idle"":4,""other"":0},""atlasexp-worker-w00-cpu-06-56d565"":{""active"":0,""idle"":4,""other"":0},""atlasexp-worker-w00-cpu-07-058e77"":{""active"":0,""idle"":4,""other"":0}}"
2026-09-30T13:42:25.337185403Z,bench-cpu-w8-best-fit-ropen-t1,0.799741,,1,36,0,0.000000,2152.745000,0,0,0,0,0,,0,0,"{""atlasexp-api-0c6d69"":{""active"":0,""idle"":4,""other"":0},""atlasexp-scheduler-best-fit-48b41f"":{""active"":0,""idle"":1,""other"":1},""atlasexp-worker-w00-cpu-00-f0f238"":{""active"":0,""idle"":4,""other"":0},""atlasexp-worker-w00-cpu-01-225cb2"":{""active"":0,""idle"":4,""other"":0},""atlasexp-worker-w00-cpu-02-a1de7d"":{""active"":0,""idle"":4,""other"":0},""atlasexp-worker-w00-cpu-03-7d6db8"":{""active"":0,""idle"":4,""other"":0},""atlasexp-worker-w00-cpu-04-63e8fc"":{""active"":1,""idle"":3,""other"":0},""atlasexp-worker-w00-cpu-05-110274"":{""active"":0,""idle"":4,""other"":0},""atlasexp-worker-w00-cpu-06-56d565"":{""active"":0,""idle"":4,""other"":0},""atlasexp-worker-w00-cpu-07-058e77"":{""active"":0,""idle"":4,""other"":0}}"
2026-09-30T13:42:25.5861383Z,bench-cpu-w8-best-fit-ropen-t1,0.883701,,5,33,0,0.000000,1188.987000,0,0,0,0,0,,0,0,"{""atlasexp-api-0c6d69"":{""active"":0,""idle"":4,""other"":0},""atlasexp-scheduler-best-fit-48b41f"":{""active"":0,""idle"":2,""other"":0},""atlasexp-worker-w00-cpu-00-f0f238"":{""active"":1,""idle"":3,""other"":0},""atlasexp-worker-w00-cpu-01-225cb2"":{""active"":1,""idle"":3,""other"":0},""atlasexp-worker-w00-cpu-02-a1de7d"":{""active"":0,""idle"":4,""other"":0},""atlasexp-worker-w00-cpu-03-7d6db8"":{""active"":1,""idle"":3,""other"":0},""atlasexp-worker-w00-cpu-04-63e8fc"":{""active"":0,""idle"":4,""other"":0},""atlasexp-worker-w00-cpu-05-110274"":{""active"":1,""idle"":3,""other"":0},""atlasexp-worker-w00-cpu-06-56d565"":{""active"":1,""idle"":3,""other"":0},""atlasexp-worker-w00-cpu-07-058e77"":{""active"":0,""idle"":4,""other"":0}}"
2026-09-30T13:42:25.837048775Z,bench-cpu-w8-best-fit-ropen-t1,0.677532,,0,36,0,0.000000,1439.836000,0,0,0,0,0,,0,0,"{""atlasexp-api-0c6d69"":{""active"":0,""idle"":4,""other"":0},""atlasexp-scheduler-best-fit-48b41f"":{""active"":0,""idle"":1,""other"":1},""atlasexp-worker-w00-cpu-00-f0f238"":{""active"":0,""idle"":4,""other"":0},""atlasexp-worker-w00-cpu-01-225cb2"":{""active"":0,""idle"":4,""other"":0},""atlasexp-worker-w00-cpu-02-a1de7d"":{""active"":0,""idle"":4,""other"":0},""atlasexp-worker-w00-cpu-03-7d6db8"":{""active"":0,""idle"":4,""other"":0},""atlasexp-worker-w00-cpu-04-63e8fc"":{""active"":0,""idle"":4,""other"":0},""atlasexp-worker-w00-cpu-05-110274"":{""active"":0,""idle"":3,""other"":1},""atlasexp-worker-w00-cpu-06-56d565"":{""active"":0,""idle"":4,""other"":0},""atlasexp-worker-w00-cpu-07-058e77"":{""active"":0,""idle"":4,""other"":0}}"
2026-09-30T13:42:26.086659742Z,bench-cpu-w8-best-fit-ropen-t1,0.681060,,3,34,0,0.000000,1689.705000,0,0,0,0,0,,0,0,"{""atlasexp-api-0c6d69"":{""active"":0,""idle"":4,""other"":0},""atlasexp-scheduler-best-fit-48b41f"":{""active"":1,""idle"":1,""other"":0},""atlasexp-worker-w00-cpu-00-f0f238"":{""active"":1,""idle"":3,""other"":0},""atlasexp-worker-w00-cpu-01-225cb2"":{""active"":0,""idle"":4,""other"":0},""atlasexp-worker-w00-cpu-02-a1de7d"":{""active"":0,""idle"":4,""other"":0},""atlasexp-worker-w00-cpu-03-7d6db8"":{""active"":0,""idle"":4,""other"":0},""atlasexp-worker-w00-cpu-04-63e8fc"":{""active"":0,""idle"":3,""other"":1},""atlasexp-worker-w00-cpu-05-110274"":{""active"":1,""idle"":3,""other"":0},""atlasexp-worker-w00-cpu-06-56d565"":{""active"":0,""idle"":4,""other"":0},""atlasexp-worker-w00-cpu-07-058e77"":{""active"":0,""idle"":4,""other"":0}}"
2026-09-30T13:42:26.336549689Z,bench-cpu-w8-best-fit-ropen-t1,0.560247,,2,35,0,0.000000,1939.530000,0,0,0,0,0,,0,0,"{""atlasexp-api-0c6d69"":{""active"":0,""idle"":4,""other"":0},""atlasexp-scheduler-best-fit-48b41f"":{""active"":0,""idle"":1,""other"":1},""atlasexp-worker-w00-cpu-00-f0f238"":{""active"":0,""idle"":4,""other"":0},""atlasexp-worker-w00-cpu-01-225cb2"":{""active"":1,""idle"":3,""other"":0},""atlasexp-worker-w00-cpu-02-a1de7d"":{""active"":0,""idle"":4,""other"":0},""atlasexp-worker-w00-cpu-03-7d6db8"":{""active"":0,""idle"":4,""other"":0},""atlasexp-worker-w00-cpu-04-63e8fc"":{""active"":0,""idle"":4,""other"":0},""atlasexp-worker-w00-cpu-05-110274"":{""active"":1,""idle"":3,""other"":0},""atlasexp-worker-w00-cpu-06-56d565"":{""active"":0,""idle"":4,""other"":0},""atlasexp-worker-w00-cpu-07-058e77"":{""active"":0,""idle"":4,""other"":0}}"
2026-09-30T13:42:26.587044799Z,bench-cpu-w8-best-fit-ropen-t2,0.558893,,4,34,3,0.750000,,0,0,0,0,0,,0,0,"{""atlasexp-api-0c6d69"":{""active"":4,""idle"":0,""other"":0},""atlasexp-scheduler-best-fit-48b41f"":{""active"":0,""idle"":2,""other"":0},""atlasexp-worker-w00-cpu-00-f0f238"":{""active"":0,""idle"":4,""other"":0},""atlasexp-worker-w00-cpu-01-225cb2"":{""active"":0,""idle"":4,""other"":0},""atlasexp-worker-w00-cpu-02-a1de7d"":{""active"":0,""idle"":4,""other"":0},""atlasexp-worker-w00-cpu-03-7d6db8"":{""active"":0,""idle"":4,""other"":0},""atlasexp-worker-w00-cpu-04-63e8fc"":{""active"":0,""idle"":4,""other"":0},""atlasexp-worker-w00-cpu-05-110274"":{""active"":0,""idle"":4,""other"":0},""atlasexp-worker-w00-cpu-06-56d565"":{""active"":0,""idle"":4,""other"":0},""atlasexp-worker-w00-cpu-07-058e77"":{""active"":0,""idle"":4,""other"":0}}"
2026-09-30T13:42:26.83676476Z,bench-cpu-w8-best-fit-ropen-t2,0.760852,,4,33,3,0.750000,216.756000,0,0,0,0,0,,0,0,"{""atlasexp-api-0c6d69"":{""active"":3,""idle"":1,""other"":0},""atlasexp-scheduler-best-fit-48b41f"":{""active"":0,""idle"":1,""other"":1},""atlasexp-worker-w00-cpu-00-f0f238"":{""active"":1,""idle"":3,""other"":0},""atlasexp-worker-w00-cpu-01-225cb2"":{""active"":0,""idle"":4,""other"":0},""atlasexp-worker-w00-cpu-02-a1de7d"":{""active"":0,""idle"":4,""other"":0},""atlasexp-worker-w00-cpu-03-7d6db8"":{""active"":0,""idle"":4,""other"":0},""atlasexp-worker-w00-cpu-04-63e8fc"":{""active"":0,""idle"":4,""other"":0},""atlasexp-worker-w00-cpu-05-110274"":{""active"":0,""idle"":4,""other"":0},""atlasexp-worker-w00-cpu-06-56d565"":{""active"":0,""idle"":4,""other"":0},""atlasexp-worker-w00-cpu-07-058e77"":{""active"":0,""idle"":4,""other"":0}}"
2026-09-30T13:42:27.086123164Z,bench-cpu-w8-best-fit-ropen-t2,0.842161,,5,32,3,0.600000,466.267000,0,0,0,0,0,,0,0,"{""atlasexp-api-0c6d69"":{""active"":4,""idle"":0,""other"":0},""atlasexp-scheduler-best-fit-48b41f"":{""active"":0,""idle"":2,""other"":0},""atlasexp-worker-w00-cpu-00-f0f238"":{""active"":0,""idle"":4,""other"":0},""atlasexp-worker-w00-cpu-01-225cb2"":{""active"":0,""idle"":4,""other"":0},""atlasexp-worker-w00-cpu-02-a1de7d"":{""active"":0,""idle"":3,""other"":1},""atlasexp-worker-w00-cpu-03-7d6db8"":{""active"":0,""idle"":4,""other"":0},""atlasexp-worker-w00-cpu-04-63e8fc"":{""active"":1,""idle"":3,""other"":0},""atlasexp-worker-w00-cpu-05-110274"":{""active"":0,""idle"":4,""other"":0},""atlasexp-worker-w00-cpu-06-56d565"":{""active"":0,""idle"":4,""other"":0},""atlasexp-worker-w00-cpu-07-058e77"":{""active"":0,""idle"":4,""other"":0}}"
2026-09-30T13:42:27.336389024Z,bench-cpu-w8-best-fit-ropen-t2,0.998938,,5,32,4,0.800000,268.272000,0,0,0,0,0,,0,0,"{""atlasexp-api-0c6d69"":{""active"":4,""idle"":0,""other"":0},""atlasexp-scheduler-best-fit-48b41f"":{""active"":1,""idle"":1,""other"":0},""atlasexp-worker-w00-cpu-00-f0f238"":{""active"":0,""idle"":3,""other"":1},""atlasexp-worker-w00-cpu-01-225cb2"":{""active"":0,""idle"":4,""other"":0},""atlasexp-worker-w00-cpu-02-a1de7d"":{""active"":0,""idle"":4,""other"":0},""atlasexp-worker-w00-cpu-03-7d6db8"":{""active"":0,""idle"":4,""other"":0},""atlasexp-worker-w00-cpu-04-63e8fc"":{""active"":0,""idle"":4,""other"":0},""atlasexp-worker-w00-cpu-05-110274"":{""active"":0,""idle"":4,""other"":0},""atlasexp-worker-w00-cpu-06-56d565"":{""active"":0,""idle"":4,""other"":0},""atlasexp-worker-w00-cpu-07-058e77"":{""active"":0,""idle"":4,""other"":0}}"
2026-09-30T13:42:27.586470841Z,bench-cpu-w8-best-fit-ropen-t2,0.799738,,4,33,4,1.000000,518.227000,0,0,0,0,0,,0,0,"{""atlasexp-api-0c6d69"":{""active"":3,""idle"":0,""other"":1},""atlasexp-scheduler-best-fit-48b41f"":{""active"":1,""idle"":1,""other"":0},""atlasexp-worker-w00-cpu-00-f0f238"":{""active"":0,""idle"":4,""other"":0},""atlasexp-worker-w00-cpu-01-225cb2"":{""active"":0,""idle"":4,""other"":0},""atlasexp-worker-w00-cpu-02-a1de7d"":{""active"":0,""idle"":4,""other"":0},""atlasexp-worker-w00-cpu-03-7d6db8"":{""active"":0,""idle"":4,""other"":0},""atlasexp-worker-w00-cpu-04-63e8fc"":{""active"":0,""idle"":4,""other"":0},""atlasexp-worker-w00-cpu-05-110274"":{""active"":0,""idle"":4,""other"":0},""atlasexp-worker-w00-cpu-06-56d565"":{""active"":0,""idle"":4,""other"":0},""atlasexp-worker-w00-cpu-07-058e77"":{""active"":0,""idle"":4,""other"":0}}"
2026-09-30T13:42:27.836723488Z,bench-cpu-w8-best-fit-ropen-t2,1.078910,,5,32,4,0.800000,768.594000,0,0,0,0,0,,0,0,"{""atlasexp-api-0c6d69"":{""active"":4,""idle"":0,""other"":0},""atlasexp-scheduler-best-fit-48b41f"":{""active"":1,""idle"":1,""other"":0},""atlasexp-worker-w00-cpu-00-f0f238"":{""active"":0,""idle"":4,""other"":0},""atlasexp-worker-w00-cpu-01-225cb2"":{""active"":0,""idle"":3,""other"":1},""atlasexp-worker-w00-cpu-02-a1de7d"":{""active"":0,""idle"":4,""other"":0},""atlasexp-worker-w00-cpu-03-7d6db8"":{""active"":0,""idle"":4,""other"":0},""atlasexp-worker-w00-cpu-04-63e8fc"":{""active"":0,""idle"":4,""other"":0},""atlasexp-worker-w00-cpu-05-110274"":{""active"":0,""idle"":4,""other"":0},""atlasexp-worker-w00-cpu-06-56d565"":{""active"":0,""idle"":4,""other"":0},""atlasexp-worker-w00-cpu-07-058e77"":{""active"":0,""idle"":4,""other"":0}}"
2026-09-30T13:42:28.086382006Z,bench-cpu-w8-best-fit-ropen-t2,0.761040,,2,36,0,0.000000,1018.148000,0,0,0,0,0,,0,0,"{""atlasexp-api-0c6d69"":{""active"":0,""idle"":4,""other"":0},""atlasexp-scheduler-best-fit-48b41f"":{""active"":1,""idle"":1,""other"":0},""atlasexp-worker-w00-cpu-00-f0f238"":{""active"":0,""idle"":4,""other"":0},""atlasexp-worker-w00-cpu-01-225cb2"":{""active"":0,""idle"":4,""other"":0},""atlasexp-worker-w00-cpu-02-a1de7d"":{""active"":0,""idle"":4,""other"":0},""atlasexp-worker-w00-cpu-03-7d6db8"":{""active"":0,""idle"":4,""other"":0},""atlasexp-worker-w00-cpu-04-63e8fc"":{""active"":1,""idle"":3,""other"":0},""atlasexp-worker-w00-cpu-05-110274"":{""active"":0,""idle"":4,""other"":0},""atlasexp-worker-w00-cpu-06-56d565"":{""active"":0,""idle"":4,""other"":0},""atlasexp-worker-w00-cpu-07-058e77"":{""active"":0,""idle"":4,""other"":0}}"
2026-09-30T13:42:28.336477538Z,bench-cpu-w8-best-fit-ropen-t2,0.439832,,0,36,0,0.000000,1268.260000,0,0,0,0,0,,0,0,"{""atlasexp-api-0c6d69"":{""active"":0,""idle"":4,""other"":0},""atlasexp-scheduler-best-fit-48b41f"":{""active"":0,""idle"":1,""other"":1},""atlasexp-worker-w00-cpu-00-f0f238"":{""active"":0,""idle"":4,""other"":0},""atlasexp-worker-w00-cpu-01-225cb2"":{""active"":0,""idle"":3,""other"":1},""atlasexp-worker-w00-cpu-02-a1de7d"":{""active"":0,""idle"":4,""other"":0},""atlasexp-worker-w00-cpu-03-7d6db8"":{""active"":0,""idle"":4,""other"":0},""atlasexp-worker-w00-cpu-04-63e8fc"":{""active"":0,""idle"":4,""other"":0},""atlasexp-worker-w00-cpu-05-110274"":{""active"":0,""idle"":4,""other"":0},""atlasexp-worker-w00-cpu-06-56d565"":{""active"":0,""idle"":4,""other"":0},""atlasexp-worker-w00-cpu-07-058e77"":{""active"":0,""idle"":4,""other"":0}}"
2026-09-30T13:42:28.58637228Z,bench-cpu-w8-best-fit-ropen-t2,0.600253,,1,34,0,0.000000,1518.159000,0,0,0,0,0,,0,0,"{""atlasexp-api-0c6d69"":{""active"":0,""idle"":4,""other"":0},""atlasexp-scheduler-best-fit-48b41f"":{""active"":1,""idle"":1,""other"":0},""atlasexp-worker-w00-cpu-00-f0f238"":{""active"":0,""idle"":2,""other"":2},""atlasexp-worker-w00-cpu-01-225cb2"":{""active"":0,""idle"":4,""other"":0},""atlasexp-worker-w00-cpu-02-a1de7d"":{""active"":0,""idle"":4,""other"":0},""atlasexp-worker-w00-cpu-03-7d6db8"":{""active"":0,""idle"":4,""other"":0},""atlasexp-worker-w00-cpu-04-63e8fc"":{""active"":0,""idle"":4,""other"":0},""atlasexp-worker-w00-cpu-05-110274"":{""active"":0,""idle"":4,""other"":0},""atlasexp-worker-w00-cpu-06-56d565"":{""active"":0,""idle"":3,""other"":1},""atlasexp-worker-w00-cpu-07-058e77"":{""active"":0,""idle"":4,""other"":0}}"
2026-09-30T13:42:28.836584082Z,bench-cpu-w8-best-fit-ropen-t2,0.559526,,0,37,0,0.000000,1768.525000,0,0,0,0,0,,0,0,"{""atlasexp-api-0c6d69"":{""active"":0,""idle"":4,""other"":0},""atlasexp-scheduler-best-fit-48b41f"":{""active"":0,""idle"":1,""other"":1},""atlasexp-worker-w00-cpu-00-f0f238"":{""active"":0,""idle"":4,""other"":0},""atlasexp-worker-w00-cpu-01-225cb2"":{""active"":0,""idle"":4,""other"":0},""atlasexp-worker-w00-cpu-02-a1de7d"":{""active"":0,""idle"":4,""other"":0},""atlasexp-worker-w00-cpu-03-7d6db8"":{""active"":0,""idle"":4,""other"":0},""atlasexp-worker-w00-cpu-04-63e8fc"":{""active"":0,""idle"":4,""other"":0},""atlasexp-worker-w00-cpu-05-110274"":{""active"":0,""idle"":4,""other"":0},""atlasexp-worker-w00-cpu-06-56d565"":{""active"":0,""idle"":4,""other"":0},""atlasexp-worker-w00-cpu-07-058e77"":{""active"":0,""idle"":4,""other"":0}}"
2026-09-30T13:42:29.086384846Z,bench-cpu-w8-best-fit-ropen-t2,0.520415,,0,38,0,0.000000,2018.123000,0,0,0,0,0,,0,0,"{""atlasexp-api-0c6d69"":{""active"":0,""idle"":4,""other"":0},""atlasexp-scheduler-best-fit-48b41f"":{""active"":0,""idle"":2,""other"":0},""atlasexp-worker-w00-cpu-00-f0f238"":{""active"":0,""idle"":4,""other"":0},""atlasexp-worker-w00-cpu-01-225cb2"":{""active"":0,""idle"":4,""other"":0},""atlasexp-worker-w00-cpu-02-a1de7d"":{""active"":0,""idle"":4,""other"":0},""atlasexp-worker-w00-cpu-03-7d6db8"":{""active"":0,""idle"":4,""other"":0},""atlasexp-worker-w00-cpu-04-63e8fc"":{""active"":0,""idle"":4,""other"":0},""atlasexp-worker-w00-cpu-05-110274"":{""active"":0,""idle"":4,""other"":0},""atlasexp-worker-w00-cpu-06-56d565"":{""active"":0,""idle"":4,""other"":0},""atlasexp-worker-w00-cpu-07-058e77"":{""active"":0,""idle"":4,""other"":0}}"
2026-09-30T13:42:29.337220659Z,bench-cpu-w8-best-fit-ropen-t2,0.478401,,0,35,0,0.000000,2268.883000,0,0,0,0,0,,0,0,"{""atlasexp-api-0c6d69"":{""active"":0,""idle"":4,""other"":0},""atlasexp-scheduler-best-fit-48b41f"":{""active"":0,""idle"":1,""other"":1},""atlasexp-worker-w00-cpu-00-f0f238"":{""active"":0,""idle"":4,""other"":0},""atlasexp-worker-w00-cpu-01-225cb2"":{""active"":0,""idle"":4,""other"":0},""atlasexp-worker-w00-cpu-02-a1de7d"":{""active"":0,""idle"":3,""other"":1},""atlasexp-worker-w00-cpu-03-7d6db8"":{""active"":0,""idle"":4,""other"":0},""atlasexp-worker-w00-cpu-04-63e8fc"":{""active"":0,""idle"":4,""other"":0},""atlasexp-worker-w00-cpu-05-110274"":{""active"":0,""idle"":3,""other"":1},""atlasexp-worker-w00-cpu-06-56d565"":{""active"":0,""idle"":4,""other"":0},""atlasexp-worker-w00-cpu-07-058e77"":{""active"":0,""idle"":4,""other"":0}}"
2026-09-30T13:42:29.586408316Z,bench-cpu-w8-best-fit-ropen-t2,0.561826,,2,35,0,0.000000,2518.208000,0,0,0,0,0,,0,0,"{""atlasexp-api-0c6d69"":{""active"":0,""idle"":4,""other"":0},""atlasexp-scheduler-best-fit-48b41f"":{""active"":1,""idle"":1,""other"":0},""atlasexp-worker-w00-cpu-00-f0f238"":{""active"":0,""idle"":4,""other"":0},""atlasexp-worker-w00-cpu-01-225cb2"":{""active"":0,""idle"":4,""other"":0},""atlasexp-worker-w00-cpu-02-a1de7d"":{""active"":0,""idle"":4,""other"":0},""atlasexp-worker-w00-cpu-03-7d6db8"":{""active"":0,""idle"":4,""other"":0},""atlasexp-worker-w00-cpu-04-63e8fc"":{""active"":0,""idle"":4,""other"":0},""atlasexp-worker-w00-cpu-05-110274"":{""active"":0,""idle"":4,""other"":0},""atlasexp-worker-w00-cpu-06-56d565"":{""active"":0,""idle"":3,""other"":1},""atlasexp-worker-w00-cpu-07-058e77"":{""active"":1,""idle"":3,""other"":0}}"
2026-09-30T13:42:29.836201841Z,bench-cpu-w8-best-fit-ropen-t2,0.760628,,2,36,0,0.000000,1465.802000,0,0,0,0,0,,0,0,"{""atlasexp-api-0c6d69"":{""active"":0,""idle"":4,""other"":0},""atlasexp-scheduler-best-fit-48b41f"":{""active"":1,""idle"":1,""other"":0},""atlasexp-worker-w00-cpu-00-f0f238"":{""active"":0,""idle"":4,""other"":0},""atlasexp-worker-w00-cpu-01-225cb2"":{""active"":0,""idle"":4,""other"":0},""atlasexp-worker-w00-cpu-02-a1de7d"":{""active"":0,""idle"":4,""other"":0},""atlasexp-worker-w00-cpu-03-7d6db8"":{""active"":0,""idle"":4,""other"":0},""atlasexp-worker-w00-cpu-04-63e8fc"":{""active"":0,""idle"":4,""other"":0},""atlasexp-worker-w00-cpu-05-110274"":{""active"":0,""idle"":4,""other"":0},""atlasexp-worker-w00-cpu-06-56d565"":{""active"":1,""idle"":3,""other"":0},""atlasexp-worker-w00-cpu-07-058e77"":{""active"":0,""idle"":4,""other"":0}}"
2026-09-30T13:42:30.086402257Z,bench-cpu-w8-best-fit-ropen-t2,0.679455,,0,36,0,0.000000,1716.113000,0,0,0,0,0,,0,0,"{""atlasexp-api-0c6d69"":{""active"":0,""idle"":4,""other"":0},""atlasexp-scheduler-best-fit-48b41f"":{""active"":0,""idle"":1,""other"":1},""atlasexp-worker-w00-cpu-00-f0f238"":{""active"":0,""idle"":4,""other"":0},""atlasexp-worker-w00-cpu-01-225cb2"":{""active"":0,""idle"":4,""other"":0},""atlasexp-worker-w00-cpu-02-a1de7d"":{""active"":0,""idle"":4,""other"":0},""atlasexp-worker-w00-cpu-03-7d6db8"":{""active"":0,""idle"":4,""other"":0},""atlasexp-worker-w00-cpu-04-63e8fc"":{""active"":0,""idle"":4,""other"":0},""atlasexp-worker-w00-cpu-05-110274"":{""active"":0,""idle"":4,""other"":0},""atlasexp-worker-w00-cpu-06-56d565"":{""active"":0,""idle"":4,""other"":0},""atlasexp-worker-w00-cpu-07-058e77"":{""active"":0,""idle"":3,""other"":1}}"
2026-09-30T13:42:30.33652206Z,bench-cpu-w8-best-fit-ropen-t2,0.679674,,4,32,1,0.250000,1966.163000,0,0,0,0,0,,0,0,"{""atlasexp-api-0c6d69"":{""active"":0,""idle"":4,""other"":0},""atlasexp-scheduler-best-fit-48b41f"":{""active"":0,""idle"":1,""other"":1},""atlasexp-worker-w00-cpu-00-f0f238"":{""active"":3,""idle"":1,""other"":0},""atlasexp-worker-w00-cpu-01-225cb2"":{""active"":0,""idle"":4,""other"":0},""atlasexp-worker-w00-cpu-02-a1de7d"":{""active"":1,""idle"":3,""other"":0},""atlasexp-worker-w00-cpu-03-7d6db8"":{""active"":0,""idle"":3,""other"":1},""atlasexp-worker-w00-cpu-04-63e8fc"":{""active"":0,""idle"":4,""other"":0},""atlasexp-worker-w00-cpu-05-110274"":{""active"":0,""idle"":4,""other"":0},""atlasexp-worker-w00-cpu-06-56d565"":{""active"":0,""idle"":4,""other"":0},""atlasexp-worker-w00-cpu-07-058e77"":{""active"":0,""idle"":4,""other"":0}}"
2026-09-30T13:42:30.586185943Z,bench-cpu-w8-best-fit-ropen-t2,0.680915,,2,35,0,0.000000,2215.672000,0,0,0,0,0,,0,0,"{""atlasexp-api-0c6d69"":{""active"":0,""idle"":4,""other"":0},""atlasexp-scheduler-best-fit-48b41f"":{""active"":1,""idle"":1,""other"":0},""atlasexp-worker-w00-cpu-00-f0f238"":{""active"":1,""idle"":3,""other"":0},""atlasexp-worker-w00-cpu-01-225cb2"":{""active"":0,""idle"":4,""other"":0},""atlasexp-worker-w00-cpu-02-a1de7d"":{""active"":0,""idle"":4,""other"":0},""atlasexp-worker-w00-cpu-03-7d6db8"":{""active"":0,""idle"":4,""other"":0},""atlasexp-worker-w00-cpu-04-63e8fc"":{""active"":0,""idle"":4,""other"":0},""atlasexp-worker-w00-cpu-05-110274"":{""active"":0,""idle"":3,""other"":1},""atlasexp-worker-w00-cpu-06-56d565"":{""active"":0,""idle"":4,""other"":0},""atlasexp-worker-w00-cpu-07-058e77"":{""active"":0,""idle"":4,""other"":0}}"
2026-09-30T13:42:30.836699404Z,bench-cpu-w8-best-fit-ropen-t3,0.598770,,5,33,4,0.800000,,0,0,0,0,0,,0,0,"{""atlasexp-api-0c6d69"":{""active"":4,""idle"":0,""other"":0},""atlasexp-scheduler-best-fit-48b41f"":{""active"":1,""idle"":1,""other"":0},""atlasexp-worker-w00-cpu-00-f0f238"":{""active"":0,""idle"":4,""other"":0},""atlasexp-worker-w00-cpu-01-225cb2"":{""active"":0,""idle"":4,""other"":0},""atlasexp-worker-w00-cpu-02-a1de7d"":{""active"":0,""idle"":4,""other"":0},""atlasexp-worker-w00-cpu-03-7d6db8"":{""active"":0,""idle"":4,""other"":0},""atlasexp-worker-w00-cpu-04-63e8fc"":{""active"":0,""idle"":4,""other"":0},""atlasexp-worker-w00-cpu-05-110274"":{""active"":0,""idle"":4,""other"":0},""atlasexp-worker-w00-cpu-06-56d565"":{""active"":0,""idle"":4,""other"":0},""atlasexp-worker-w00-cpu-07-058e77"":{""active"":0,""idle"":4,""other"":0}}"
2026-09-30T13:42:31.086367835Z,bench-cpu-w8-best-fit-ropen-t3,0.761009,,4,34,3,0.750000,266.412000,0,0,0,0,0,,0,0,"{""atlasexp-api-0c6d69"":{""active"":4,""idle"":0,""other"":0},""atlasexp-scheduler-best-fit-48b41f"":{""active"":0,""idle"":2,""other"":0},""atlasexp-worker-w00-cpu-00-f0f238"":{""active"":0,""idle"":4,""other"":0},""atlasexp-worker-w00-cpu-01-225cb2"":{""active"":0,""idle"":4,""other"":0},""atlasexp-worker-w00-cpu-02-a1de7d"":{""active"":0,""idle"":4,""other"":0},""atlasexp-worker-w00-cpu-03-7d6db8"":{""active"":0,""idle"":4,""other"":0},""atlasexp-worker-w00-cpu-04-63e8fc"":{""active"":0,""idle"":4,""other"":0},""atlasexp-worker-w00-cpu-05-110274"":{""active"":0,""idle"":4,""other"":0},""atlasexp-worker-w00-cpu-06-56d565"":{""active"":0,""idle"":4,""other"":0},""atlasexp-worker-w00-cpu-07-058e77"":{""active"":0,""idle"":4,""other"":0}}"
2026-09-30T13:42:31.336287827Z,bench-cpu-w8-best-fit-ropen-t3,0.920295,,4,33,3,0.750000,516.267000,0,0,0,0,0,,0,0,"{""atlasexp-api-0c6d69"":{""active"":4,""idle"":0,""other"":0},""atlasexp-scheduler-best-fit-48b41f"":{""active"":0,""idle"":2,""other"":0},""atlasexp-worker-w00-cpu-00-f0f238"":{""active"":0,""idle"":3,""other"":1},""atlasexp-worker-w00-cpu-01-225cb2"":{""active"":0,""idle"":4,""other"":0},""atlasexp-worker-w00-cpu-02-a1de7d"":{""active"":0,""idle"":4,""other"":0},""atlasexp-worker-w00-cpu-03-7d6db8"":{""active"":0,""idle"":4,""other"":0},""atlasexp-worker-w00-cpu-04-63e8fc"":{""active"":0,""idle"":4,""other"":0},""atlasexp-worker-w00-cpu-05-110274"":{""active"":0,""idle"":4,""other"":0},""atlasexp-worker-w00-cpu-06-56d565"":{""active"":0,""idle"":4,""other"":0},""atlasexp-worker-w00-cpu-07-058e77"":{""active"":0,""idle"":4,""other"":0}}"
2026-09-30T13:42:31.58616643Z,bench-cpu-w8-best-fit-ropen-t3,1.080525,,5,32,4,0.800000,197.431000,0,0,0,0,0,,0,0,"{""atlasexp-api-0c6d69"":{""active"":4,""idle"":0,""other"":0},""atlasexp-scheduler-best-fit-48b41f"":{""active"":1,""idle"":1,""other"":0},""atlasexp-worker-w00-cpu-00-f0f238"":{""active"":0,""idle"":3,""other"":1},""atlasexp-worker-w00-cpu-01-225cb2"":{""active"":0,""idle"":4,""other"":0},""atlasexp-worker-w00-cpu-02-a1de7d"":{""active"":0,""idle"":4,""other"":0},""atlasexp-worker-w00-cpu-03-7d6db8"":{""active"":0,""idle"":4,""other"":0},""atlasexp-worker-w00-cpu-04-63e8fc"":{""active"":0,""idle"":4,""other"":0},""atlasexp-worker-w00-cpu-05-110274"":{""active"":0,""idle"":4,""other"":0},""atlasexp-worker-w00-cpu-06-56d565"":{""active"":0,""idle"":4,""other"":0},""atlasexp-worker-w00-cpu-07-058e77"":{""active"":0,""idle"":4,""other"":0}}"
2026-09-30T13:42:31.836751804Z,bench-cpu-w8-best-fit-ropen-t3,0.997664,,3,33,3,1.000000,448.236000,0,0,0,0,0,,0,0,"{""atlasexp-api-0c6d69"":{""active"":2,""idle"":1,""other"":1},""atlasexp-scheduler-best-fit-48b41f"":{""active"":1,""idle"":1,""other"":0},""atlasexp-worker-w00-cpu-00-f0f238"":{""active"":0,""idle"":4,""other"":0},""atlasexp-worker-w00-cpu-01-225cb2"":{""active"":0,""idle"":4,""other"":0},""atlasexp-worker-w00-cpu-02-a1de7d"":{""active"":0,""idle"":4,""other"":0},""atlasexp-worker-w00-cpu-03-7d6db8"":{""active"":0,""idle"":4,""other"":0},""atlasexp-worker-w00-cpu-04-63e8fc"":{""active"":0,""idle"":4,""other"":0},""atlasexp-worker-w00-cpu-05-110274"":{""active"":0,""idle"":3,""other"":1},""atlasexp-worker-w00-cpu-06-56d565"":{""active"":0,""idle"":4,""other"":0},""atlasexp-worker-w00-cpu-07-058e77"":{""active"":0,""idle"":4,""other"":0}}"
2026-09-30T13:42:32.086542855Z,bench-cpu-w8-best-fit-ropen-t3,0.760636,,4,33,4,1.000000,698.342000,0,0,0,0,0,,0,0,"{""atlasexp-api-0c6d69"":{""active"":3,""idle"":0,""other"":1},""atlasexp-scheduler-best-fit-48b41f"":{""active"":1,""idle"":1,""other"":0},""atlasexp-worker-w00-cpu-00-f0f238"":{""active"":0,""idle"":4,""other"":0},""atlasexp-worker-w00-cpu-01-225cb2"":{""active"":0,""idle"":4,""other"":0},""atlasexp-worker-w00-cpu-02-a1de7d"":{""active"":0,""idle"":4,""other"":0},""atlasexp-worker-w00-cpu-03-7d6db8"":{""active"":0,""idle"":4,""other"":0},""atlasexp-worker-w00-cpu-04-63e8fc"":{""active"":0,""idle"":4,""other"":0},""atlasexp-worker-w00-cpu-05-110274"":{""active"":0,""idle"":4,""other"":0},""atlasexp-worker-w00-cpu-06-56d565"":{""active"":0,""idle"":4,""other"":0},""atlasexp-worker-w00-cpu-07-058e77"":{""active"":0,""idle"":4,""other"":0}}"
2026-09-30T13:42:32.336355215Z,bench-cpu-w8-best-fit-ropen-t3,0.800601,,0,37,0,0.000000,947.852000,0,0,0,0,0,,0,0,"{""atlasexp-api-0c6d69"":{""active"":0,""idle"":4,""other"":0},""atlasexp-scheduler-best-fit-48b41f"":{""active"":0,""idle"":1,""other"":1},""atlasexp-worker-w00-cpu-00-f0f238"":{""active"":0,""idle"":4,""other"":0},""atlasexp-worker-w00-cpu-01-225cb2"":{""active"":0,""idle"":4,""other"":0},""atlasexp-worker-w00-cpu-02-a1de7d"":{""active"":0,""idle"":4,""other"":0},""atlasexp-worker-w00-cpu-03-7d6db8"":{""active"":0,""idle"":4,""other"":0},""atlasexp-worker-w00-cpu-04-63e8fc"":{""active"":0,""idle"":4,""other"":0},""atlasexp-worker-w00-cpu-05-110274"":{""active"":0,""idle"":4,""other"":0},""atlasexp-worker-w00-cpu-06-56d565"":{""active"":0,""idle"":4,""other"":0},""atlasexp-worker-w00-cpu-07-058e77"":{""active"":0,""idle"":4,""other"":0}}"
2026-09-30T13:42:32.58613316Z,bench-cpu-w8-best-fit-ropen-t3,0.400356,,1,35,0,0.000000,1197.704000,0,0,0,0,0,,0,0,"{""atlasexp-api-0c6d69"":{""active"":0,""idle"":4,""other"":0},""atlasexp-scheduler-best-fit-48b41f"":{""active"":1,""idle"":1,""other"":0},""atlasexp-worker-w00-cpu-00-f0f238"":{""active"":0,""idle"":4,""other"":0},""atlasexp-worker-w00-cpu-01-225cb2"":{""active"":0,""idle"":3,""other"":1},""atlasexp-worker-w00-cpu-02-a1de7d"":{""active"":0,""idle"":3,""other"":1},""atlasexp-worker-w00-cpu-03-7d6db8"":{""active"":0,""idle"":4,""other"":0},""atlasexp-worker-w00-cpu-04-63e8fc"":{""active"":0,""idle"":4,""other"":0},""atlasexp-worker-w00-cpu-05-110274"":{""active"":0,""idle"":4,""other"":0},""atlasexp-worker-w00-cpu-06-56d565"":{""active"":0,""idle"":4,""other"":0},""atlasexp-worker-w00-cpu-07-058e77"":{""active"":0,""idle"":4,""other"":0}}"
2026-09-30T13:42:32.837153608Z,bench-cpu-w8-best-fit-ropen-t3,0.517886,,0,35,0,0.000000,1448.678000,0,0,0,0,0,,0,0,"{""atlasexp-api-0c6d69"":{""active"":0,""idle"":4,""other"":0},""atlasexp-scheduler-best-fit-48b41f"":{""active"":0,""idle"":1,""other"":1},""atlasexp-worker-w00-cpu-00-f0f238"":{""active"":0,""idle"":3,""other"":1},""atlasexp-worker-w00-cpu-01-225cb2"":{""active"":0,""idle"":4,""other"":0},""atlasexp-worker-w00-cpu-02-a1de7d"":{""active"":0,""idle"":4,""other"":0},""atlasexp-worker-w00-cpu-03-7d6db8"":{""active"":0,""idle"":4,""other"":0},""atlasexp-worker-w00-cpu-04-63e8fc"":{""active"":0,""idle"":3,""other"":1},""atlasexp-worker-w00-cpu-05-110274"":{""active"":0,""idle"":4,""other"":0},""atlasexp-worker-w00-cpu-06-56d565"":{""active"":0,""idle"":4,""other"":0},""atlasexp-worker-w00-cpu-07-058e77"":{""active"":0,""idle"":4,""other"":0}}"
2026-09-30T13:42:33.08637859Z,bench-cpu-w8-best-fit-ropen-t3,0.521617,,1,36,0,0.000000,1697.688000,0,0,0,0,0,,0,0,"{""atlasexp-api-0c6d69"":{""active"":0,""idle"":4,""other"":0},""atlasexp-scheduler-best-fit-48b41f"":{""active"":1,""idle"":1,""other"":0},""atlasexp-worker-w00-cpu-00-f0f238"":{""active"":0,""idle"":4,""other"":0},""atlasexp-worker-w00-cpu-01-225cb2"":{""active"":0,""idle"":4,""other"":0},""atlasexp-worker-w00-cpu-02-a1de7d"":{""active"":0,""idle"":4,""other"":0},""atlasexp-worker-w00-cpu-03-7d6db8"":{""active"":0,""idle"":4,""other"":0},""atlasexp-worker-w00-cpu-04-63e8fc"":{""active"":0,""idle"":3,""other"":1},""atlasexp-worker-w00-cpu-05-110274"":{""active"":0,""idle"":4,""other"":0},""atlasexp-worker-w00-cpu-06-56d565"":{""active"":0,""idle"":4,""other"":0},""atlasexp-worker-w00-cpu-07-058e77"":{""active"":0,""idle"":4,""other"":0}}"
2026-09-30T13:42:33.336563968Z,bench-cpu-w8-best-fit-ropen-t3,0.359733,,1,37,0,0.000000,1947.875000,0,0,0,0,0,,0,0,"{""atlasexp-api-0c6d69"":{""active"":0,""idle"":4,""other"":0},""atlasexp-scheduler-best-fit-48b41f"":{""active"":1,""idle"":1,""other"":0},""atlasexp-worker-w00-cpu-00-f0f238"":{""active"":0,""idle"":4,""other"":0},""atlasexp-worker-w00-cpu-01-225cb2"":{""active"":0,""idle"":4,""other"":0},""atlasexp-worker-w00-cpu-02-a1de7d"":{""active"":0,""idle"":4,""other"":0},""atlasexp-worker-w00-cpu-03-7d6db8"":{""active"":0,""idle"":4,""other"":0},""atlasexp-worker-w00-cpu-04-63e8fc"":{""active"":0,""idle"":4,""other"":0},""atlasexp-worker-w00-cpu-05-110274"":{""active"":0,""idle"":4,""other"":0},""atlasexp-worker-w00-cpu-06-56d565"":{""active"":0,""idle"":4,""other"":0},""atlasexp-worker-w00-cpu-07-058e77"":{""active"":0,""idle"":4,""other"":0}}"
2026-09-30T13:42:33.586877894Z,bench-cpu-w8-best-fit-ropen-t3,0.639197,,1,36,0,0.000000,2198.320000,0,0,0,0,0,,0,0,"{""atlasexp-api-0c6d69"":{""active"":0,""idle"":4,""other"":0},""atlasexp-scheduler-best-fit-48b41f"":{""active"":0,""idle"":1,""other"":1},""atlasexp-worker-w00-cpu-00-f0f238"":{""active"":0,""idle"":4,""other"":0},""atlasexp-worker-w00-cpu-01-225cb2"":{""active"":0,""idle"":4,""other"":0},""atlasexp-worker-w00-cpu-02-a1de7d"":{""active"":0,""idle"":4,""other"":0},""atlasexp-worker-w00-cpu-03-7d6db8"":{""active"":0,""idle"":4,""other"":0},""atlasexp-worker-w00-cpu-04-63e8fc"":{""active"":0,""idle"":4,""other"":0},""atlasexp-worker-w00-cpu-05-110274"":{""active"":0,""idle"":4,""other"":0},""atlasexp-worker-w00-cpu-06-56d565"":{""active"":1,""idle"":3,""other"":0},""atlasexp-worker-w00-cpu-07-058e77"":{""active"":0,""idle"":4,""other"":0}}"
2026-09-30T13:42:33.836393589Z,bench-cpu-w8-best-fit-ropen-t3,0.721398,,1,34,0,0.000000,1180.736000,0,0,0,0,0,,0,0,"{""atlasexp-api-0c6d69"":{""active"":0,""idle"":4,""other"":0},""atlasexp-scheduler-best-fit-48b41f"":{""active"":0,""idle"":1,""other"":1},""atlasexp-worker-w00-cpu-00-f0f238"":{""active"":1,""idle"":3,""other"":0},""atlasexp-worker-w00-cpu-01-225cb2"":{""active"":0,""idle"":3,""other"":1},""atlasexp-worker-w00-cpu-02-a1de7d"":{""active"":0,""idle"":3,""other"":1},""atlasexp-worker-w00-cpu-03-7d6db8"":{""active"":0,""idle"":4,""other"":0},""atlasexp-worker-w00-cpu-04-63e8fc"":{""active"":0,""idle"":4,""other"":0},""atlasexp-worker-w00-cpu-05-110274"":{""active"":0,""idle"":4,""other"":0},""atlasexp-worker-w00-cpu-06-56d565"":{""active"":0,""idle"":4,""other"":0},""atlasexp-worker-w00-cpu-07-058e77"":{""active"":0,""idle"":4,""other"":0}}"
2026-09-30T13:42:34.087037615Z,bench-cpu-w8-best-fit-ropen-t3,0.678253,,0,38,0,0.000000,1431.311000,0,0,0,0,0,,0,0,"{""atlasexp-api-0c6d69"":{""active"":0,""idle"":4,""other"":0},""atlasexp-scheduler-best-fit-48b41f"":{""active"":0,""idle"":2,""other"":0},""atlasexp-worker-w00-cpu-00-f0f238"":{""active"":0,""idle"":4,""other"":0},""atlasexp-worker-w00-cpu-01-225cb2"":{""active"":0,""idle"":4,""other"":0},""atlasexp-worker-w00-cpu-02-a1de7d"":{""active"":0,""idle"":4,""other"":0},""atlasexp-worker-w00-cpu-03-7d6db8"":{""active"":0,""idle"":4,""other"":0},""atlasexp-worker-w00-cpu-04-63e8fc"":{""active"":0,""idle"":4,""other"":0},""atlasexp-worker-w00-cpu-05-110274"":{""active"":0,""idle"":4,""other"":0},""atlasexp-worker-w00-cpu-06-56d565"":{""active"":0,""idle"":4,""other"":0},""atlasexp-worker-w00-cpu-07-058e77"":{""active"":0,""idle"":4,""other"":0}}"
2026-09-30T13:42:34.336468952Z,bench-cpu-w8-best-fit-ropen-t3,0.561277,,2,36,1,0.500000,1680.828000,0,0,0,0,0,,0,0,"{""atlasexp-api-0c6d69"":{""active"":0,""idle"":4,""other"":0},""atlasexp-scheduler-best-fit-48b41f"":{""active"":1,""idle"":1,""other"":0},""atlasexp-worker-w00-cpu-00-f0f238"":{""active"":1,""idle"":3,""other"":0},""atlasexp-worker-w00-cpu-01-225cb2"":{""active"":0,""idle"":4,""other"":0},""atlasexp-worker-w00-cpu-02-a1de7d"":{""active"":0,""idle"":4,""other"":0},""atlasexp-worker-w00-cpu-03-7d6db8"":{""active"":0,""idle"":4,""other"":0},""atlasexp-worker-w00-cpu-04-63e8fc"":{""active"":0,""idle"":4,""other"":0},""atlasexp-worker-w00-cpu-05-110274"":{""active"":0,""idle"":4,""other"":0},""atlasexp-worker-w00-cpu-06-56d565"":{""active"":0,""idle"":4,""other"":0},""atlasexp-worker-w00-cpu-07-058e77"":{""active"":0,""idle"":4,""other"":0}}"
2026-09-30T13:42:34.586469314Z,bench-cpu-w8-best-fit-ropen-t3,0.639999,,3,34,1,0.333333,1930.896000,0,0,0,0,0,,0,0,"{""atlasexp-api-0c6d69"":{""active"":0,""idle"":4,""other"":0},""atlasexp-scheduler-best-fit-48b41f"":{""active"":1,""idle"":1,""other"":0},""atlasexp-worker-w00-cpu-00-f0f238"":{""active"":2,""idle"":2,""other"":0},""atlasexp-worker-w00-cpu-01-225cb2"":{""active"":0,""idle"":3,""other"":1},""atlasexp-worker-w00-cpu-02-a1de7d"":{""active"":0,""idle"":4,""other"":0},""atlasexp-worker-w00-cpu-03-7d6db8"":{""active"":0,""idle"":4,""other"":0},""atlasexp-worker-w00-cpu-04-63e8fc"":{""active"":0,""idle"":4,""other"":0},""atlasexp-worker-w00-cpu-05-110274"":{""active"":0,""idle"":4,""other"":0},""atlasexp-worker-w00-cpu-06-56d565"":{""active"":0,""idle"":4,""other"":0},""atlasexp-worker-w00-cpu-07-058e77"":{""active"":0,""idle"":4,""other"":0}}"
2026-09-30T13:42:34.836748516Z,bench-cpu-w8-best-fit-ropen-t3,0.399554,,0,36,0,0.000000,,0,0,0,0,0,,0,0,"{""atlasexp-api-0c6d69"":{""active"":0,""idle"":4,""other"":0},""atlasexp-scheduler-best-fit-48b41f"":{""active"":0,""idle"":2,""other"":0},""atlasexp-worker-w00-cpu-00-f0f238"":{""active"":0,""idle"":4,""other"":0},""atlasexp-worker-w00-cpu-01-225cb2"":{""active"":0,""idle"":3,""other"":1},""atlasexp-worker-w00-cpu-02-a1de7d"":{""active"":0,""idle"":4,""other"":0},""atlasexp-worker-w00-cpu-03-7d6db8"":{""active"":0,""idle"":4,""other"":0},""atlasexp-worker-w00-cpu-04-63e8fc"":{""active"":0,""idle"":4,""other"":0},""atlasexp-worker-w00-cpu-05-110274"":{""active"":0,""idle"":4,""other"":0},""atlasexp-worker-w00-cpu-06-56d565"":{""active"":0,""idle"":3,""other"":1},""atlasexp-worker-w00-cpu-07-058e77"":{""active"":0,""idle"":4,""other"":0}}"
2026-09-30T13:42:35.087037086Z,idle,0.079908,,8,27,7,0.875000,,0,0,0,0,0,,0,0,"{""atlasexp-api-0c6d69"":{""active"":0,""idle"":4,""other"":0},""atlasexp-scheduler-best-fit-48b41f"":{""active"":0,""idle"":2,""other"":0},""atlasexp-worker-w00-cpu-00-cbc513"":{""active"":0,""idle"":4,""other"":0},""atlasexp-worker-w00-cpu-01-e9ae7d"":{""active"":1,""idle"":0,""other"":0},""atlasexp-worker-w00-cpu-02-a0918d"":{""active"":0,""idle"":1,""other"":0},""atlasexp-worker-w00-cpu-03-6b2c4e"":{""active"":0,""idle"":4,""other"":0},""atlasexp-worker-w00-cpu-04-b6902e"":{""active"":1,""idle"":0,""other"":0},""atlasexp-worker-w00-cpu-05-30bafe"":{""active"":0,""idle"":4,""other"":0},""atlasexp-worker-w00-cpu-06-ec4592"":{""active"":0,""idle"":4,""other"":0},""atlasexp-worker-w00-cpu-07-18bfd7"":{""active"":0,""idle"":1,""other"":1},""atlasexp-worker-w00-cpu-08-4bdd44"":{""active"":1,""idle"":3,""other"":0},""atlasexp-worker-w00-cpu-09-42424c"":{""active"":1,""idle"":0,""other"":0},""atlasexp-worker-w00-cpu-10-7020ed"":{""active"":1,""idle"":0,""other"":0},""atlasexp-worker-w00-cpu-11-2f16bb"":{""active"":1,""idle"":0,""other"":0},""atlasexp-worker-w00-cpu-12-07b2a8"":{""active"":1,""idle"":0,""other"":0},""atlasexp-worker-w00-cpu-13-c31fd1"":{""active"":1,""idle"":0,""other"":0}}"
2026-09-30T13:42:35.336154949Z,idle,0.160567,,1,66,0,0.000000,,0,0,0,0,0,,0,0,"{""atlasexp-api-0c6d69"":{""active"":0,""idle"":4,""other"":0},""atlasexp-worker-w00-cpu-00-cbc513"":{""active"":0,""idle"":4,""other"":0},""atlasexp-worker-w00-cpu-01-e9ae7d"":{""active"":0,""idle"":4,""other"":0},""atlasexp-worker-w00-cpu-02-a0918d"":{""active"":0,""idle"":4,""other"":0},""atlasexp-worker-w00-cpu-03-6b2c4e"":{""active"":0,""idle"":4,""other"":0},""atlasexp-worker-w00-cpu-04-b6902e"":{""active"":0,""idle"":4,""other"":0},""atlasexp-worker-w00-cpu-05-30bafe"":{""active"":0,""idle"":4,""other"":0},""atlasexp-worker-w00-cpu-06-ec4592"":{""active"":0,""idle"":4,""other"":0},""atlasexp-worker-w00-cpu-07-18bfd7"":{""active"":0,""idle"":3,""other"":1},""atlasexp-worker-w00-cpu-08-4bdd44"":{""active"":0,""idle"":4,""other"":0},""atlasexp-worker-w00-cpu-09-42424c"":{""active"":0,""idle"":4,""other"":0},""atlasexp-worker-w00-cpu-10-7020ed"":{""active"":0,""idle"":4,""other"":0},""atlasexp-worker-w00-cpu-11-2f16bb"":{""active"":1,""idle"":3,""other"":0},""atlasexp-worker-w00-cpu-12-07b2a8"":{""active"":0,""idle"":4,""other"":0},""atlasexp-worker-w00-cpu-13-c31fd1"":{""active"":0,""idle"":4,""other"":0},""atlasexp-worker-w00-cpu-14-1c60ce"":{""active"":0,""idle"":4,""other"":0},""atlasexp-worker-w00-cpu-15-11ba5e"":{""active"":0,""idle"":4,""other"":0}}"
2026-09-30T13:42:35.586760129Z,idle,0.319227,,1,64,0,0.000000,,0,0,0,0,0,,0,0,"{""atlasexp-api-0c6d69"":{""active"":0,""idle"":4,""other"":0},""atlasexp-worker-w00-cpu-00-cbc513"":{""active"":0,""idle"":4,""other"":0},""atlasexp-worker-w00-cpu-01-e9ae7d"":{""active"":0,""idle"":4,""other"":0},""atlasexp-worker-w00-cpu-02-a0918d"":{""active"":0,""idle"":4,""other"":0},""atlasexp-worker-w00-cpu-03-6b2c4e"":{""active"":0,""idle"":4,""other"":0},""atlasexp-worker-w00-cpu-04-b6902e"":{""active"":0,""idle"":3,""other"":1},""atlasexp-worker-w00-cpu-05-30bafe"":{""active"":0,""idle"":4,""other"":0},""atlasexp-worker-w00-cpu-06-ec4592"":{""active"":1,""idle"":2,""other"":1},""atlasexp-worker-w00-cpu-07-18bfd7"":{""active"":0,""idle"":4,""other"":0},""atlasexp-worker-w00-cpu-08-4bdd44"":{""active"":0,""idle"":4,""other"":0},""atlasexp-worker-w00-cpu-09-42424c"":{""active"":0,""idle"":4,""other"":0},""atlasexp-worker-w00-cpu-10-7020ed"":{""active"":0,""idle"":4,""other"":0},""atlasexp-worker-w00-cpu-11-2f16bb"":{""active"":0,""idle"":4,""other"":0},""atlasexp-worker-w00-cpu-12-07b2a8"":{""active"":0,""idle"":4,""other"":0},""atlasexp-worker-w00-cpu-13-c31fd1"":{""active"":0,""idle"":4,""other"":0},""atlasexp-worker-w00-cpu-14-1c60ce"":{""active"":0,""idle"":3,""other"":1},""atlasexp-worker-w00-cpu-15-11ba5e"":{""active"":0,""idle"":4,""other"":0}}"
2026-09-30T13:42:35.836253053Z,bench-cpu-w16-best-fit-ropen-t1,1.122276,,6,60,3,0.500000,103.257000,0,0,0,0,0,,0,0,"{""atlasexp-api-0c6d69"":{""active"":2,""idle"":1,""other"":1},""atlasexp-scheduler-best-fit-18e836"":{""active"":1,""idle"":1,""other"":0},""atlasexp-worker-w00-cpu-00-cbc513"":{""active"":0,""idle"":3,""other"":1},""atlasexp-worker-w00-cpu-01-e9ae7d"":{""active"":0,""idle"":4,""other"":0},""atlasexp-worker-w00-cpu-02-a0918d"":{""active"":0,""idle"":4,""other"":0},""atlasexp-worker-w00-cpu-03-6b2c4e"":{""active"":0,""idle"":4,""other"":0},""atlasexp-worker-w00-cpu-04-b6902e"":{""active"":0,""idle"":4,""other"":0},""atlasexp-worker-w00-cpu-05-30bafe"":{""active"":1,""idle"":3,""other"":0},""atlasexp-worker-w00-cpu-06-ec4592"":{""active"":0,""idle"":4,""other"":0},""atlasexp-worker-w00-cpu-07-18bfd7"":{""active"":1,""idle"":2,""other"":1},""atlasexp-worker-w00-cpu-08-4bdd44"":{""active"":0,""idle"":4,""other"":0},""atlasexp-worker-w00-cpu-09-42424c"":{""active"":0,""idle"":4,""other"":0},""atlasexp-worker-w00-cpu-10-7020ed"":{""active"":0,""idle"":4,""other"":0},""atlasexp-worker-w00-cpu-11-2f16bb"":{""active"":1,""idle"":3,""other"":0},""atlasexp-worker-w00-cpu-12-07b2a8"":{""active"":0,""idle"":4,""other"":0},""atlasexp-worker-w00-cpu-13-c31fd1"":{""active"":0,""idle"":4,""other"":0},""atlasexp-worker-w00-cpu-14-1c60ce"":{""active"":0,""idle"":3,""other"":1},""atlasexp-worker-w00-cpu-15-11ba5e"":{""active"":0,""idle"":4,""other"":0}}"
2026-09-30T13:42:36.086817619Z,bench-cpu-w16-best-fit-ropen-t1,0.758288,,5,65,4,0.800000,352.517000,0,0,0,0,0,,0,0,"{""atlasexp-api-0c6d69"":{""active"":4,""idle"":0,""other"":0},""atlasexp-scheduler-best-fit-18e836"":{""active"":1,""idle"":1,""other"":0},""atlasexp-worker-w00-cpu-00-cbc513"":{""active"":0,""idle"":4,""other"":0},""atlasexp-worker-w00-cpu-01-e9ae7d"":{""active"":0,""idle"":4,""other"":0},""atlasexp-worker-w00-cpu-02-a0918d"":{""active"":0,""idle"":4,""other"":0},""atlasexp-worker-w00-cpu-03-6b2c4e"":{""active"":0,""idle"":4,""other"":0},""atlasexp-worker-w00-cpu-04-b6902e"":{""active"":0,""idle"":4,""other"":0},""atlasexp-worker-w00-cpu-05-30bafe"":{""active"":0,""idle"":4,""other"":0},""atlasexp-worker-w00-cpu-06-ec4592"":{""active"":0,""idle"":4,""other"":0},""atlasexp-worker-w00-cpu-07-18bfd7"":{""active"":0,""idle"":4,""other"":0},""atlasexp-worker-w00-cpu-08-4bdd44"":{""active"":0,""idle"":4,""other"":0},""atlasexp-worker-w00-cpu-09-42424c"":{""active"":0,""idle"":4,""other"":0},""atlasexp-worker-w00-cpu-10-7020ed"":{""active"":0,""idle"":4,""other"":0},""atlasexp-worker-w00-cpu-11-2f16bb"":{""active"":0,""idle"":4,""other"":0},""atlasexp-worker-w00-cpu-12-07b2a8"":{""active"":0,""idle"":4,""other"":0},""atlasexp-worker-w00-cpu-13-c31fd1"":{""active"":0,""idle"":4,""other"":0},""atlasexp-worker-w00-cpu-14-1c60ce"":{""active"":0,""idle"":4,""other"":0},""atlasexp-worker-w00-cpu-15-11ba5e"":{""active"":0,""idle"":4,""other"":0}}"
2026-09-30T13:42:36.336313497Z,bench-cpu-w16-best-fit-ropen-t1,1.242505,,6,60,3,0.500000,602.158000,0,0,0,0,0,,0,0,"{""atlasexp-api-0c6d69"":{""active"":3,""idle"":0,""other"":1},""atlasexp-scheduler-best-fit-18e836"":{""active"":1,""idle"":1,""other"":0},""atlasexp-worker-w00-cpu-00-cbc513"":{""active"":0,""idle"":4,""other"":0},""atlasexp-worker-w00-cpu-01-e9ae7d"":{""active"":0,""idle"":4,""other"":0},""atlasexp-worker-w00-cpu-02-a0918d"":{""active"":0,""idle"":4,""other"":0},""atlasexp-worker-w00-cpu-03-6b2c4e"":{""active"":0,""idle"":4,""other"":0},""atlasexp-worker-w00-cpu-04-b6902e"":{""active"":0,""idle"":4,""other"":0},""atlasexp-worker-w00-cpu-05-30bafe"":{""active"":0,""idle"":4,""other"":0},""atlasexp-worker-w00-cpu-06-ec4592"":{""active"":0,""idle"":4,""other"":0},""atlasexp-worker-w00-cpu-07-18bfd7"":{""active"":1,""idle"":1,""other"":2},""atlasexp-worker-w00-cpu-08-4bdd44"":{""active"":0,""idle"":4,""other"":0},""atlasexp-worker-w00-cpu-09-42424c"":{""active"":0,""idle"":4,""other"":0},""atlasexp-worker-w00-cpu-10-7020ed"":{""active"":0,""idle"":3,""other"":1},""atlasexp-worker-w00-cpu-11-2f16bb"":{""active"":1,""idle"":3,""other"":0},""atlasexp-worker-w00-cpu-12-07b2a8"":{""active"":0,""idle"":4,""other"":0},""atlasexp-worker-w00-cpu-13-c31fd1"":{""active"":0,""idle"":4,""other"":0},""atlasexp-worker-w00-cpu-14-1c60ce"":{""active"":0,""idle"":4,""other"":0},""atlasexp-worker-w00-cpu-15-11ba5e"":{""active"":0,""idle"":4,""other"":0}}"
2026-09-30T13:42:36.586371355Z,bench-cpu-w16-best-fit-ropen-t1,1.399676,,6,64,4,0.666667,253.031000,0,0,0,0,0,,0,0,"{""atlasexp-api-0c6d69"":{""active"":4,""idle"":0,""other"":0},""atlasexp-scheduler-best-fit-18e836"":{""active"":1,""idle"":1,""other"":0},""atlasexp-worker-w00-cpu-00-cbc513"":{""active"":0,""idle"":4,""other"":0},""atlasexp-worker-w00-cpu-01-e9ae7d"":{""active"":0,""idle"":4,""other"":0},""atlasexp-worker-w00-cpu-02-a0918d"":{""active"":0,""idle"":4,""other"":0},""atlasexp-worker-w00-cpu-03-6b2c4e"":{""active"":0,""idle"":4,""other"":0},""atlasexp-worker-w00-cpu-04-b6902e"":{""active"":0,""idle"":4,""other"":0},""atlasexp-worker-w00-cpu-05-30bafe"":{""active"":0,""idle"":4,""other"":0},""atlasexp-worker-w00-cpu-06-ec4592"":{""active"":0,""idle"":4,""other"":0},""atlasexp-worker-w00-cpu-07-18bfd7"":{""active"":1,""idle"":3,""other"":0},""atlasexp-worker-w00-cpu-08-4bdd44"":{""active"":0,""idle"":4,""other"":0},""atlasexp-worker-w00-cpu-09-42424c"":{""active"":0,""idle"":4,""other"":0},""atlasexp-worker-w00-cpu-10-7020ed"":{""active"":0,""idle"":4,""other"":0},""atlasexp-worker-w00-cpu-11-2f16bb"":{""active"":0,""idle"":4,""other"":0},""atlasexp-worker-w00-cpu-12-07b2a8"":{""active"":0,""idle"":4,""other"":0},""atlasexp-worker-w00-cpu-13-c31fd1"":{""active"":0,""idle"":4,""other"":0},""atlasexp-worker-w00-cpu-14-1c60ce"":{""active"":0,""idle"":4,""other"":0},""atlasexp-worker-w00-cpu-15-11ba5e"":{""active"":0,""idle"":4,""other"":0}}"
2026-09-30T13:42:36.836335299Z,bench-cpu-w16-best-fit-ropen-t1,0.680098,,6,63,4,0.666667,503.125000,0,0,0,0,0,,0,0,"{""atlasexp-api-0c6d69"":{""active"":4,""idle"":0,""other"":0},""atlasexp-scheduler-best-fit-18e836"":{""active"":1,""idle"":1,""other"":0},""atlasexp-worker-w00-cpu-00-cbc513"":{""active"":0,""idle"":4,""other"":0},""atlasexp-worker-w00-cpu-01-e9ae7d"":{""active"":0,""idle"":4,""other"":0},""atlasexp-worker-w00-cpu-02-a0918d"":{""active"":0,""idle"":4,""other"":0},""atlasexp-worker-w00-cpu-03-6b2c4e"":{""active"":0,""idle"":4,""other"":0},""atlasexp-worker-w00-cpu-04-b6902e"":{""active"":0,""idle"":4,""other"":0},""atlasexp-worker-w00-cpu-05-30bafe"":{""active"":0,""idle"":4,""other"":0},""atlasexp-worker-w00-cpu-06-ec4592"":{""active"":0,""idle"":3,""other"":1},""atlasexp-worker-w00-cpu-07-18bfd7"":{""active"":0,""idle"":4,""other"":0},""atlasexp-worker-w00-cpu-08-4bdd44"":{""active"":0,""idle"":4,""other"":0},""atlasexp-worker-w00-cpu-09-42424c"":{""active"":0,""idle"":4,""other"":0},""atlasexp-worker-w00-cpu-10-7020ed"":{""active"":0,""idle"":4,""other"":0},""atlasexp-worker-w00-cpu-11-2f16bb"":{""active"":1,""idle"":3,""other"":0},""atlasexp-worker-w00-cpu-12-07b2a8"":{""active"":0,""idle"":4,""other"":0},""atlasexp-worker-w00-cpu-13-c31fd1"":{""active"":0,""idle"":4,""other"":0},""atlasexp-worker-w00-cpu-14-1c60ce"":{""active"":0,""idle"":4,""other"":0},""atlasexp-worker-w00-cpu-15-11ba5e"":{""active"":0,""idle"":4,""other"":0}}"
2026-09-30T13:42:37.086593202Z,bench-cpu-w16-best-fit-ropen-t1,1.198763,,6,59,3,0.500000,753.438000,0,0,0,0,0,,0,0,"{""atlasexp-api-0c6d69"":{""active"":4,""idle"":0,""other"":0},""atlasexp-scheduler-best-fit-18e836"":{""active"":0,""idle"":2,""other"":0},""atlasexp-worker-w00-cpu-00-cbc513"":{""active"":0,""idle"":4,""other"":0},""atlasexp-worker-w00-cpu-01-e9ae7d"":{""active"":0,""idle"":4,""other"":0},""atlasexp-worker-w00-cpu-02-a0918d"":{""active"":0,""idle"":4,""other"":0},""atlasexp-worker-w00-cpu-03-6b2c4e"":{""active"":0,""idle"":4,""other"":0},""atlasexp-worker-w00-cpu-04-b6902e"":{""active"":0,""idle"":4,""other"":0},""atlasexp-worker-w00-cpu-05-30bafe"":{""active"":0,""idle"":3,""other"":1},""atlasexp-worker-w00-cpu-06-ec4592"":{""active"":0,""idle"":1,""other"":3},""atlasexp-worker-w00-cpu-07-18bfd7"":{""active"":1,""idle"":3,""other"":0},""atlasexp-worker-w00-cpu-08-4bdd44"":{""active"":0,""idle"":4,""other"":0},""atlasexp-worker-w00-cpu-09-42424c"":{""active"":0,""idle"":4,""other"":0},""atlasexp-worker-w00-cpu-10-7020ed"":{""active"":0,""idle"":4,""other"":0},""atlasexp-worker-w00-cpu-11-2f16bb"":{""active"":0,""idle"":4,""other"":0},""atlasexp-worker-w00-cpu-12-07b2a8"":{""active"":0,""idle"":4,""other"":0},""atlasexp-worker-w00-cpu-13-c31fd1"":{""active"":1,""idle"":3,""other"":0},""atlasexp-worker-w00-cpu-14-1c60ce"":{""active"":0,""idle"":4,""other"":0},""atlasexp-worker-w00-cpu-15-11ba5e"":{""active"":0,""idle"":3,""other"":1}}"
2026-09-30T13:42:37.336714156Z,bench-cpu-w16-best-fit-ropen-t1,0.959536,,1,66,0,0.000000,1003.562000,0,0,0,0,0,,0,0,"{""atlasexp-api-0c6d69"":{""active"":0,""idle"":4,""other"":0},""atlasexp-scheduler-best-fit-18e836"":{""active"":0,""idle"":1,""other"":1},""atlasexp-worker-w00-cpu-00-cbc513"":{""active"":0,""idle"":4,""other"":0},""atlasexp-worker-w00-cpu-01-e9ae7d"":{""active"":0,""idle"":4,""other"":0},""atlasexp-worker-w00-cpu-02-a0918d"":{""active"":0,""idle"":4,""other"":0},""atlasexp-worker-w00-cpu-03-6b2c4e"":{""active"":0,""idle"":4,""other"":0},""atlasexp-worker-w00-cpu-04-b6902e"":{""active"":0,""idle"":4,""other"":0},""atlasexp-worker-w00-cpu-05-30bafe"":{""active"":0,""idle"":4,""other"":0},""atlasexp-worker-w00-cpu-06-ec4592"":{""active"":0,""idle"":4,""other"":0},""atlasexp-worker-w00-cpu-07-18bfd7"":{""active"":0,""idle"":4,""other"":0},""atlasexp-worker-w00-cpu-08-4bdd44"":{""active"":0,""idle"":4,""other"":0},""atlasexp-worker-w00-cpu-09-42424c"":{""active"":0,""idle"":4,""other"":0},""atlasexp-worker-w00-cpu-10-7020ed"":{""active"":0,""idle"":4,""other"":0},""atlasexp-worker-w00-cpu-11-2f16bb"":{""active"":0,""idle"":4,""other"":0},""atlasexp-worker-w00-cpu-12-07b2a8"":{""active"":0,""idle"":4,""other"":0},""atlasexp-worker-w00-cpu-13-c31fd1"":{""active"":1,""idle"":1,""other"":2},""atlasexp-worker-w00-cpu-14-1c60ce"":{""active"":0,""idle"":4,""other"":0},""atlasexp-worker-w00-cpu-15-11ba5e"":{""active"":0,""idle"":4,""other"":0}}"
2026-09-30T13:42:37.586612184Z,bench-cpu-w16-best-fit-ropen-t1,0.600245,,2,68,0,0.000000,1253.153000,0,0,0,0,0,,0,0,"{""atlasexp-api-0c6d69"":{""active"":0,""idle"":4,""other"":0},""atlasexp-scheduler-best-fit-18e836"":{""active"":1,""idle"":1,""other"":0},""atlasexp-worker-w00-cpu-00-cbc513"":{""active"":0,""idle"":4,""other"":0},""atlasexp-worker-w00-cpu-01-e9ae7d"":{""active"":0,""idle"":4,""other"":0},""atlasexp-worker-w00-cpu-02-a0918d"":{""active"":0,""idle"":4,""other"":0},""atlasexp-worker-w00-cpu-03-6b2c4e"":{""active"":0,""idle"":4,""other"":0},""atlasexp-worker-w00-cpu-04-b6902e"":{""active"":0,""idle"":4,""other"":0},""atlasexp-worker-w00-cpu-05-30bafe"":{""active"":0,""idle"":4,""other"":0},""atlasexp-worker-w00-cpu-06-ec4592"":{""active"":0,""idle"":4,""other"":0},""atlasexp-worker-w00-cpu-07-18bfd7"":{""active"":0,""idle"":4,""other"":0},""atlasexp-worker-w00-cpu-08-4bdd44"":{""active"":0,""idle"":4,""other"":0},""atlasexp-worker-w00-cpu-09-42424c"":{""active"":0,""idle"":4,""other"":0},""atlasexp-worker-w00-cpu-10-7020ed"":{""active"":0,""idle"":4,""other"":0},""atlasexp-worker-w00-cpu-11-2f16bb"":{""active"":1,""idle"":3,""other"":0},""atlasexp-worker-w00-cpu-12-07b2a8"":{""active"":0,""idle"":4,""other"":0},""atlasexp-worker-w00-cpu-13-c31fd1"":{""active"":0,""idle"":4,""other"":0},""atlasexp-worker-w00-cpu-14-1c60ce"":{""active"":0,""idle"":4,""other"":0},""atlasexp-worker-w00-cpu-15-11ba5e"":{""active"":0,""idle"":4,""other"":0}}"
2026-09-30T13:42:37.836376Z,bench-cpu-w16-best-fit-ropen-t1,1.361286,,2,62,1,0.500000,1503.835000,0,0,0,0,0,,0,0,"{""atlasexp-api-0c6d69"":{""active"":0,""idle"":4,""other"":0},""atlasexp-scheduler-best-fit-18e836"":{""active"":0,""idle"":1,""other"":1},""atlasexp-worker-w00-cpu-00-cbc513"":{""active"":0,""idle"":4,""other"":0},""atlasexp-worker-w00-cpu-01-e9ae7d"":{""active"":0,""idle"":4,""other"":0},""atlasexp-worker-w00-cpu-02-a0918d"":{""active"":0,""idle"":4,""other"":0},""atlasexp-worker-w00-cpu-03-6b2c4e"":{""active"":0,""idle"":4,""other"":0},""atlasexp-worker-w00-cpu-04-b6902e"":{""active"":0,""idle"":4,""other"":0},""atlasexp-worker-w00-cpu-05-30bafe"":{""active"":0,""idle"":4,""other"":0},""atlasexp-worker-w00-cpu-06-ec4592"":{""active"":0,""idle"":4,""other"":0},""atlasexp-worker-w00-cpu-07-18bfd7"":{""active"":0,""idle"":1,""other"":3},""atlasexp-worker-w00-cpu-08-4bdd44"":{""active"":0,""idle"":3,""other"":1},""atlasexp-worker-w00-cpu-09-42424c"":{""active"":0,""idle"":4,""other"":0},""atlasexp-worker-w00-cpu-10-7020ed"":{""active"":0,""idle"":3,""other"":1},""atlasexp-worker-w00-cpu-11-2f16bb"":{""active"":2,""idle"":2,""other"":0},""atlasexp-worker-w00-cpu-12-07b2a8"":{""active"":0,""idle"":4,""other"":0},""atlasexp-worker-w00-cpu-13-c31fd1"":{""active"":0,""idle"":4,""other"":0},""atlasexp-worker-w00-cpu-14-1c60ce"":{""active"":0,""idle"":4,""other"":0},""atlasexp-worker-w00-cpu-15-11ba5e"":{""active"":0,""idle"":4,""other"":0}}"
2026-09-30T13:42:38.086738536Z,bench-cpu-w16-best-fit-ropen-t1,0.918668,,1,68,0,0.000000,1753.314000,0,0,0,0,0,,0,0,"{""atlasexp-api-0c6d69"":{""active"":0,""idle"":4,""other"":0},""atlasexp-scheduler-best-fit-18e836"":{""active"":1,""idle"":1,""other"":0},""atlasexp-worker-w00-cpu-00-cbc513"":{""active"":0,""idle"":4,""other"":0},""atlasexp-worker-w00-cpu-01-e9ae7d"":{""active"":0,""idle"":4,""other"":0},""atlasexp-worker-w00-cpu-02-a0918d"":{""active"":0,""idle"":4,""other"":0},""atlasexp-worker-w00-cpu-03-6b2c4e"":{""active"":0,""idle"":4,""other"":0},""atlasexp-worker-w00-cpu-04-b6902e"":{""active"":0,""idle"":4,""other"":0},""atlasexp-worker-w00-cpu-05-30bafe"":{""active"":0,""idle"":3,""other"":1},""atlasexp-worker-w00-cpu-06-ec4592"":{""active"":0,""idle"":4,""other"":0},""atlasexp-worker-w00-cpu-07-18bfd7"":{""active"":0,""idle"":4,""other"":0},""atlasexp-worker-w00-cpu-08-4bdd44"":{""active"":0,""idle"":4,""other"":0},""atlasexp-worker-w00-cpu-09-42424c"":{""active"":0,""idle"":4,""other"":0},""atlasexp-worker-w00-cpu-10-7020ed"":{""active"":0,""idle"":4,""other"":0},""atlasexp-worker-w00-cpu-11-2f16bb"":{""active"":0,""idle"":4,""other"":0},""atlasexp-worker-w00-cpu-12-07b2a8"":{""active"":0,""idle"":4,""other"":0},""atlasexp-worker-w00-cpu-13-c31fd1"":{""active"":0,""idle"":4,""other"":0},""atlasexp-worker-w00-cpu-14-1c60ce"":{""active"":0,""idle"":4,""other"":0},""atlasexp-worker-w00-cpu-15-11ba5e"":{""active"":0,""idle"":4,""other"":0}}"
2026-09-30T13:42:38.337198103Z,bench-cpu-w16-best-fit-ropen-t1,0.598899,,1,68,0,0.000000,2003.731000,0,0,0,0,0,,0,0,"{""atlasexp-api-0c6d69"":{""active"":0,""idle"":4,""other"":0},""atlasexp-scheduler-best-fit-18e836"":{""active"":1,""idle"":1,""other"":0},""atlasexp-worker-w00-cpu-00-cbc513"":{""active"":0,""idle"":4,""other"":0},""atlasexp-worker-w00-cpu-01-e9ae7d"":{""active"":0,""idle"":4,""other"":0},""atlasexp-worker-w00-cpu-02-a0918d"":{""active"":0,""idle"":4,""other"":0},""atlasexp-worker-w00-cpu-03-6b2c4e"":{""active"":0,""idle"":4,""other"":0},""atlasexp-worker-w00-cpu-04-b6902e"":{""active"":0,""idle"":4,""other"":0},""atlasexp-worker-w00-cpu-05-30bafe"":{""active"":0,""idle"":4,""other"":0},""atlasexp-worker-w00-cpu-06-ec4592"":{""active"":0,""idle"":4,""other"":0},""atlasexp-worker-w00-cpu-07-18bfd7"":{""active"":0,""idle"":3,""other"":1},""atlasexp-worker-w00-cpu-08-4bdd44"":{""active"":0,""idle"":4,""other"":0},""atlasexp-worker-w00-cpu-09-42424c"":{""active"":0,""idle"":4,""other"":0},""atlasexp-worker-w00-cpu-10-7020ed"":{""active"":0,""idle"":4,""other"":0},""atlasexp-worker-w00-cpu-11-2f16bb"":{""active"":0,""idle"":4,""other"":0},""atlasexp-worker-w00-cpu-12-07b2a8"":{""active"":0,""idle"":4,""other"":0},""atlasexp-worker-w00-cpu-13-c31fd1"":{""active"":0,""idle"":4,""other"":0},""atlasexp-worker-w00-cpu-14-1c60ce"":{""active"":0,""idle"":4,""other"":0},""atlasexp-worker-w00-cpu-15-11ba5e"":{""active"":0,""idle"":4,""other"":0}}"
2026-09-30T13:42:38.586702977Z,bench-cpu-w16-best-fit-ropen-t1,0.681349,,1,68,0,0.000000,2253.238000,0,0,0,0,0,,0,0,"{""atlasexp-api-0c6d69"":{""active"":0,""idle"":4,""other"":0},""atlasexp-scheduler-best-fit-18e836"":{""active"":0,""idle"":2,""other"":0},""atlasexp-worker-w00-cpu-00-cbc513"":{""active"":0,""idle"":4,""other"":0},""atlasexp-worker-w00-cpu-01-e9ae7d"":{""active"":0,""idle"":4,""other"":0},""atlasexp-worker-w00-cpu-02-a0918d"":{""active"":0,""idle"":4,""other"":0},""atlasexp-worker-w00-cpu-03-6b2c4e"":{""active"":0,""idle"":4,""other"":0},""atlasexp-worker-w00-cpu-04-b6902e"":{""active"":0,""idle"":4,""other"":0},""atlasexp-worker-w00-cpu-05-30bafe"":{""active"":0,""idle"":4,""other"":0},""atlasexp-worker-w00-cpu-06-ec4592"":{""active"":0,""idle"":4,""other"":0},""atlasexp-worker-w00-cpu-07-18bfd7"":{""active"":0,""idle"":4,""other"":0},""atlasexp-worker-w00-cpu-08-4bdd44"":{""active"":0,""idle"":4,""other"":0},""atlasexp-worker-w00-cpu-09-42424c"":{""active"":0,""idle"":4,""other"":0},""atlasexp-worker-w00-cpu-10-7020ed"":{""active"":0,""idle"":4,""other"":0},""atlasexp-worker-w00-cpu-11-2f16bb"":{""active"":1,""idle"":2,""other"":1},""atlasexp-worker-w00-cpu-12-07b2a8"":{""active"":0,""idle"":4,""other"":0},""atlasexp-worker-w00-cpu-13-c31fd1"":{""active"":0,""idle"":4,""other"":0},""atlasexp-worker-w00-cpu-14-1c60ce"":{""active"":0,""idle"":4,""other"":0},""atlasexp-worker-w00-cpu-15-11ba5e"":{""active"":0,""idle"":4,""other"":0}}"
2026-09-30T13:42:38.836648643Z,bench-cpu-w16-best-fit-ropen-t1,1.040226,,3,62,0,0.000000,2503.647000,0,0,0,0,0,,0,0,"{""atlasexp-api-0c6d69"":{""active"":0,""idle"":4,""other"":0},""atlasexp-scheduler-best-fit-18e836"":{""active"":0,""idle"":1,""other"":1},""atlasexp-worker-w00-cpu-00-cbc513"":{""active"":0,""idle"":4,""other"":0},""atlasexp-worker-w00-cpu-01-e9ae7d"":{""active"":0,""idle"":4,""other"":0},""atlasexp-worker-w00-cpu-02-a0918d"":{""active"":0,""idle"":3,""other"":1},""atlasexp-worker-w00-cpu-03-6b2c4e"":{""active"":0,""idle"":3,""other"":1},""atlasexp-worker-w00-cpu-04-b6902e"":{""active"":1,""idle"":3,""other"":0},""atlasexp-worker-w00-cpu-05-30bafe"":{""active"":0,""idle"":4,""other"":0},""atlasexp-worker-w00-cpu-06-ec4592"":{""active"":0,""idle"":4,""other"":0},""atlasexp-worker-w00-cpu-07-18bfd7"":{""active"":1,""idle"":3,""other"":0},""atlasexp-worker-w00-cpu-08-4bdd44"":{""active"":0,""idle"":3,""other"":1},""atlasexp-worker-w00-cpu-09-42424c"":{""active"":0,""idle"":4,""other"":0},""atlasexp-worker-w00-cpu-10-7020ed"":{""active"":0,""idle"":4,""other"":0},""atlasexp-worker-w00-cpu-11-2f16bb"":{""active"":1,""idle"":2,""other"":1},""atlasexp-worker-w00-cpu-12-07b2a8"":{""active"":0,""idle"":4,""other"":0},""atlasexp-worker-w00-cpu-13-c31fd1"":{""active"":0,""idle"":4,""other"":0},""atlasexp-worker-w00-cpu-14-1c60ce"":{""active"":0,""idle"":4,""other"":0},""atlasexp-worker-w00-cpu-15-11ba5e"":{""active"":0,""idle"":4,""other"":0}}"
2026-09-30T13:42:39.086618796Z,bench-cpu-w16-best-fit-ropen-t1,1.400167,,3,66,0,0.000000,1224.279000,0,0,0,0,0,,0,0,"{""atlasexp-api-0c6d69"":{""active"":0,""idle"":4,""other"":0},""atlasexp-scheduler-best-fit-18e836"":{""active"":1,""idle"":1,""other"":0},""atlasexp-worker-w00-cpu-00-cbc513"":{""active"":0,""idle"":4,""other"":0},""atlasexp-worker-w00-cpu-01-e9ae7d"":{""active"":0,""idle"":4,""other"":0},""atlasexp-worker-w00-cpu-02-a0918d"":{""active"":0,""idle"":4,""other"":0},""atlasexp-worker-w00-cpu-03-6b2c4e"":{""active"":0,""idle"":4,""other"":0},""atlasexp-worker-w00-cpu-04-b6902e"":{""active"":0,""idle"":4,""other"":0},""atlasexp-worker-w00-cpu-05-30bafe"":{""active"":1,""idle"":3,""other"":0},""atlasexp-worker-w00-cpu-06-ec4592"":{""active"":0,""idle"":3,""other"":1},""atlasexp-worker-w00-cpu-07-18bfd7"":{""active"":0,""idle"":4,""other"":0},""atlasexp-worker-w00-cpu-08-4bdd44"":{""active"":0,""idle"":4,""other"":0},""atlasexp-worker-w00-cpu-09-42424c"":{""active"":0,""idle"":4,""other"":0},""atlasexp-worker-w00-cpu-10-7020ed"":{""active"":0,""idle"":4,""other"":0},""atlasexp-worker-w00-cpu-11-2f16bb"":{""active"":1,""idle"":3,""other"":0},""atlasexp-worker-w00-cpu-12-07b2a8"":{""active"":0,""idle"":4,""other"":0},""atlasexp-worker-w00-cpu-13-c31fd1"":{""active"":0,""idle"":4,""other"":0},""atlasexp-worker-w00-cpu-14-1c60ce"":{""active"":0,""idle"":4,""other"":0},""atlasexp-worker-w00-cpu-15-11ba5e"":{""active"":0,""idle"":4,""other"":0}}"
2026-09-30T13:42:39.336127315Z,bench-cpu-w16-best-fit-ropen-t1,1.082127,,5,64,0,0.000000,1473.614000,0,0,0,0,0,,0,0,"{""atlasexp-api-0c6d69"":{""active"":0,""idle"":4,""other"":0},""atlasexp-scheduler-best-fit-18e836"":{""active"":1,""idle"":1,""other"":0},""atlasexp-worker-w00-cpu-00-cbc513"":{""active"":1,""idle"":3,""other"":0},""atlasexp-worker-w00-cpu-01-e9ae7d"":{""active"":1,""idle"":3,""other"":0},""atlasexp-worker-w00-cpu-02-a0918d"":{""active"":0,""idle"":4,""other"":0},""atlasexp-worker-w00-cpu-03-6b2c4e"":{""active"":0,""idle"":4,""other"":0},""atlasexp-worker-w00-cpu-04-b6902e"":{""active"":0,""idle"":4,""other"":0},""atlasexp-worker-w00-cpu-05-30bafe"":{""active"":0,""idle"":4,""other"":0},""atlasexp-worker-w00-cpu-06-ec4592"":{""active"":0,""idle"":4,""other"":0},""atlasexp-worker-w00-cpu-07-18bfd7"":{""active"":0,""idle"":4,""other"":0},""atlasexp-worker-w00-cpu-08-4bdd44"":{""active"":0,""idle"":3,""other"":1},""atlasexp-worker-w00-cpu-09-42424c"":{""active"":0,""idle"":4,""other"":0},""atlasexp-worker-w00-cpu-10-7020ed"":{""active"":0,""idle"":4,""other"":0},""atlasexp-worker-w00-cpu-11-2f16bb"":{""active"":1,""idle"":3,""other"":0},""atlasexp-worker-w00-cpu-12-07b2a8"":{""active"":0,""idle"":4,""other"":0},""atlasexp-worker-w00-cpu-13-c31fd1"":{""active"":0,""idle"":4,""other"":0},""atlasexp-worker-w00-cpu-14-1c60ce"":{""active"":1,""idle"":3,""other"":0},""atlasexp-worker-w00-cpu-15-11ba5e"":{""active"":0,""idle"":4,""other"":0}}"
2026-09-30T13:42:39.586746802Z,bench-cpu-w16-best-fit-ropen-t1,1.037429,,1,68,0,0.000000,,0,0,0,0,0,,0,0,"{""atlasexp-api-0c6d69"":{""active"":0,""idle"":4,""other"":0},""atlasexp-scheduler-best-fit-18e836"":{""active"":0,""idle"":2,""other"":0},""atlasexp-worker-w00-cpu-00-cbc513"":{""active"":0,""idle"":4,""other"":0},""atlasexp-worker-w00-cpu-01-e9ae7d"":{""active"":0,""idle"":4,""other"":0},""atlasexp-worker-w00-cpu-02-a0918d"":{""active"":0,""idle"":4,""other"":0},""atlasexp-worker-w00-cpu-03-6b2c4e"":{""active"":0,""idle"":4,""other"":0},""atlasexp-worker-w00-cpu-04-b6902e"":{""active"":0,""idle"":4,""other"":0},""atlasexp-worker-w00-cpu-05-30bafe"":{""active"":0,""idle"":4,""other"":0},""atlasexp-worker-w00-cpu-06-ec4592"":{""active"":0,""idle"":4,""other"":0},""atlasexp-worker-w00-cpu-07-18bfd7"":{""active"":0,""idle"":4,""other"":0},""atlasexp-worker-w00-cpu-08-4bdd44"":{""active"":1,""idle"":3,""other"":0},""atlasexp-worker-w00-cpu-09-42424c"":{""active"":0,""idle"":3,""other"":1},""atlasexp-worker-w00-cpu-10-7020ed"":{""active"":0,""idle"":4,""other"":0},""atlasexp-worker-w00-cpu-11-2f16bb"":{""active"":0,""idle"":4,""other"":0},""atlasexp-worker-w00-cpu-12-07b2a8"":{""active"":0,""idle"":4,""other"":0},""atlasexp-worker-w00-cpu-13-c31fd1"":{""active"":0,""idle"":4,""other"":0},""atlasexp-worker-w00-cpu-14-1c60ce"":{""active"":0,""idle"":4,""other"":0},""atlasexp-worker-w00-cpu-15-11ba5e"":{""active"":0,""idle"":4,""other"":0}}"
2026-09-30T13:42:39.836457329Z,bench-cpu-w16-best-fit-ropen-t2,0.881020,,6,63,3,0.500000,,0,0,0,0,0,,0,0,"{""atlasexp-api-0c6d69"":{""active"":4,""idle"":0,""other"":0},""atlasexp-scheduler-best-fit-18e836"":{""active"":1,""idle"":1,""other"":0},""atlasexp-worker-w00-cpu-00-cbc513"":{""active"":0,""idle"":4,""other"":0},""atlasexp-worker-w00-cpu-01-e9ae7d"":{""active"":0,""idle"":4,""other"":0},""atlasexp-worker-w00-cpu-02-a0918d"":{""active"":0,""idle"":4,""other"":0},""atlasexp-worker-w00-cpu-03-6b2c4e"":{""active"":0,""idle"":4,""other"":0},""atlasexp-worker-w00-cpu-04-b6902e"":{""active"":0,""idle"":3,""other"":1},""atlasexp-worker-w00-cpu-05-30bafe"":{""active"":0,""idle"":4,""other"":0},""atlasexp-worker-w00-cpu-06-ec4592"":{""active"":0,""idle"":4,""other"":0},""atlasexp-worker-w00-cpu-07-18bfd7"":{""active"":0,""idle"":4,""other"":0},""atlasexp-worker-w00-cpu-08-4bdd44"":{""active"":0,""idle"":4,""other"":0},""atlasexp-worker-w00-cpu-09-42424c"":{""active"":0,""idle"":4,""other"":0},""atlasexp-worker-w00-cpu-10-7020ed"":{""active"":0,""idle"":4,""other"":0},""atlasexp-worker-w00-cpu-11-2f16bb"":{""active"":1,""idle"":3,""other"":0},""atlasexp-worker-w00-cpu-12-07b2a8"":{""active"":0,""idle"":4,""other"":0},""atlasexp-worker-w00-cpu-13-c31fd1"":{""active"":0,""idle"":4,""other"":0},""atlasexp-worker-w00-cpu-14-1c60ce"":{""active"":0,""idle"":4,""other"":0},""atlasexp-worker-w00-cpu-15-11ba5e"":{""active"":0,""idle"":4,""other"":0}}"
2026-09-30T13:42:40.086694319Z,bench-cpu-w16-best-fit-ropen-t2,1.118939,,4,64,3,0.750000,253.221000,0,0,0,0,0,,0,0,"{""atlasexp-api-0c6d69"":{""active"":3,""idle"":0,""other"":1},""atlasexp-scheduler-best-fit-18e836"":{""active"":1,""idle"":1,""other"":0},""atlasexp-worker-w00-cpu-00-cbc513"":{""active"":0,""idle"":4,""other"":0},""atlasexp-worker-w00-cpu-01-e9ae7d"":{""active"":0,""idle"":4,""other"":0},""atlasexp-worker-w00-cpu-02-a0918d"":{""active"":0,""idle"":4,""other"":0},""atlasexp-worker-w00-cpu-03-6b2c4e"":{""active"":0,""idle"":4,""other"":0},""atlasexp-worker-w00-cpu-04-b6902e"":{""active"":0,""idle"":4,""other"":0},""atlasexp-worker-w00-cpu-05-30bafe"":{""active"":0,""idle"":4,""other"":0},""atlasexp-worker-w00-cpu-06-ec4592"":{""active"":0,""idle"":3,""other"":1},""atlasexp-worker-w00-cpu-07-18bfd7"":{""active"":0,""idle"":4,""other"":0},""atlasexp-worker-w00-cpu-08-4bdd44"":{""active"":0,""idle"":4,""other"":0},""atlasexp-worker-w00-cpu-09-42424c"":{""active"":0,""idle"":4,""other"":0},""atlasexp-worker-w00-cpu-10-7020ed"":{""active"":0,""idle"":4,""other"":0},""atlasexp-worker-w00-cpu-11-2f16bb"":{""active"":0,""idle"":4,""other"":0},""atlasexp-worker-w00-cpu-12-07b2a8"":{""active"":0,""idle"":4,""other"":0},""atlasexp-worker-w00-cpu-13-c31fd1"":{""active"":0,""idle"":4,""other"":0},""atlasexp-worker-w00-cpu-14-1c60ce"":{""active"":0,""idle"":4,""other"":0},""atlasexp-worker-w00-cpu-15-11ba5e"":{""active"":0,""idle"":4,""other"":0}}"
2026-09-30T13:42:40.336601834Z,bench-cpu-w16-best-fit-ropen-t2,1.120414,,6,60,3,0.500000,503.212000,0,0,0,0,0,,0,0,"{""atlasexp-api-0c6d69"":{""active"":4,""idle"":0,""other"":0},""atlasexp-scheduler-best-fit-18e836"":{""active"":0,""idle"":2,""other"":0},""atlasexp-worker-w00-cpu-00-cbc513"":{""active"":0,""idle"":4,""other"":0},""atlasexp-worker-w00-cpu-01-e9ae7d"":{""active"":0,""idle"":3,""other"":1},""atlasexp-worker-w00-cpu-02-a0918d"":{""active"":0,""idle"":4,""other"":0},""atlasexp-worker-w00-cpu-03-6b2c4e"":{""active"":0,""idle"":4,""other"":0},""atlasexp-worker-w00-cpu-04-b6902e"":{""active"":0,""idle"":4,""other"":0},""atlasexp-worker-w00-cpu-05-30bafe"":{""active"":1,""idle"":3,""other"":0},""atlasexp-worker-w00-cpu-06-ec4592"":{""active"":0,""idle"":4,""other"":0},""atlasexp-worker-w00-cpu-07-18bfd7"":{""active"":1,""idle"":3,""other"":0},""atlasexp-worker-w00-cpu-08-4bdd44"":{""active"":0,""idle"":4,""other"":0},""atlasexp-worker-w00-cpu-09-42424c"":{""active"":0,""idle"":3,""other"":1},""atlasexp-worker-w00-cpu-10-7020ed"":{""active"":0,""idle"":4,""other"":0},""atlasexp-worker-w00-cpu-11-2f16bb"":{""active"":0,""idle"":4,""other"":0},""atlasexp-worker-w00-cpu-12-07b2a8"":{""active"":0,""idle"":3,""other"":1},""atlasexp-worker-w00-cpu-13-c31fd1"":{""active"":0,""idle"":3,""other"":1},""atlasexp-worker-w00-cpu-14-1c60ce"":{""active"":0,""idle"":4,""other"":0},""atlasexp-worker-w00-cpu-15-11ba5e"":{""active"":0,""idle"":4,""other"":0}}"
2026-09-30T13:42:40.586418041Z,bench-cpu-w16-best-fit-ropen-t2,1.160853,,6,64,4,0.666667,278.237000,0,0,0,0,0,,0,0,"{""atlasexp-api-0c6d69"":{""active"":4,""idle"":0,""other"":0},""atlasexp-scheduler-best-fit-18e836"":{""active"":1,""idle"":1,""other"":0},""atlasexp-worker-w00-cpu-00-cbc513"":{""active"":0,""idle"":4,""other"":0},""atlasexp-worker-w00-cpu-01-e9ae7d"":{""active"":0,""idle"":4,""other"":0},""atlasexp-worker-w00-cpu-02-a0918d"":{""active"":0,""idle"":4,""other"":0},""atlasexp-worker-w00-cpu-03-6b2c4e"":{""active"":0,""idle"":4,""other"":0},""atlasexp-worker-w00-cpu-04-b6902e"":{""active"":0,""idle"":4,""other"":0},""atlasexp-worker-w00-cpu-05-30bafe"":{""active"":0,""idle"":4,""other"":0},""atlasexp-worker-w00-cpu-06-ec4592"":{""active"":0,""idle"":4,""other"":0},""atlasexp-worker-w00-cpu-07-18bfd7"":{""active"":0,""idle"":4,""other"":0},""atlasexp-worker-w00-cpu-08-4bdd44"":{""active"":0,""idle"":4,""other"":0},""atlasexp-worker-w00-cpu-09-42424c"":{""active"":0,""idle"":4,""other"":0},""atlasexp-worker-w00-cpu-10-7020ed"":{""active"":0,""idle"":4,""other"":0},""atlasexp-worker-w00-cpu-11-2f16bb"":{""active"":1,""idle"":3,""other"":0},""atlasexp-worker-w00-cpu-12-07b2a8"":{""active"":0,""idle"":4,""other"":0},""atlasexp-worker-w00-cpu-13-c31fd1"":{""active"":0,""idle"":4,""other"":0},""atlasexp-worker-w00-cpu-14-1c60ce"":{""active"":0,""idle"":4,""other"":0},""atlasexp-worker-w00-cpu-15-11ba5e"":{""active"":0,""idle"":4,""other"":0}}"
2026-09-30T13:42:40.836965521Z,bench-cpu-w16-best-fit-ropen-t2,1.077640,,4,62,4,1.000000,529.351000,0,0,0,0,0,,0,0,"{""atlasexp-api-0c6d69"":{""active"":4,""idle"":0,""other"":0},""atlasexp-scheduler-best-fit-18e836"":{""active"":0,""idle"":1,""other"":1},""atlasexp-worker-w00-cpu-00-cbc513"":{""active"":0,""idle"":4,""other"":0},""atlasexp-worker-w00-cpu-01-e9ae7d"":{""active"":0,""idle"":4,""other"":0},""atlasexp-worker-w00-cpu-02-a0918d"":{""active"":0,""idle"":4,""other"":0},""atlasexp-worker-w00-cpu-03-6b2c4e"":{""active"":0,""idle"":3,""other"":1},""atlasexp-worker-w00-cpu-04-b6902e"":{""active"":0,""idle"":3,""other"":1},""atlasexp-worker-w00-cpu-05-30bafe"":{""active"":0,""idle"":4,""other"":0},""atlasexp-worker-w00-cpu-06-ec4592"":{""active"":0,""idle"":4,""other"":0},""atlasexp-worker-w00-cpu-07-18bfd7"":{""active"":0,""idle"":4,""other"":0},""atlasexp-worker-w00-cpu-08-4bdd44"":{""active"":0,""idle"":4,""other"":0},""atlasexp-worker-w00-cpu-09-42424c"":{""active"":0,""idle"":4,""other"":0},""atlasexp-worker-w00-cpu-10-7020ed"":{""active"":0,""idle"":4,""other"":0},""atlasexp-worker-w00-cpu-11-2f16bb"":{""active"":0,""idle"":4,""other"":0},""atlasexp-worker-w00-cpu-12-07b2a8"":{""active"":0,""idle"":3,""other"":1},""atlasexp-worker-w00-cpu-13-c31fd1"":{""active"":0,""idle"":4,""other"":0},""atlasexp-worker-w00-cpu-14-1c60ce"":{""active"":0,""idle"":4,""other"":0},""atlasexp-worker-w00-cpu-15-11ba5e"":{""active"":0,""idle"":4,""other"":0}}"
2026-09-30T13:42:41.086875972Z,bench-cpu-w16-best-fit-ropen-t2,1.200430,,4,65,4,1.000000,779.017000,0,0,0,0,0,,0,0,"{""atlasexp-api-0c6d69"":{""active"":3,""idle"":0,""other"":1},""atlasexp-scheduler-best-fit-18e836"":{""active"":1,""idle"":1,""other"":0},""atlasexp-worker-w00-cpu-00-cbc513"":{""active"":0,""idle"":4,""other"":0},""atlasexp-worker-w00-cpu-01-e9ae7d"":{""active"":0,""idle"":4,""other"":0},""atlasexp-worker-w00-cpu-02-a0918d"":{""active"":0,""idle"":4,""other"":0},""atlasexp-worker-w00-cpu-03-6b2c4e"":{""active"":0,""idle"":4,""other"":0},""atlasexp-worker-w00-cpu-04-b6902e"":{""active"":0,""idle"":4,""other"":0},""atlasexp-worker-w00-cpu-05-30bafe"":{""active"":0,""idle"":4,""other"":0},""atlasexp-worker-w00-cpu-06-ec4592"":{""active"":0,""idle"":4,""other"":0},""atlasexp-worker-w00-cpu-07-18bfd7"":{""active"":0,""idle"":4,""other"":0},""atlasexp-worker-w00-cpu-08-4bdd44"":{""active"":0,""idle"":4,""other"":0},""atlasexp-worker-w00-cpu-09-42424c"":{""active"":0,""idle"":4,""other"":0},""atlasexp-worker-w00-cpu-10-7020ed"":{""active"":0,""idle"":4,""other"":0},""atlasexp-worker-w00-cpu-11-2f16bb"":{""active"":0,""idle"":4,""other"":0},""atlasexp-worker-w00-cpu-12-07b2a8"":{""active"":0,""idle"":4,""other"":0},""atlasexp-worker-w00-cpu-13-c31fd1"":{""active"":0,""idle"":4,""other"":0},""atlasexp-worker-w00-cpu-14-1c60ce"":{""active"":0,""idle"":4,""other"":0},""atlasexp-worker-w00-cpu-15-11ba5e"":{""active"":0,""idle"":4,""other"":0}}"
2026-09-30T13:42:41.337033083Z,bench-cpu-w16-best-fit-ropen-t2,1.039347,,4,65,4,1.000000,1028.752000,0,0,0,0,0,,0,0,"{""atlasexp-api-0c6d69"":{""active"":3,""idle"":0,""other"":1},""atlasexp-scheduler-best-fit-18e836"":{""active"":1,""idle"":1,""other"":0},""atlasexp-worker-w00-cpu-00-cbc513"":{""active"":0,""idle"":4,""other"":0},""atlasexp-worker-w00-cpu-01-e9ae7d"":{""active"":0,""idle"":4,""other"":0},""atlasexp-worker-w00-cpu-02-a0918d"":{""active"":0,""idle"":4,""other"":0},""atlasexp-worker-w00-cpu-03-6b2c4e"":{""active"":0,""idle"":4,""other"":0},""atlasexp-worker-w00-cpu-04-b6902e"":{""active"":0,""idle"":4,""other"":0},""atlasexp-worker-w00-cpu-05-30bafe"":{""active"":0,""idle"":4,""other"":0},""atlasexp-worker-w00-cpu-06-ec4592"":{""active"":0,""idle"":4,""other"":0},""atlasexp-worker-w00-cpu-07-18bfd7"":{""active"":0,""idle"":4,""other"":0},""atlasexp-worker-w00-cpu-08-4bdd44"":{""active"":0,""idle"":4,""other"":0},""atlasexp-worker-w00-cpu-09-42424c"":{""active"":0,""idle"":4,""other"":0},""atlasexp-worker-w00-cpu-10-7020ed"":{""active"":0,""idle"":4,""other"":0},""atlasexp-worker-w00-cpu-11-2f16bb"":{""active"":0,""idle"":4,""other"":0},""atlasexp-worker-w00-cpu-12-07b2a8"":{""active"":0,""idle"":4,""other"":0},""atlasexp-worker-w00-cpu-13-c31fd1"":{""active"":0,""idle"":4,""other"":0},""atlasexp-worker-w00-cpu-14-1c60ce"":{""active"":0,""idle"":4,""other"":0},""atlasexp-worker-w00-cpu-15-11ba5e"":{""active"":0,""idle"":4,""other"":0}}"
2026-09-30T13:42:41.586213782Z,bench-cpu-w16-best-fit-ropen-t2,0.923025,,2,67,0,0.000000,1277.930000,0,0,0,0,0,,0,0,"{""atlasexp-api-0c6d69"":{""active"":0,""idle"":4,""other"":0},""atlasexp-scheduler-best-fit-18e836"":{""active"":1,""idle"":1,""other"":0},""atlasexp-worker-w00-cpu-00-cbc513"":{""active"":0,""idle"":4,""other"":0},""atlasexp-worker-w00-cpu-01-e9ae7d"":{""active"":0,""idle"":4,""other"":0},""atlasexp-worker-w00-cpu-02-a0918d"":{""active"":0,""idle"":4,""other"":0},""atlasexp-worker-w00-cpu-03-6b2c4e"":{""active"":0,""idle"":4,""other"":0},""atlasexp-worker-w00-cpu-04-b6902e"":{""active"":0,""idle"":4,""other"":0},""atlasexp-worker-w00-cpu-05-30bafe"":{""active"":0,""idle"":4,""other"":0},""atlasexp-worker-w00-cpu-06-ec4592"":{""active"":0,""idle"":4,""other"":0},""atlasexp-worker-w00-cpu-07-18bfd7"":{""active"":1,""idle"":3,""other"":0},""atlasexp-worker-w00-cpu-08-4bdd44"":{""active"":0,""idle"":4,""other"":0},""atlasexp-worker-w00-cpu-09-42424c"":{""active"":0,""idle"":4,""other"":0},""atlasexp-worker-w00-cpu-10-7020ed"":{""active"":0,""idle"":4,""other"":0},""atlasexp-worker-w00-cpu-11-2f16bb"":{""active"":0,""idle"":4,""other"":0},""atlasexp-worker-w00-cpu-12-07b2a8"":{""active"":0,""idle"":3,""other"":1},""atlasexp-worker-w00-cpu-13-c31fd1"":{""active"":0,""idle"":4,""other"":0},""atlasexp-worker-w00-cpu-14-1c60ce"":{""active"":0,""idle"":4,""other"":0},""atlasexp-worker-w00-cpu-15-11ba5e"":{""active"":0,""idle"":4,""other"":0}}"
2026-09-30T13:42:41.83675097Z,bench-cpu-w16-best-fit-ropen-t2,1.157513,,2,66,1,0.500000,1528.657000,0,0,0,0,0,,0,0,"{""atlasexp-api-0c6d69"":{""active"":0,""idle"":4,""other"":0},""atlasexp-scheduler-best-fit-18e836"":{""active"":1,""idle"":1,""other"":0},""atlasexp-worker-w00-cpu-00-cbc513"":{""active"":0,""idle"":4,""other"":0},""atlasexp-worker-w00-cpu-01-e9ae7d"":{""active"":0,""idle"":4,""other"":0},""atlasexp-worker-w00-cpu-02-a0918d"":{""active"":0,""idle"":3,""other"":1},""atlasexp-worker-w00-cpu-03-6b2c4e"":{""active"":0,""idle"":4,""other"":0},""atlasexp-worker-w00-cpu-04-b6902e"":{""active"":0,""idle"":4,""other"":0},""atlasexp-worker-w00-cpu-05-30bafe"":{""active"":0,""idle"":4,""other"":0},""atlasexp-worker-w00-cpu-06-ec4592"":{""active"":0,""idle"":4,""other"":0},""atlasexp-worker-w00-cpu-07-18bfd7"":{""active"":0,""idle"":4,""other"":0},""atlasexp-worker-w00-cpu-08-4bdd44"":{""active"":0,""idle"":4,""other"":0},""atlasexp-worker-w00-cpu-09-42424c"":{""active"":0,""idle"":4,""other"":0},""atlasexp-worker-w00-cpu-10-7020ed"":{""active"":0,""idle"":4,""other"":0},""atlasexp-worker-w00-cpu-11-2f16bb"":{""active"":1,""idle"":2,""other"":1},""atlasexp-worker-w00-cpu-12-07b2a8"":{""active"":0,""idle"":4,""other"":0},""atlasexp-worker-w00-cpu-13-c31fd1"":{""active"":0,""idle"":4,""other"":0},""atlasexp-worker-w00-cpu-14-1c60ce"":{""active"":0,""idle"":4,""other"":0},""atlasexp-worker-w00-cpu-15-11ba5e"":{""active"":0,""idle"":4,""other"":0}}"
2026-09-30T13:42:42.086640947Z,bench-cpu-w16-best-fit-ropen-t2,0.760335,,2,66,0,0.000000,1778.461000,0,0,0,0,0,,0,0,"{""atlasexp-api-0c6d69"":{""active"":0,""idle"":4,""other"":0},""atlasexp-scheduler-best-fit-18e836"":{""active"":1,""idle"":1,""other"":0},""atlasexp-worker-w00-cpu-00-cbc513"":{""active"":0,""idle"":4,""other"":0},""atlasexp-worker-w00-cpu-01-e9ae7d"":{""active"":0,""idle"":4,""other"":0},""atlasexp-worker-w00-cpu-02-a0918d"":{""active"":0,""idle"":4,""other"":0},""atlasexp-worker-w00-cpu-03-6b2c4e"":{""active"":0,""idle"":4,""other"":0},""atlasexp-worker-w00-cpu-04-b6902e"":{""active"":0,""idle"":4,""other"":0},""atlasexp-worker-w00-cpu-05-30bafe"":{""active"":0,""idle"":4,""other"":0},""atlasexp-worker-w00-cpu-06-ec4592"":{""active"":0,""idle"":4,""other"":0},""atlasexp-worker-w00-cpu-07-18bfd7"":{""active"":1,""idle"":3,""other"":0},""atlasexp-worker-w00-cpu-08-4bdd44"":{""active"":0,""idle"":3,""other"":1},""atlasexp-worker-w00-cpu-09-42424c"":{""active"":0,""idle"":4,""other"":0},""atlasexp-worker-w00-cpu-10-7020ed"":{""active"":0,""idle"":3,""other"":1},""atlasexp-worker-w00-cpu-11-2f16bb"":{""active"":0,""idle"":4,""other"":0},""atlasexp-worker-w00-cpu-12-07b2a8"":{""active"":0,""idle"":4,""other"":0},""atlasexp-worker-w00-cpu-13-c31fd1"":{""active"":0,""idle"":4,""other"":0},""atlasexp-worker-w00-cpu-14-1c60ce"":{""active"":0,""idle"":4,""other"":0},""atlasexp-worker-w00-cpu-15-11ba5e"":{""active"":0,""idle"":4,""other"":0}}"
2026-09-30T13:42:42.336773582Z,bench-cpu-w16-best-fit-ropen-t2,0.839555,,1,69,0,0.000000,2028.525000,0,0,0,0,0,,0,0,"{""atlasexp-api-0c6d69"":{""active"":0,""idle"":4,""other"":0},""atlasexp-scheduler-best-fit-18e836"":{""active"":0,""idle"":2,""other"":0},""atlasexp-worker-w00-cpu-00-cbc513"":{""active"":0,""idle"":4,""other"":0},""atlasexp-worker-w00-cpu-01-e9ae7d"":{""active"":0,""idle"":4,""other"":0},""atlasexp-worker-w00-cpu-02-a0918d"":{""active"":0,""idle"":4,""other"":0},""atlasexp-worker-w00-cpu-03-6b2c4e"":{""active"":0,""idle"":4,""other"":0},""atlasexp-worker-w00-cpu-04-b6902e"":{""active"":0,""idle"":4,""other"":0},""atlasexp-worker-w00-cpu-05-30bafe"":{""active"":0,""idle"":4,""other"":0},""atlasexp-worker-w00-cpu-06-ec4592"":{""active"":0,""idle"":4,""other"":0},""atlasexp-worker-w00-cpu-07-18bfd7"":{""active"":1,""idle"":3,""other"":0},""atlasexp-worker-w00-cpu-08-4bdd44"":{""active"":0,""idle"":4,""other"":0},""atlasexp-worker-w00-cpu-09-42424c"":{""active"":0,""idle"":4,""other"":0},""atlasexp-worker-w00-cpu-10-7020ed"":{""active"":0,""idle"":4,""other"":0},""atlasexp-worker-w00-cpu-11-2f16bb"":{""active"":0,""idle"":4,""other"":0},""atlasexp-worker-w00-cpu-12-07b2a8"":{""active"":0,""idle"":4,""other"":0},""atlasexp-worker-w00-cpu-13-c31fd1"":{""active"":0,""idle"":4,""other"":0},""atlasexp-worker-w00-cpu-14-1c60ce"":{""active"":0,""idle"":4,""other"":0},""atlasexp-worker-w00-cpu-15-11ba5e"":{""active"":0,""idle"":4,""other"":0}}"
2026-09-30T13:42:42.586604125Z,bench-cpu-w16-best-fit-ropen-t2,0.720488,,2,64,0,0.000000,2278.534000,0,0,0,0,0,,0,0,"{""atlasexp-api-0c6d69"":{""active"":0,""idle"":4,""other"":0},""atlasexp-scheduler-best-fit-18e836"":{""active"":1,""idle"":1,""other"":0},""atlasexp-worker-w00-cpu-00-cbc513"":{""active"":0,""idle"":4,""other"":0},""atlasexp-worker-w00-cpu-01-e9ae7d"":{""active"":0,""idle"":4,""other"":0},""atlasexp-worker-w00-cpu-02-a0918d"":{""active"":0,""idle"":3,""other"":1},""atlasexp-worker-w00-cpu-03-6b2c4e"":{""active"":0,""idle"":4,""other"":0},""atlasexp-worker-w00-cpu-04-b6902e"":{""active"":0,""idle"":4,""other"":0},""atlasexp-worker-w00-cpu-05-30bafe"":{""active"":0,""idle"":4,""other"":0},""atlasexp-worker-w00-cpu-06-ec4592"":{""active"":0,""idle"":4,""other"":0},""atlasexp-worker-w00-cpu-07-18bfd7"":{""active"":1,""idle"":2,""other"":1},""atlasexp-worker-w00-cpu-08-4bdd44"":{""active"":0,""idle"":4,""other"":0},""atlasexp-worker-w00-cpu-09-42424c"":{""active"":0,""idle"":4,""other"":0},""atlasexp-worker-w00-cpu-10-7020ed"":{""active"":0,""idle"":4,""other"":0},""atlasexp-worker-w00-cpu-11-2f16bb"":{""active"":0,""idle"":4,""other"":0},""atlasexp-worker-w00-cpu-12-07b2a8"":{""active"":0,""idle"":3,""other"":1},""atlasexp-worker-w00-cpu-13-c31fd1"":{""active"":0,""idle"":4,""other"":0},""atlasexp-worker-w00-cpu-14-1c60ce"":{""active"":0,""idle"":3,""other"":1},""atlasexp-worker-w00-cpu-15-11ba5e"":{""active"":0,""idle"":4,""other"":0}}"
2026-09-30T13:42:42.836901318Z,bench-cpu-w16-best-fit-ropen-t2,0.519383,,0,70,0,0.000000,2529.087000,0,0,0,0,0,,0,0,"{""atlasexp-api-0c6d69"":{""active"":0,""idle"":4,""other"":0},""atlasexp-scheduler-best-fit-18e836"":{""active"":0,""idle"":2,""other"":0},""atlasexp-worker-w00-cpu-00-cbc513"":{""active"":0,""idle"":4,""other"":0},""atlasexp-worker-w00-cpu-01-e9ae7d"":{""active"":0,""idle"":4,""other"":0},""atlasexp-worker-w00-cpu-02-a0918d"":{""active"":0,""idle"":4,""other"":0},""atlasexp-worker-w00-cpu-03-6b2c4e"":{""active"":0,""idle"":4,""other"":0},""atlasexp-worker-w00-cpu-04-b6902e"":{""active"":0,""idle"":4,""other"":0},""atlasexp-worker-w00-cpu-05-30bafe"":{""active"":0,""idle"":4,""other"":0},""atlasexp-worker-w00-cpu-06-ec4592"":{""active"":0,""idle"":4,""other"":0},""atlasexp-worker-w00-cpu-07-18bfd7"":{""active"":0,""idle"":4,""other"":0},""atlasexp-worker-w00-cpu-08-4bdd44"":{""active"":0,""idle"":4,""other"":0},""atlasexp-worker-w00-cpu-09-42424c"":{""active"":0,""idle"":4,""other"":0},""atlasexp-worker-w00-cpu-10-7020ed"":{""active"":0,""idle"":4,""other"":0},""atlasexp-worker-w00-cpu-11-2f16bb"":{""active"":0,""idle"":4,""other"":0},""atlasexp-worker-w00-cpu-12-07b2a8"":{""active"":0,""idle"":4,""other"":0},""atlasexp-worker-w00-cpu-13-c31fd1"":{""active"":0,""idle"":4,""other"":0},""atlasexp-worker-w00-cpu-14-1c60ce"":{""active"":0,""idle"":4,""other"":0},""atlasexp-worker-w00-cpu-15-11ba5e"":{""active"":0,""idle"":4,""other"":0}}"
2026-09-30T13:42:43.086855721Z,bench-cpu-w16-best-fit-ropen-t2,1.040190,,4,64,1,0.250000,1198.663000,0,0,0,0,0,,0,0,"{""atlasexp-api-0c6d69"":{""active"":0,""idle"":4,""other"":0},""atlasexp-scheduler-best-fit-18e836"":{""active"":0,""idle"":1,""other"":1},""atlasexp-worker-w00-cpu-00-cbc513"":{""active"":0,""idle"":4,""other"":0},""atlasexp-worker-w00-cpu-01-e9ae7d"":{""active"":0,""idle"":4,""other"":0},""atlasexp-worker-w00-cpu-02-a0918d"":{""active"":0,""idle"":4,""other"":0},""atlasexp-worker-w00-cpu-03-6b2c4e"":{""active"":0,""idle"":4,""other"":0},""atlasexp-worker-w00-cpu-04-b6902e"":{""active"":0,""idle"":4,""other"":0},""atlasexp-worker-w00-cpu-05-30bafe"":{""active"":0,""idle"":4,""other"":0},""atlasexp-worker-w00-cpu-06-ec4592"":{""active"":0,""idle"":4,""other"":0},""atlasexp-worker-w00-cpu-07-18bfd7"":{""active"":2,""idle"":2,""other"":0},""atlasexp-worker-w00-cpu-08-4bdd44"":{""active"":1,""idle"":3,""other"":0},""atlasexp-worker-w00-cpu-09-42424c"":{""active"":0,""idle"":4,""other"":0},""atlasexp-worker-w00-cpu-10-7020ed"":{""active"":0,""idle"":4,""other"":0},""atlasexp-worker-w00-cpu-11-2f16bb"":{""active"":1,""idle"":3,""other"":0},""atlasexp-worker-w00-cpu-12-07b2a8"":{""active"":0,""idle"":4,""other"":0},""atlasexp-worker-w00-cpu-13-c31fd1"":{""active"":0,""idle"":4,""other"":0},""atlasexp-worker-w00-cpu-14-1c60ce"":{""active"":0,""idle"":4,""other"":0},""atlasexp-worker-w00-cpu-15-11ba5e"":{""active"":0,""idle"":3,""other"":1}}"
2026-09-30T13:42:43.336877169Z,bench-cpu-w16-best-fit-ropen-t2,1.039911,,3,65,0,0.000000,1448.653000,0,0,0,0,0,,0,0,"{""atlasexp-api-0c6d69"":{""active"":0,""idle"":4,""other"":0},""atlasexp-scheduler-best-fit-18e836"":{""active"":1,""idle"":1,""other"":0},""atlasexp-worker-w00-cpu-00-cbc513"":{""active"":0,""idle"":3,""other"":1},""atlasexp-worker-w00-cpu-01-e9ae7d"":{""active"":0,""idle"":4,""other"":0},""atlasexp-worker-w00-cpu-02-a0918d"":{""active"":0,""idle"":4,""other"":0},""atlasexp-worker-w00-cpu-03-6b2c4e"":{""active"":0,""idle"":4,""other"":0},""atlasexp-worker-w00-cpu-04-b6902e"":{""active"":0,""idle"":4,""other"":0},""atlasexp-worker-w00-cpu-05-30bafe"":{""active"":1,""idle"":3,""other"":0},""atlasexp-worker-w00-cpu-06-ec4592"":{""active"":0,""idle"":4,""other"":0},""atlasexp-worker-w00-cpu-07-18bfd7"":{""active"":0,""idle"":4,""other"":0},""atlasexp-worker-w00-cpu-08-4bdd44"":{""active"":0,""idle"":4,""other"":0},""atlasexp-worker-w00-cpu-09-42424c"":{""active"":0,""idle"":4,""other"":0},""atlasexp-worker-w00-cpu-10-7020ed"":{""active"":0,""idle"":3,""other"":1},""atlasexp-worker-w00-cpu-11-2f16bb"":{""active"":1,""idle"":3,""other"":0},""atlasexp-worker-w00-cpu-12-07b2a8"":{""active"":0,""idle"":4,""other"":0},""atlasexp-worker-w00-cpu-13-c31fd1"":{""active"":0,""idle"":4,""other"":0},""atlasexp-worker-w00-cpu-14-1c60ce"":{""active"":0,""idle"":4,""other"":0},""atlasexp-worker-w00-cpu-15-11ba5e"":{""active"":0,""idle"":4,""other"":0}}"
2026-09-30T13:42:43.586559294Z,bench-cpu-w16-best-fit-ropen-t2,0.881120,,2,67,0,0.000000,1698.371000,0,0,0,0,0,,0,0,"{""atlasexp-api-0c6d69"":{""active"":0,""idle"":4,""other"":0},""atlasexp-scheduler-best-fit-18e836"":{""active"":0,""idle"":1,""other"":1},""atlasexp-worker-w00-cpu-00-cbc513"":{""active"":0,""idle"":4,""other"":0},""atlasexp-worker-w00-cpu-01-e9ae7d"":{""active"":0,""idle"":4,""other"":0},""atlasexp-worker-w00-cpu-02-a0918d"":{""active"":0,""idle"":4,""other"":0},""atlasexp-worker-w00-cpu-03-6b2c4e"":{""active"":0,""idle"":4,""other"":0},""atlasexp-worker-w00-cpu-04-b6902e"":{""active"":0,""idle"":4,""other"":0},""atlasexp-worker-w00-cpu-05-30bafe"":{""active"":0,""idle"":4,""other"":0},""atlasexp-worker-w00-cpu-06-ec4592"":{""active"":0,""idle"":4,""other"":0},""atlasexp-worker-w00-cpu-07-18bfd7"":{""active"":0,""idle"":4,""other"":0},""atlasexp-worker-w00-cpu-08-4bdd44"":{""active"":0,""idle"":4,""other"":0},""atlasexp-worker-w00-cpu-09-42424c"":{""active"":0,""idle"":4,""other"":0},""atlasexp-worker-w00-cpu-10-7020ed"":{""active"":0,""idle"":4,""other"":0},""atlasexp-worker-w00-cpu-11-2f16bb"":{""active"":0,""idle"":4,""other"":0},""atlasexp-worker-w00-cpu-12-07b2a8"":{""active"":0,""idle"":4,""other"":0},""atlasexp-worker-w00-cpu-13-c31fd1"":{""active"":1,""idle"":3,""other"":0},""atlasexp-worker-w00-cpu-14-1c60ce"":{""active"":1,""idle"":3,""other"":0},""atlasexp-worker-w00-cpu-15-11ba5e"":{""active"":0,""idle"":4,""other"":0}}"
2026-09-30T13:42:43.836512104Z,bench-cpu-w16-best-fit-ropen-t2,1.080204,,2,65,0,0.000000,1948.450000,0,0,0,0,0,,0,0,"{""atlasexp-api-0c6d69"":{""active"":0,""idle"":4,""other"":0},""atlasexp-scheduler-best-fit-18e836"":{""active"":1,""idle"":1,""other"":0},""atlasexp-worker-w00-cpu-00-cbc513"":{""active"":0,""idle"":4,""other"":0},""atlasexp-worker-w00-cpu-01-e9ae7d"":{""active"":0,""idle"":4,""other"":0},""atlasexp-worker-w00-cpu-02-a0918d"":{""active"":1,""idle"":3,""other"":0},""atlasexp-worker-w00-cpu-03-6b2c4e"":{""active"":0,""idle"":4,""other"":0},""atlasexp-worker-w00-cpu-04-b6902e"":{""active"":0,""idle"":4,""other"":0},""atlasexp-worker-w00-cpu-05-30bafe"":{""active"":0,""idle"":4,""other"":0},""atlasexp-worker-w00-cpu-06-ec4592"":{""active"":0,""idle"":4,""other"":0},""atlasexp-worker-w00-cpu-07-18bfd7"":{""active"":0,""idle"":4,""other"":0},""atlasexp-worker-w00-cpu-08-4bdd44"":{""active"":0,""idle"":3,""other"":1},""atlasexp-worker-w00-cpu-09-42424c"":{""active"":0,""idle"":4,""other"":0},""atlasexp-worker-w00-cpu-10-7020ed"":{""active"":0,""idle"":4,""other"":0},""atlasexp-worker-w00-cpu-11-2f16bb"":{""active"":0,""idle"":2,""other"":2},""atlasexp-worker-w00-cpu-12-07b2a8"":{""active"":0,""idle"":4,""other"":0},""atlasexp-worker-w00-cpu-13-c31fd1"":{""active"":0,""idle"":4,""other"":0},""atlasexp-worker-w00-cpu-14-1c60ce"":{""active"":0,""idle"":4,""other"":0},""atlasexp-worker-w00-cpu-15-11ba5e"":{""active"":0,""idle"":4,""other"":0}}"
2026-09-30T13:42:44.087251533Z,bench-cpu-w16-best-fit-ropen-t3,0.558349,,4,64,3,0.750000,53.637000,0,0,0,0,0,,0,0,"{""atlasexp-api-0c6d69"":{""active"":4,""idle"":0,""other"":0},""atlasexp-scheduler-best-fit-18e836"":{""active"":0,""idle"":2,""other"":0},""atlasexp-worker-w00-cpu-00-cbc513"":{""active"":0,""idle"":4,""other"":0},""atlasexp-worker-w00-cpu-01-e9ae7d"":{""active"":0,""idle"":4,""other"":0},""atlasexp-worker-w00-cpu-02-a0918d"":{""active"":0,""idle"":4,""other"":0},""atlasexp-worker-w00-cpu-03-6b2c4e"":{""active"":0,""idle"":4,""other"":0},""atlasexp-worker-w00-cpu-04-b6902e"":{""active"":0,""idle"":3,""other"":1},""atlasexp-worker-w00-cpu-05-30bafe"":{""active"":0,""idle"":4,""other"":0},""atlasexp-worker-w00-cpu-06-ec4592"":{""active"":0,""idle"":4,""other"":0},""atlasexp-worker-w00-cpu-07-18bfd7"":{""active"":0,""idle"":3,""other"":1},""atlasexp-worker-w00-cpu-08-4bdd44"":{""active"":0,""idle"":4,""other"":0},""atlasexp-worker-w00-cpu-09-42424c"":{""active"":0,""idle"":4,""other"":0},""atlasexp-worker-w00-cpu-10-7020ed"":{""active"":0,""idle"":4,""other"":0},""atlasexp-worker-w00-cpu-11-2f16bb"":{""active"":0,""idle"":4,""other"":0},""atlasexp-worker-w00-cpu-12-07b2a8"":{""active"":0,""idle"":4,""other"":0},""atlasexp-worker-w00-cpu-13-c31fd1"":{""active"":0,""idle"":4,""other"":0},""atlasexp-worker-w00-cpu-14-1c60ce"":{""active"":0,""idle"":4,""other"":0},""atlasexp-worker-w00-cpu-15-11ba5e"":{""active"":0,""idle"":4,""other"":0}}"
2026-09-30T13:42:44.336561332Z,bench-cpu-w16-best-fit-ropen-t3,1.243433,,5,63,4,0.800000,202.736000,0,0,0,0,0,,0,0,"{""atlasexp-api-0c6d69"":{""active"":4,""idle"":0,""other"":0},""atlasexp-scheduler-best-fit-18e836"":{""active"":1,""idle"":1,""other"":0},""atlasexp-worker-w00-cpu-00-cbc513"":{""active"":0,""idle"":3,""other"":1},""atlasexp-worker-w00-cpu-01-e9ae7d"":{""active"":0,""idle"":4,""other"":0},""atlasexp-worker-w00-cpu-02-a0918d"":{""active"":0,""idle"":4,""other"":0},""atlasexp-worker-w00-cpu-03-6b2c4e"":{""active"":0,""idle"":4,""other"":0},""atlasexp-worker-w00-cpu-04-b6902e"":{""active"":0,""idle"":4,""other"":0},""atlasexp-worker-w00-cpu-05-30bafe"":{""active"":0,""idle"":4,""other"":0},""atlasexp-worker-w00-cpu-06-ec4592"":{""active"":0,""idle"":4,""other"":0},""atlasexp-worker-w00-cpu-07-18bfd7"":{""active"":0,""idle"":3,""other"":1},""atlasexp-worker-w00-cpu-08-4bdd44"":{""active"":0,""idle"":4,""other"":0},""atlasexp-worker-w00-cpu-09-42424c"":{""active"":0,""idle"":4,""other"":0},""atlasexp-worker-w00-cpu-10-7020ed"":{""active"":0,""idle"":4,""other"":0},""atlasexp-worker-w00-cpu-11-2f16bb"":{""active"":0,""idle"":4,""other"":0},""atlasexp-worker-w00-cpu-12-07b2a8"":{""active"":0,""idle"":4,""other"":0},""atlasexp-worker-w00-cpu-13-c31fd1"":{""active"":0,""idle"":4,""other"":0},""atlasexp-worker-w00-cpu-14-1c60ce"":{""active"":0,""idle"":4,""other"":0},""atlasexp-worker-w00-cpu-15-11ba5e"":{""active"":0,""idle"":4,""other"":0}}"
2026-09-30T13:42:44.586121955Z,bench-cpu-w16-best-fit-ropen-t3,0.921620,,5,64,3,0.600000,452.343000,0,0,0,0,0,,0,0,"{""atlasexp-api-0c6d69"":{""active"":4,""idle"":0,""other"":0},""atlasexp-scheduler-best-fit-18e836"":{""active"":0,""idle"":1,""other"":1},""atlasexp-worker-w00-cpu-00-cbc513"":{""active"":0,""idle"":4,""other"":0},""atlasexp-worker-w00-cpu-01-e9ae7d"":{""active"":0,""idle"":4,""other"":0},""atlasexp-worker-w00-cpu-02-a0918d"":{""active"":0,""idle"":4,""other"":0},""atlasexp-worker-w00-cpu-03-6b2c4e"":{""active"":0,""idle"":4,""other"":0},""atlasexp-worker-w00-cpu-04-b6902e"":{""active"":0,""idle"":4,""other"":0},""atlasexp-worker-w00-cpu-05-30bafe"":{""active"":0,""idle"":4,""other"":0},""atlasexp-worker-w00-cpu-06-ec4592"":{""active"":0,""idle"":4,""other"":0},""atlasexp-worker-w00-cpu-07-18bfd7"":{""active"":0,""idle"":4,""other"":0},""atlasexp-worker-w00-cpu-08-4bdd44"":{""active"":0,""idle"":4,""other"":0},""atlasexp-worker-w00-cpu-09-42424c"":{""active"":0,""idle"":4,""other"":0},""atlasexp-worker-w00-cpu-10-7020ed"":{""active"":0,""idle"":4,""other"":0},""atlasexp-worker-w00-cpu-11-2f16bb"":{""active"":1,""idle"":3,""other"":0},""atlasexp-worker-w00-cpu-12-07b2a8"":{""active"":0,""idle"":4,""other"":0},""atlasexp-worker-w00-cpu-13-c31fd1"":{""active"":0,""idle"":4,""other"":0},""atlasexp-worker-w00-cpu-14-1c60ce"":{""active"":0,""idle"":4,""other"":0},""atlasexp-worker-w00-cpu-15-11ba5e"":{""active"":0,""idle"":4,""other"":0}}"
2026-09-30T13:42:44.83662217Z,bench-cpu-w16-best-fit-ropen-t3,1.556885,,6,63,4,0.666667,209.755000,0,0,0,0,0,,0,0,"{""atlasexp-api-0c6d69"":{""active"":4,""idle"":0,""other"":0},""atlasexp-scheduler-best-fit-18e836"":{""active"":1,""idle"":1,""other"":0},""atlasexp-worker-w00-cpu-00-cbc513"":{""active"":0,""idle"":3,""other"":1},""atlasexp-worker-w00-cpu-01-e9ae7d"":{""active"":0,""idle"":4,""other"":0},""atlasexp-worker-w00-cpu-02-a0918d"":{""active"":0,""idle"":4,""other"":0},""atlasexp-worker-w00-cpu-03-6b2c4e"":{""active"":0,""idle"":4,""other"":0},""atlasexp-worker-w00-cpu-04-b6902e"":{""active"":0,""idle"":4,""other"":0},""atlasexp-worker-w00-cpu-05-30bafe"":{""active"":0,""idle"":4,""other"":0},""atlasexp-worker-w00-cpu-06-ec4592"":{""active"":0,""idle"":4,""other"":0},""atlasexp-worker-w00-cpu-07-18bfd7"":{""active"":1,""idle"":3,""other"":0},""atlasexp-worker-w00-cpu-08-4bdd44"":{""active"":0,""idle"":4,""other"":0},""atlasexp-worker-w00-cpu-09-42424c"":{""active"":0,""idle"":4,""other"":0},""atlasexp-worker-w00-cpu-10-7020ed"":{""active"":0,""idle"":4,""other"":0},""atlasexp-worker-w00-cpu-11-2f16bb"":{""active"":0,""idle"":4,""other"":0},""atlasexp-worker-w00-cpu-12-07b2a8"":{""active"":0,""idle"":4,""other"":0},""atlasexp-worker-w00-cpu-13-c31fd1"":{""active"":0,""idle"":4,""other"":0},""atlasexp-worker-w00-cpu-14-1c60ce"":{""active"":0,""idle"":4,""other"":0},""atlasexp-worker-w00-cpu-15-11ba5e"":{""active"":0,""idle"":4,""other"":0}}"
2026-09-30T13:42:45.086486005Z,bench-cpu-w16-best-fit-ropen-t3,1.040567,,7,62,4,0.571429,459.516000,0,0,0,0,0,,0,0,"{""atlasexp-api-0c6d69"":{""active"":4,""idle"":0,""other"":0},""atlasexp-scheduler-best-fit-18e836"":{""active"":1,""idle"":1,""other"":0},""atlasexp-worker-w00-cpu-00-cbc513"":{""active"":0,""idle"":4,""other"":0},""atlasexp-worker-w00-cpu-01-e9ae7d"":{""active"":0,""idle"":4,""other"":0},""atlasexp-worker-w00-cpu-02-a0918d"":{""active"":0,""idle"":4,""other"":0},""atlasexp-worker-w00-cpu-03-6b2c4e"":{""active"":0,""idle"":4,""other"":0},""atlasexp-worker-w00-cpu-04-b6902e"":{""active"":0,""idle"":4,""other"":0},""atlasexp-worker-w00-cpu-05-30bafe"":{""active"":0,""idle"":4,""other"":0},""atlasexp-worker-w00-cpu-06-ec4592"":{""active"":0,""idle"":4,""other"":0},""atlasexp-worker-w00-cpu-07-18bfd7"":{""active"":1,""idle"":3,""other"":0},""atlasexp-worker-w00-cpu-08-4bdd44"":{""active"":0,""idle"":3,""other"":1},""atlasexp-worker-w00-cpu-09-42424c"":{""active"":0,""idle"":4,""other"":0},""atlasexp-worker-w00-cpu-10-7020ed"":{""active"":0,""idle"":4,""other"":0},""atlasexp-worker-w00-cpu-11-2f16bb"":{""active"":1,""idle"":3,""other"":0},""atlasexp-worker-w00-cpu-12-07b2a8"":{""active"":0,""idle"":4,""other"":0},""atlasexp-worker-w00-cpu-13-c31fd1"":{""active"":0,""idle"":4,""other"":0},""atlasexp-worker-w00-cpu-14-1c60ce"":{""active"":0,""idle"":4,""other"":0},""atlasexp-worker-w00-cpu-15-11ba5e"":{""active"":0,""idle"":4,""other"":0}}"
2026-09-30T13:42:45.337143291Z,bench-cpu-w16-best-fit-ropen-t3,1.117063,,5,64,4,0.800000,710.307000,0,0,0,0,0,,0,0,"{""atlasexp-api-0c6d69"":{""active"":4,""idle"":0,""other"":0},""atlasexp-scheduler-best-fit-18e836"":{""active"":1,""idle"":1,""other"":0},""atlasexp-worker-w00-cpu-00-cbc513"":{""active"":0,""idle"":4,""other"":0},""atlasexp-worker-w00-cpu-01-e9ae7d"":{""active"":0,""idle"":4,""other"":0},""atlasexp-worker-w00-cpu-02-a0918d"":{""active"":0,""idle"":3,""other"":1},""atlasexp-worker-w00-cpu-03-6b2c4e"":{""active"":0,""idle"":4,""other"":0},""atlasexp-worker-w00-cpu-04-b6902e"":{""active"":0,""idle"":4,""other"":0},""atlasexp-worker-w00-cpu-05-30bafe"":{""active"":0,""idle"":4,""other"":0},""atlasexp-worker-w00-cpu-06-ec4592"":{""active"":0,""idle"":4,""other"":0},""atlasexp-worker-w00-cpu-07-18bfd7"":{""active"":0,""idle"":4,""other"":0},""atlasexp-worker-w00-cpu-08-4bdd44"":{""active"":0,""idle"":4,""other"":0},""atlasexp-worker-w00-cpu-09-42424c"":{""active"":0,""idle"":4,""other"":0},""atlasexp-worker-w00-cpu-10-7020ed"":{""active"":0,""idle"":4,""other"":0},""atlasexp-worker-w00-cpu-11-2f16bb"":{""active"":0,""idle"":4,""other"":0},""atlasexp-worker-w00-cpu-12-07b2a8"":{""active"":0,""idle"":4,""other"":0},""atlasexp-worker-w00-cpu-13-c31fd1"":{""active"":0,""idle"":4,""other"":0},""atlasexp-worker-w00-cpu-14-1c60ce"":{""active"":0,""idle"":4,""other"":0},""atlasexp-worker-w00-cpu-15-11ba5e"":{""active"":0,""idle"":4,""other"":0}}"
2026-09-30T13:42:45.586343537Z,bench-cpu-w16-best-fit-ropen-t3,1.163723,,6,64,4,0.666667,959.244000,0,0,0,0,0,,0,0,"{""atlasexp-api-0c6d69"":{""active"":4,""idle"":0,""other"":0},""atlasexp-scheduler-best-fit-18e836"":{""active"":1,""idle"":1,""other"":0},""atlasexp-worker-w00-cpu-00-cbc513"":{""active"":0,""idle"":4,""other"":0},""atlasexp-worker-w00-cpu-01-e9ae7d"":{""active"":0,""idle"":4,""other"":0},""atlasexp-worker-w00-cpu-02-a0918d"":{""active"":0,""idle"":4,""other"":0},""atlasexp-worker-w00-cpu-03-6b2c4e"":{""active"":0,""idle"":4,""other"":0},""atlasexp-worker-w00-cpu-04-b6902e"":{""active"":0,""idle"":4,""other"":0},""atlasexp-worker-w00-cpu-05-30bafe"":{""active"":0,""idle"":4,""other"":0},""atlasexp-worker-w00-cpu-06-ec4592"":{""active"":0,""idle"":4,""other"":0},""atlasexp-worker-w00-cpu-07-18bfd7"":{""active"":0,""idle"":4,""other"":0},""atlasexp-worker-w00-cpu-08-4bdd44"":{""active"":0,""idle"":4,""other"":0},""atlasexp-worker-w00-cpu-09-42424c"":{""active"":0,""idle"":4,""other"":0},""atlasexp-worker-w00-cpu-10-7020ed"":{""active"":0,""idle"":4,""other"":0},""atlasexp-worker-w00-cpu-11-2f16bb"":{""active"":1,""idle"":3,""other"":0},""atlasexp-worker-w00-cpu-12-07b2a8"":{""active"":0,""idle"":4,""other"":0},""atlasexp-worker-w00-cpu-13-c31fd1"":{""active"":0,""idle"":4,""other"":0},""atlasexp-worker-w00-cpu-14-1c60ce"":{""active"":0,""idle"":4,""other"":0},""atlasexp-worker-w00-cpu-15-11ba5e"":{""active"":0,""idle"":4,""other"":0}}"
2026-09-30T13:42:45.837235463Z,bench-cpu-w16-best-fit-ropen-t3,0.996445,,0,65,0,0.000000,1210.834000,0,0,0,0,0,,0,0,"{""atlasexp-api-0c6d69"":{""active"":0,""idle"":4,""other"":0},""atlasexp-scheduler-best-fit-18e836"":{""active"":0,""idle"":1,""other"":1},""atlasexp-worker-w00-cpu-00-cbc513"":{""active"":0,""idle"":4,""other"":0},""atlasexp-worker-w00-cpu-01-e9ae7d"":{""active"":0,""idle"":4,""other"":0},""atlasexp-worker-w00-cpu-02-a0918d"":{""active"":0,""idle"":3,""other"":1},""atlasexp-worker-w00-cpu-03-6b2c4e"":{""active"":0,""idle"":4,""other"":0},""atlasexp-worker-w00-cpu-04-b6902e"":{""active"":0,""idle"":4,""other"":0},""atlasexp-worker-w00-cpu-05-30bafe"":{""active"":0,""idle"":4,""other"":0},""atlasexp-worker-w00-cpu-06-ec4592"":{""active"":0,""idle"":4,""other"":0},""atlasexp-worker-w00-cpu-07-18bfd7"":{""active"":0,""idle"":3,""other"":1},""atlasexp-worker-w00-cpu-08-4bdd44"":{""active"":0,""idle"":4,""other"":0},""atlasexp-worker-w00-cpu-09-42424c"":{""active"":0,""idle"":4,""other"":0},""atlasexp-worker-w00-cpu-10-7020ed"":{""active"":0,""idle"":2,""other"":2},""atlasexp-worker-w00-cpu-11-2f16bb"":{""active"":0,""idle"":4,""other"":0},""atlasexp-worker-w00-cpu-12-07b2a8"":{""active"":0,""idle"":4,""other"":0},""atlasexp-worker-w00-cpu-13-c31fd1"":{""active"":0,""idle"":4,""other"":0},""atlasexp-worker-w00-cpu-14-1c60ce"":{""active"":0,""idle"":4,""other"":0},""atlasexp-worker-w00-cpu-15-11ba5e"":{""active"":0,""idle"":4,""other"":0}}"
2026-09-30T13:42:46.086472694Z,bench-cpu-w16-best-fit-ropen-t3,0.481469,,3,65,0,0.000000,1459.590000,0,0,0,0,0,,0,0,"{""atlasexp-api-0c6d69"":{""active"":0,""idle"":4,""other"":0},""atlasexp-scheduler-best-fit-18e836"":{""active"":1,""idle"":1,""other"":0},""atlasexp-worker-w00-cpu-00-cbc513"":{""active"":0,""idle"":4,""other"":0},""atlasexp-worker-w00-cpu-01-e9ae7d"":{""active"":0,""idle"":4,""other"":0},""atlasexp-worker-w00-cpu-02-a0918d"":{""active"":0,""idle"":4,""other"":0},""atlasexp-worker-w00-cpu-03-6b2c4e"":{""active"":0,""idle"":3,""other"":1},""atlasexp-worker-w00-cpu-04-b6902e"":{""active"":0,""idle"":3,""other"":1},""atlasexp-worker-w00-cpu-05-30bafe"":{""active"":0,""idle"":4,""other"":0},""atlasexp-worker-w00-cpu-06-ec4592"":{""active"":0,""idle"":4,""other"":0},""atlasexp-worker-w00-cpu-07-18bfd7"":{""active"":1,""idle"":3,""other"":0},""atlasexp-worker-w00-cpu-08-4bdd44"":{""active"":0,""idle"":4,""other"":0},""atlasexp-worker-w00-cpu-09-42424c"":{""active"":1,""idle"":3,""other"":0},""atlasexp-worker-w00-cpu-10-7020ed"":{""active"":0,""idle"":4,""other"":0},""atlasexp-worker-w00-cpu-11-2f16bb"":{""active"":0,""idle"":4,""other"":0},""atlasexp-worker-w00-cpu-12-07b2a8"":{""active"":0,""idle"":4,""other"":0},""atlasexp-worker-w00-cpu-13-c31fd1"":{""active"":0,""idle"":4,""other"":0},""atlasexp-worker-w00-cpu-14-1c60ce"":{""active"":0,""idle"":4,""other"":0},""atlasexp-worker-w00-cpu-15-11ba5e"":{""active"":0,""idle"":4,""other"":0}}"
2026-09-30T13:42:46.336915179Z,bench-cpu-w16-best-fit-ropen-t3,1.078092,,2,67,0,0.000000,1710.174000,0,0,0,0,0,,0,0,"{""atlasexp-api-0c6d69"":{""active"":0,""idle"":4,""other"":0},""atlasexp-scheduler-best-fit-18e836"":{""active"":1,""idle"":1,""other"":0},""atlasexp-worker-w00-cpu-00-cbc513"":{""active"":0,""idle"":4,""other"":0},""atlasexp-worker-w00-cpu-01-e9ae7d"":{""active"":0,""idle"":4,""other"":0},""atlasexp-worker-w00-cpu-02-a0918d"":{""active"":0,""idle"":3,""other"":1},""atlasexp-worker-w00-cpu-03-6b2c4e"":{""active"":0,""idle"":4,""other"":0},""atlasexp-worker-w00-cpu-04-b6902e"":{""active"":0,""idle"":4,""other"":0},""atlasexp-worker-w00-cpu-05-30bafe"":{""active"":0,""idle"":4,""other"":0},""atlasexp-worker-w00-cpu-06-ec4592"":{""active"":0,""idle"":4,""other"":0},""atlasexp-worker-w00-cpu-07-18bfd7"":{""active"":1,""idle"":3,""other"":0},""atlasexp-worker-w00-cpu-08-4bdd44"":{""active"":0,""idle"":4,""other"":0},""atlasexp-worker-w00-cpu-09-42424c"":{""active"":0,""idle"":4,""other"":0},""atlasexp-worker-w00-cpu-10-7020ed"":{""active"":0,""idle"":4,""other"":0},""atlasexp-worker-w00-cpu-11-2f16bb"":{""active"":0,""idle"":4,""other"":0},""atlasexp-worker-w00-cpu-12-07b2a8"":{""active"":0,""idle"":4,""other"":0},""atlasexp-worker-w00-cpu-13-c31fd1"":{""active"":0,""idle"":4,""other"":0},""atlasexp-worker-w00-cpu-14-1c60ce"":{""active"":0,""idle"":4,""other"":0},""atlasexp-worker-w00-cpu-15-11ba5e"":{""active"":0,""idle"":4,""other"":0}}"
2026-09-30T13:42:46.587157058Z,bench-cpu-w16-best-fit-ropen-t3,0.719304,,1,68,0,0.000000,1960.197000,0,0,0,0,0,,0,0,"{""atlasexp-api-0c6d69"":{""active"":0,""idle"":4,""other"":0},""atlasexp-scheduler-best-fit-18e836"":{""active"":0,""idle"":1,""other"":1},""atlasexp-worker-w00-cpu-00-cbc513"":{""active"":0,""idle"":4,""other"":0},""atlasexp-worker-w00-cpu-01-e9ae7d"":{""active"":0,""idle"":4,""other"":0},""atlasexp-worker-w00-cpu-02-a0918d"":{""active"":0,""idle"":4,""other"":0},""atlasexp-worker-w00-cpu-03-6b2c4e"":{""active"":0,""idle"":4,""other"":0},""atlasexp-worker-w00-cpu-04-b6902e"":{""active"":0,""idle"":4,""other"":0},""atlasexp-worker-w00-cpu-05-30bafe"":{""active"":0,""idle"":4,""other"":0},""atlasexp-worker-w00-cpu-06-ec4592"":{""active"":0,""idle"":4,""other"":0},""atlasexp-worker-w00-cpu-07-18bfd7"":{""active"":1,""idle"":3,""other"":0},""atlasexp-worker-w00-cpu-08-4bdd44"":{""active"":0,""idle"":4,""other"":0},""atlasexp-worker-w00-cpu-09-42424c"":{""active"":0,""idle"":4,""other"":0},""atlasexp-worker-w00-cpu-10-7020ed"":{""active"":0,""idle"":4,""other"":0},""atlasexp-worker-w00-cpu-11-2f16bb"":{""active"":0,""idle"":4,""other"":0},""atlasexp-worker-w00-cpu-12-07b2a8"":{""active"":0,""idle"":4,""other"":0},""atlasexp-worker-w00-cpu-13-c31fd1"":{""active"":0,""idle"":4,""other"":0},""atlasexp-worker-w00-cpu-14-1c60ce"":{""active"":0,""idle"":4,""other"":0},""atlasexp-worker-w00-cpu-15-11ba5e"":{""active"":0,""idle"":4,""other"":0}}"
2026-09-30T13:42:46.836873816Z,bench-cpu-w16-best-fit-ropen-t3,0.360408,,0,69,0,0.000000,2210.383000,0,0,0,0,0,,0,0,"{""atlasexp-api-0c6d69"":{""active"":0,""idle"":4,""other"":0},""atlasexp-scheduler-best-fit-18e836"":{""active"":0,""idle"":1,""other"":1},""atlasexp-worker-w00-cpu-00-cbc513"":{""active"":0,""idle"":4,""other"":0},""atlasexp-worker-w00-cpu-01-e9ae7d"":{""active"":0,""idle"":4,""other"":0},""atlasexp-worker-w00-cpu-02-a0918d"":{""active"":0,""idle"":4,""other"":0},""atlasexp-worker-w00-cpu-03-6b2c4e"":{""active"":0,""idle"":4,""other"":0},""atlasexp-worker-w00-cpu-04-b6902e"":{""active"":0,""idle"":4,""other"":0},""atlasexp-worker-w00-cpu-05-30bafe"":{""active"":0,""idle"":4,""other"":0},""atlasexp-worker-w00-cpu-06-ec4592"":{""active"":0,""idle"":4,""other"":0},""atlasexp-worker-w00-cpu-07-18bfd7"":{""active"":0,""idle"":4,""other"":0},""atlasexp-worker-w00-cpu-08-4bdd44"":{""active"":0,""idle"":4,""other"":0},""atlasexp-worker-w00-cpu-09-42424c"":{""active"":0,""idle"":4,""other"":0},""atlasexp-worker-w00-cpu-10-7020ed"":{""active"":0,""idle"":4,""other"":0},""atlasexp-worker-w00-cpu-11-2f16bb"":{""active"":0,""idle"":4,""other"":0},""atlasexp-worker-w00-cpu-12-07b2a8"":{""active"":0,""idle"":4,""other"":0},""atlasexp-worker-w00-cpu-13-c31fd1"":{""active"":0,""idle"":4,""other"":0},""atlasexp-worker-w00-cpu-14-1c60ce"":{""active"":0,""idle"":4,""other"":0},""atlasexp-worker-w00-cpu-15-11ba5e"":{""active"":0,""idle"":4,""other"":0}}"
2026-09-30T13:42:47.086312866Z,bench-cpu-w16-best-fit-ropen-t3,0.641439,,2,68,0,0.000000,2459.392000,0,0,0,0,0,,0,0,"{""atlasexp-api-0c6d69"":{""active"":0,""idle"":4,""other"":0},""atlasexp-scheduler-best-fit-18e836"":{""active"":0,""idle"":2,""other"":0},""atlasexp-worker-w00-cpu-00-cbc513"":{""active"":0,""idle"":4,""other"":0},""atlasexp-worker-w00-cpu-01-e9ae7d"":{""active"":0,""idle"":4,""other"":0},""atlasexp-worker-w00-cpu-02-a0918d"":{""active"":0,""idle"":4,""other"":0},""atlasexp-worker-w00-cpu-03-6b2c4e"":{""active"":0,""idle"":4,""other"":0},""atlasexp-worker-w00-cpu-04-b6902e"":{""active"":0,""idle"":4,""other"":0},""atlasexp-worker-w00-cpu-05-30bafe"":{""active"":0,""idle"":4,""other"":0},""atlasexp-worker-w00-cpu-06-ec4592"":{""active"":0,""idle"":4,""other"":0},""atlasexp-worker-w00-cpu-07-18bfd7"":{""active"":1,""idle"":3,""other"":0},""atlasexp-worker-w00-cpu-08-4bdd44"":{""active"":0,""idle"":4,""other"":0},""atlasexp-worker-w00-cpu-09-42424c"":{""active"":0,""idle"":4,""other"":0},""atlasexp-worker-w00-cpu-10-7020ed"":{""active"":0,""idle"":4,""other"":0},""atlasexp-worker-w00-cpu-11-2f16bb"":{""active"":1,""idle"":3,""other"":0},""atlasexp-worker-w00-cpu-12-07b2a8"":{""active"":0,""idle"":4,""other"":0},""atlasexp-worker-w00-cpu-13-c31fd1"":{""active"":0,""idle"":4,""other"":0},""atlasexp-worker-w00-cpu-14-1c60ce"":{""active"":0,""idle"":4,""other"":0},""atlasexp-worker-w00-cpu-15-11ba5e"":{""active"":0,""idle"":4,""other"":0}}"
2026-09-30T13:42:47.336548964Z,bench-cpu-w16-best-fit-ropen-t3,1.039019,,3,66,0,0.000000,1094.641000,0,0,0,0,0,,0,0,"{""atlasexp-api-0c6d69"":{""active"":0,""idle"":4,""other"":0},""atlasexp-scheduler-best-fit-18e836"":{""active"":0,""idle"":1,""other"":1},""atlasexp-worker-w00-cpu-00-cbc513"":{""active"":0,""idle"":4,""other"":0},""atlasexp-worker-w00-cpu-01-e9ae7d"":{""active"":0,""idle"":4,""other"":0},""atlasexp-worker-w00-cpu-02-a0918d"":{""active"":0,""idle"":4,""other"":0},""atlasexp-worker-w00-cpu-03-6b2c4e"":{""active"":0,""idle"":4,""other"":0},""atlasexp-worker-w00-cpu-04-b6902e"":{""active"":0,""idle"":4,""other"":0},""atlasexp-worker-w00-cpu-05-30bafe"":{""active"":0,""idle"":4,""other"":0},""atlasexp-worker-w00-cpu-06-ec4592"":{""active"":0,""idle"":4,""other"":0},""atlasexp-worker-w00-cpu-07-18bfd7"":{""active"":1,""idle"":3,""other"":0},""atlasexp-worker-w00-cpu-08-4bdd44"":{""active"":0,""idle"":4,""other"":0},""atlasexp-worker-w00-cpu-09-42424c"":{""active"":1,""idle"":3,""other"":0},""atlasexp-worker-w00-cpu-10-7020ed"":{""active"":0,""idle"":4,""other"":0},""atlasexp-worker-w00-cpu-11-2f16bb"":{""active"":1,""idle"":3,""other"":0},""atlasexp-worker-w00-cpu-12-07b2a8"":{""active"":0,""idle"":4,""other"":0},""atlasexp-worker-w00-cpu-13-c31fd1"":{""active"":0,""idle"":4,""other"":0},""atlasexp-worker-w00-cpu-14-1c60ce"":{""active"":0,""idle"":4,""other"":0},""atlasexp-worker-w00-cpu-15-11ba5e"":{""active"":0,""idle"":4,""other"":0}}"
2026-09-30T13:42:47.586341845Z,bench-cpu-w16-best-fit-ropen-t3,1.000829,,5,64,1,0.200000,1344.591000,0,0,0,0,0,,0,0,"{""atlasexp-api-0c6d69"":{""active"":0,""idle"":4,""other"":0},""atlasexp-scheduler-best-fit-18e836"":{""active"":1,""idle"":1,""other"":0},""atlasexp-worker-w00-cpu-00-cbc513"":{""active"":0,""idle"":4,""other"":0},""atlasexp-worker-w00-cpu-01-e9ae7d"":{""active"":0,""idle"":4,""other"":0},""atlasexp-worker-w00-cpu-02-a0918d"":{""active"":1,""idle"":3,""other"":0},""atlasexp-worker-w00-cpu-03-6b2c4e"":{""active"":0,""idle"":4,""other"":0},""atlasexp-worker-w00-cpu-04-b6902e"":{""active"":0,""idle"":4,""other"":0},""atlasexp-worker-w00-cpu-05-30bafe"":{""active"":0,""idle"":4,""other"":0},""atlasexp-worker-w00-cpu-06-ec4592"":{""active"":0,""idle"":4,""other"":0},""atlasexp-worker-w00-cpu-07-18bfd7"":{""active"":2,""idle"":2,""other"":0},""atlasexp-worker-w00-cpu-08-4bdd44"":{""active"":0,""idle"":4,""other"":0},""atlasexp-worker-w00-cpu-09-42424c"":{""active"":0,""idle"":4,""other"":0},""atlasexp-worker-w00-cpu-10-7020ed"":{""active"":0,""idle"":4,""other"":0},""atlasexp-worker-w00-cpu-11-2f16bb"":{""active"":1,""idle"":3,""other"":0},""atlasexp-worker-w00-cpu-12-07b2a8"":{""active"":0,""idle"":4,""other"":0},""atlasexp-worker-w00-cpu-13-c31fd1"":{""active"":0,""idle"":4,""other"":0},""atlasexp-worker-w00-cpu-14-1c60ce"":{""active"":0,""idle"":4,""other"":0},""atlasexp-worker-w00-cpu-15-11ba5e"":{""active"":0,""idle"":3,""other"":1}}"
2026-09-30T13:42:47.837133962Z,bench-cpu-w16-best-fit-ropen-t3,1.156336,,0,69,0,0.000000,1595.517000,0,0,0,0,0,,0,0,"{""atlasexp-api-0c6d69"":{""active"":0,""idle"":4,""other"":0},""atlasexp-scheduler-best-fit-18e836"":{""active"":0,""idle"":1,""other"":1},""atlasexp-worker-w00-cpu-00-cbc513"":{""active"":0,""idle"":4,""other"":0},""atlasexp-worker-w00-cpu-01-e9ae7d"":{""active"":0,""idle"":4,""other"":0},""atlasexp-worker-w00-cpu-02-a0918d"":{""active"":0,""idle"":4,""other"":0},""atlasexp-worker-w00-cpu-03-6b2c4e"":{""active"":0,""idle"":4,""other"":0},""atlasexp-worker-w00-cpu-04-b6902e"":{""active"":0,""idle"":4,""other"":0},""atlasexp-worker-w00-cpu-05-30bafe"":{""active"":0,""idle"":4,""other"":0},""atlasexp-worker-w00-cpu-06-ec4592"":{""active"":0,""idle"":4,""other"":0},""atlasexp-worker-w00-cpu-07-18bfd7"":{""active"":0,""idle"":4,""other"":0},""atlasexp-worker-w00-cpu-08-4bdd44"":{""active"":0,""idle"":4,""other"":0},""atlasexp-worker-w00-cpu-09-42424c"":{""active"":0,""idle"":4,""other"":0},""atlasexp-worker-w00-cpu-10-7020ed"":{""active"":0,""idle"":4,""other"":0},""atlasexp-worker-w00-cpu-11-2f16bb"":{""active"":0,""idle"":4,""other"":0},""atlasexp-worker-w00-cpu-12-07b2a8"":{""active"":0,""idle"":4,""other"":0},""atlasexp-worker-w00-cpu-13-c31fd1"":{""active"":0,""idle"":4,""other"":0},""atlasexp-worker-w00-cpu-14-1c60ce"":{""active"":0,""idle"":4,""other"":0},""atlasexp-worker-w00-cpu-15-11ba5e"":{""active"":0,""idle"":4,""other"":0}}"
2026-09-30T13:42:48.086197991Z,bench-cpu-w16-best-fit-ropen-t3,0.803006,,3,66,0,0.000000,1845.010000,0,0,0,0,0,,0,0,"{""atlasexp-api-0c6d69"":{""active"":0,""idle"":4,""other"":0},""atlasexp-scheduler-best-fit-18e836"":{""active"":0,""idle"":2,""other"":0},""atlasexp-worker-w00-cpu-00-cbc513"":{""active"":1,""idle"":3,""other"":0},""atlasexp-worker-w00-cpu-01-e9ae7d"":{""active"":0,""idle"":4,""other"":0},""atlasexp-worker-w00-cpu-02-a0918d"":{""active"":0,""idle"":4,""other"":0},""atlasexp-worker-w00-cpu-03-6b2c4e"":{""active"":0,""idle"":4,""other"":0},""atlasexp-worker-w00-cpu-04-b6902e"":{""active"":0,""idle"":4,""other"":0},""atlasexp-worker-w00-cpu-05-30bafe"":{""active"":0,""idle"":4,""other"":0},""atlasexp-worker-w00-cpu-06-ec4592"":{""active"":1,""idle"":3,""other"":0},""atlasexp-worker-w00-cpu-07-18bfd7"":{""active"":0,""idle"":4,""other"":0},""atlasexp-worker-w00-cpu-08-4bdd44"":{""active"":1,""idle"":3,""other"":0},""atlasexp-worker-w00-cpu-09-42424c"":{""active"":0,""idle"":4,""other"":0},""atlasexp-worker-w00-cpu-10-7020ed"":{""active"":0,""idle"":4,""other"":0},""atlasexp-worker-w00-cpu-11-2f16bb"":{""active"":0,""idle"":4,""other"":0},""atlasexp-worker-w00-cpu-12-07b2a8"":{""active"":0,""idle"":4,""other"":0},""atlasexp-worker-w00-cpu-13-c31fd1"":{""active"":0,""idle"":3,""other"":1},""atlasexp-worker-w00-cpu-14-1c60ce"":{""active"":0,""idle"":4,""other"":0},""atlasexp-worker-w00-cpu-15-11ba5e"":{""active"":0,""idle"":4,""other"":0}}"
