at,scenario_id,db_cpu_core_equivalents,proc_cpu_error,active_app_connections,idle_app_connections,lock_waiters,sampled_lock_wait_fraction,oldest_ready_age_ms,gpu_reserved_vram_mb,gpu_capacity_vram_mb,gpu_free_vram_mb,gpu_available_devices,gpu_reserved_devices,gpu_reservation_ratio,subthreshold_available_vram_slack_for_16gb_job_mb,whole_device_stranded_vram_mb,connections_by_application
2026-09-30T13:51:46.900051368Z,startup,,CPU sampler warming up,0,5,0,0.000000,,0,0,0,0,0,,0,0,"{""atlasexp-api-35bc56"":{""active"":0,""idle"":1,""other"":0},""atlasexp-worker-w00-cpu-00-ce2ea6"":{""active"":0,""idle"":4,""other"":0}}"
2026-09-30T13:51:47.15076352Z,bench-cpu-w1-best-fit-ropen-t1,0.199432,,3,6,3,1.000000,70.953000,0,0,0,0,0,,0,0,"{""atlasexp-api-35bc56"":{""active"":3,""idle"":0,""other"":1},""atlasexp-scheduler-best-fit-2ba53c"":{""active"":0,""idle"":2,""other"":0},""atlasexp-worker-w00-cpu-00-ce2ea6"":{""active"":0,""idle"":4,""other"":0}}"
2026-09-30T13:51:47.400251981Z,bench-cpu-w1-best-fit-ropen-t1,0.400820,,3,6,3,1.000000,320.523000,0,0,0,0,0,,0,0,"{""atlasexp-api-35bc56"":{""active"":3,""idle"":0,""other"":1},""atlasexp-scheduler-best-fit-2ba53c"":{""active"":0,""idle"":2,""other"":0},""atlasexp-worker-w00-cpu-00-ce2ea6"":{""active"":0,""idle"":4,""other"":0}}"
2026-09-30T13:51:47.649963901Z,bench-cpu-w1-best-fit-ropen-t1,0.400461,,3,6,3,1.000000,570.291000,0,0,0,0,0,,0,0,"{""atlasexp-api-35bc56"":{""active"":2,""idle"":1,""other"":1},""atlasexp-scheduler-best-fit-2ba53c"":{""active"":1,""idle"":1,""other"":0},""atlasexp-worker-w00-cpu-00-ce2ea6"":{""active"":0,""idle"":4,""other"":0}}"
2026-09-30T13:51:47.900411285Z,bench-cpu-w1-best-fit-ropen-t1,0.399285,,1,9,0,0.000000,820.598000,0,0,0,0,0,,0,0,"{""atlasexp-api-35bc56"":{""active"":0,""idle"":4,""other"":0},""atlasexp-scheduler-best-fit-2ba53c"":{""active"":1,""idle"":1,""other"":0},""atlasexp-worker-w00-cpu-00-ce2ea6"":{""active"":0,""idle"":4,""other"":0}}"
2026-09-30T13:51:48.149915456Z,bench-cpu-w1-best-fit-ropen-t1,0.160318,,0,9,0,0.000000,1070.027000,0,0,0,0,0,,0,0,"{""atlasexp-api-35bc56"":{""active"":0,""idle"":4,""other"":0},""atlasexp-scheduler-best-fit-2ba53c"":{""active"":0,""idle"":1,""other"":1},""atlasexp-worker-w00-cpu-00-ce2ea6"":{""active"":0,""idle"":4,""other"":0}}"
2026-09-30T13:51:48.400365705Z,bench-cpu-w1-best-fit-ropen-t1,0.199640,,0,9,0,0.000000,1320.509000,0,0,0,0,0,,0,0,"{""atlasexp-api-35bc56"":{""active"":0,""idle"":4,""other"":0},""atlasexp-scheduler-best-fit-2ba53c"":{""active"":0,""idle"":1,""other"":1},""atlasexp-worker-w00-cpu-00-ce2ea6"":{""active"":0,""idle"":4,""other"":0}}"
2026-09-30T13:51:48.649793533Z,bench-cpu-w1-best-fit-ropen-t1,0.240551,,0,9,0,0.000000,1570.033000,0,0,0,0,0,,0,0,"{""atlasexp-api-35bc56"":{""active"":0,""idle"":4,""other"":0},""atlasexp-scheduler-best-fit-2ba53c"":{""active"":0,""idle"":1,""other"":1},""atlasexp-worker-w00-cpu-00-ce2ea6"":{""active"":0,""idle"":4,""other"":0}}"
2026-09-30T13:51:48.899963058Z,bench-cpu-w1-best-fit-ropen-t1,0.199864,,1,9,0,0.000000,1820.319000,0,0,0,0,0,,0,0,"{""atlasexp-api-35bc56"":{""active"":0,""idle"":4,""other"":0},""atlasexp-scheduler-best-fit-2ba53c"":{""active"":0,""idle"":2,""other"":0},""atlasexp-worker-w00-cpu-00-ce2ea6"":{""active"":1,""idle"":3,""other"":0}}"
2026-09-30T13:51:49.150689413Z,bench-cpu-w1-best-fit-ropen-t1,0.000000,,0,10,0,0.000000,2071.075000,0,0,0,0,0,,0,0,"{""atlasexp-api-35bc56"":{""active"":0,""idle"":4,""other"":0},""atlasexp-scheduler-best-fit-2ba53c"":{""active"":0,""idle"":2,""other"":0},""atlasexp-worker-w00-cpu-00-ce2ea6"":{""active"":0,""idle"":4,""other"":0}}"
2026-09-30T13:51:49.400015559Z,bench-cpu-w1-best-fit-ropen-t1,0.160432,,0,10,0,0.000000,2091.394000,0,0,0,0,0,,0,0,"{""atlasexp-api-35bc56"":{""active"":0,""idle"":4,""other"":0},""atlasexp-scheduler-best-fit-2ba53c"":{""active"":0,""idle"":2,""other"":0},""atlasexp-worker-w00-cpu-00-ce2ea6"":{""active"":0,""idle"":4,""other"":0}}"
2026-09-30T13:51:49.650403261Z,bench-cpu-w1-best-fit-ropen-t1,0.119814,,0,10,0,0.000000,2341.912000,0,0,0,0,0,,0,0,"{""atlasexp-api-35bc56"":{""active"":0,""idle"":4,""other"":0},""atlasexp-scheduler-best-fit-2ba53c"":{""active"":0,""idle"":2,""other"":0},""atlasexp-worker-w00-cpu-00-ce2ea6"":{""active"":0,""idle"":4,""other"":0}}"
2026-09-30T13:51:49.90052791Z,bench-cpu-w1-best-fit-ropen-t1,0.079960,,0,10,0,0.000000,2592.103000,0,0,0,0,0,,0,0,"{""atlasexp-api-35bc56"":{""active"":0,""idle"":4,""other"":0},""atlasexp-scheduler-best-fit-2ba53c"":{""active"":0,""idle"":2,""other"":0},""atlasexp-worker-w00-cpu-00-ce2ea6"":{""active"":0,""idle"":4,""other"":0}}"
2026-09-30T13:51:50.15013212Z,bench-cpu-w1-best-fit-ropen-t1,0.080127,,1,9,0,0.000000,2841.554000,0,0,0,0,0,,0,0,"{""atlasexp-api-35bc56"":{""active"":0,""idle"":4,""other"":0},""atlasexp-scheduler-best-fit-2ba53c"":{""active"":0,""idle"":2,""other"":0},""atlasexp-worker-w00-cpu-00-ce2ea6"":{""active"":1,""idle"":3,""other"":0}}"
2026-09-30T13:51:50.400243379Z,bench-cpu-w1-best-fit-ropen-t1,0.119947,,0,10,0,0.000000,3091.715000,0,0,0,0,0,,0,0,"{""atlasexp-api-35bc56"":{""active"":0,""idle"":4,""other"":0},""atlasexp-scheduler-best-fit-2ba53c"":{""active"":0,""idle"":2,""other"":0},""atlasexp-worker-w00-cpu-00-ce2ea6"":{""active"":0,""idle"":4,""other"":0}}"
2026-09-30T13:51:50.649860326Z,bench-cpu-w1-best-fit-ropen-t1,0.080123,,0,10,0,0.000000,3341.586000,0,0,0,0,0,,0,0,"{""atlasexp-api-35bc56"":{""active"":0,""idle"":4,""other"":0},""atlasexp-scheduler-best-fit-2ba53c"":{""active"":0,""idle"":2,""other"":0},""atlasexp-worker-w00-cpu-00-ce2ea6"":{""active"":0,""idle"":4,""other"":0}}"
2026-09-30T13:51:50.900240518Z,bench-cpu-w1-best-fit-ropen-t1,0.079879,,0,10,0,0.000000,3591.808000,0,0,0,0,0,,0,0,"{""atlasexp-api-35bc56"":{""active"":0,""idle"":4,""other"":0},""atlasexp-scheduler-best-fit-2ba53c"":{""active"":0,""idle"":2,""other"":0},""atlasexp-worker-w00-cpu-00-ce2ea6"":{""active"":0,""idle"":4,""other"":0}}"
2026-09-30T13:51:51.150585145Z,bench-cpu-w1-best-fit-ropen-t1,0.079890,,1,9,0,0.000000,3842.077000,0,0,0,0,0,,0,0,"{""atlasexp-api-35bc56"":{""active"":0,""idle"":4,""other"":0},""atlasexp-scheduler-best-fit-2ba53c"":{""active"":0,""idle"":2,""other"":0},""atlasexp-worker-w00-cpu-00-ce2ea6"":{""active"":1,""idle"":3,""other"":0}}"
2026-09-30T13:51:51.400023435Z,bench-cpu-w1-best-fit-ropen-t1,0.160360,,0,10,0,0.000000,4091.495000,0,0,0,0,0,,0,0,"{""atlasexp-api-35bc56"":{""active"":0,""idle"":4,""other"":0},""atlasexp-scheduler-best-fit-2ba53c"":{""active"":0,""idle"":2,""other"":0},""atlasexp-worker-w00-cpu-00-ce2ea6"":{""active"":0,""idle"":4,""other"":0}}"
2026-09-30T13:51:51.64977938Z,bench-cpu-w1-best-fit-ropen-t1,0.040039,,0,9,0,0.000000,4341.616000,0,0,0,0,0,,0,0,"{""atlasexp-api-35bc56"":{""active"":0,""idle"":4,""other"":0},""atlasexp-scheduler-best-fit-2ba53c"":{""active"":0,""idle"":2,""other"":0},""atlasexp-worker-w00-cpu-00-ce2ea6"":{""active"":0,""idle"":3,""other"":1}}"
2026-09-30T13:51:51.900744567Z,bench-cpu-w1-best-fit-ropen-t1,0.079692,,1,9,0,0.000000,4592.108000,0,0,0,0,0,,0,0,"{""atlasexp-api-35bc56"":{""active"":0,""idle"":4,""other"":0},""atlasexp-scheduler-best-fit-2ba53c"":{""active"":0,""idle"":2,""other"":0},""atlasexp-worker-w00-cpu-00-ce2ea6"":{""active"":1,""idle"":3,""other"":0}}"
2026-09-30T13:51:52.150110855Z,bench-cpu-w1-best-fit-ropen-t1,0.200508,,0,10,0,0.000000,4841.876000,0,0,0,0,0,,0,0,"{""atlasexp-api-35bc56"":{""active"":0,""idle"":4,""other"":0},""atlasexp-scheduler-best-fit-2ba53c"":{""active"":0,""idle"":2,""other"":0},""atlasexp-worker-w00-cpu-00-ce2ea6"":{""active"":0,""idle"":4,""other"":0}}"
2026-09-30T13:51:52.400245298Z,bench-cpu-w1-best-fit-ropen-t1,0.119936,,0,10,0,0.000000,5091.627000,0,0,0,0,0,,0,0,"{""atlasexp-api-35bc56"":{""active"":0,""idle"":4,""other"":0},""atlasexp-scheduler-best-fit-2ba53c"":{""active"":0,""idle"":2,""other"":0},""atlasexp-worker-w00-cpu-00-ce2ea6"":{""active"":0,""idle"":4,""other"":0}}"
2026-09-30T13:51:52.649937304Z,bench-cpu-w1-best-fit-ropen-t1,0.040049,,0,9,0,0.000000,4606.635000,0,0,0,0,0,,0,0,"{""atlasexp-api-35bc56"":{""active"":0,""idle"":4,""other"":0},""atlasexp-scheduler-best-fit-2ba53c"":{""active"":0,""idle"":2,""other"":0},""atlasexp-worker-w00-cpu-00-ce2ea6"":{""active"":0,""idle"":3,""other"":1}}"
2026-09-30T13:51:52.900359165Z,bench-cpu-w1-best-fit-ropen-t1,0.079865,,0,10,0,0.000000,4857.025000,0,0,0,0,0,,0,0,"{""atlasexp-api-35bc56"":{""active"":0,""idle"":4,""other"":0},""atlasexp-scheduler-best-fit-2ba53c"":{""active"":0,""idle"":2,""other"":0},""atlasexp-worker-w00-cpu-00-ce2ea6"":{""active"":0,""idle"":4,""other"":0}}"
2026-09-30T13:51:53.149946807Z,bench-cpu-w1-best-fit-ropen-t1,0.080132,,0,10,0,0.000000,5106.781000,0,0,0,0,0,,0,0,"{""atlasexp-api-35bc56"":{""active"":0,""idle"":4,""other"":0},""atlasexp-scheduler-best-fit-2ba53c"":{""active"":0,""idle"":2,""other"":0},""atlasexp-worker-w00-cpu-00-ce2ea6"":{""active"":0,""idle"":4,""other"":0}}"
2026-09-30T13:51:53.399951419Z,bench-cpu-w1-best-fit-ropen-t1,0.079999,,0,10,0,0.000000,5356.464000,0,0,0,0,0,,0,0,"{""atlasexp-api-35bc56"":{""active"":0,""idle"":4,""other"":0},""atlasexp-scheduler-best-fit-2ba53c"":{""active"":0,""idle"":2,""other"":0},""atlasexp-worker-w00-cpu-00-ce2ea6"":{""active"":0,""idle"":4,""other"":0}}"
2026-09-30T13:51:53.650794797Z,bench-cpu-w1-best-fit-ropen-t1,0.079731,,0,10,0,0.000000,5607.419000,0,0,0,0,0,,0,0,"{""atlasexp-api-35bc56"":{""active"":0,""idle"":4,""other"":0},""atlasexp-scheduler-best-fit-2ba53c"":{""active"":0,""idle"":2,""other"":0},""atlasexp-worker-w00-cpu-00-ce2ea6"":{""active"":0,""idle"":4,""other"":0}}"
2026-09-30T13:51:53.900553349Z,bench-cpu-w1-best-fit-ropen-t1,0.120116,,0,10,0,0.000000,5857.288000,0,0,0,0,0,,0,0,"{""atlasexp-api-35bc56"":{""active"":0,""idle"":4,""other"":0},""atlasexp-scheduler-best-fit-2ba53c"":{""active"":0,""idle"":2,""other"":0},""atlasexp-worker-w00-cpu-00-ce2ea6"":{""active"":0,""idle"":4,""other"":0}}"
2026-09-30T13:51:54.150791827Z,bench-cpu-w1-best-fit-ropen-t1,0.039962,,0,10,0,0.000000,6107.557000,0,0,0,0,0,,0,0,"{""atlasexp-api-35bc56"":{""active"":0,""idle"":4,""other"":0},""atlasexp-scheduler-best-fit-2ba53c"":{""active"":0,""idle"":2,""other"":0},""atlasexp-worker-w00-cpu-00-ce2ea6"":{""active"":0,""idle"":4,""other"":0}}"
2026-09-30T13:51:54.399993938Z,bench-cpu-w1-best-fit-ropen-t1,0.080256,,1,9,0,0.000000,6356.628000,0,0,0,0,0,,0,0,"{""atlasexp-api-35bc56"":{""active"":0,""idle"":4,""other"":0},""atlasexp-scheduler-best-fit-2ba53c"":{""active"":1,""idle"":1,""other"":0},""atlasexp-worker-w00-cpu-00-ce2ea6"":{""active"":0,""idle"":4,""other"":0}}"
2026-09-30T13:51:54.650313789Z,bench-cpu-w1-best-fit-ropen-t1,0.159796,,0,10,0,0.000000,6607.259000,0,0,0,0,0,,0,0,"{""atlasexp-api-35bc56"":{""active"":0,""idle"":4,""other"":0},""atlasexp-scheduler-best-fit-2ba53c"":{""active"":0,""idle"":2,""other"":0},""atlasexp-worker-w00-cpu-00-ce2ea6"":{""active"":0,""idle"":4,""other"":0}}"
2026-09-30T13:51:54.900718516Z,bench-cpu-w1-best-fit-ropen-t1,0.079871,,0,10,0,0.000000,6857.417000,0,0,0,0,0,,0,0,"{""atlasexp-api-35bc56"":{""active"":0,""idle"":4,""other"":0},""atlasexp-scheduler-best-fit-2ba53c"":{""active"":0,""idle"":2,""other"":0},""atlasexp-worker-w00-cpu-00-ce2ea6"":{""active"":0,""idle"":4,""other"":0}}"
2026-09-30T13:51:55.150114741Z,bench-cpu-w1-best-fit-ropen-t1,0.040097,,0,10,0,0.000000,7106.721000,0,0,0,0,0,,0,0,"{""atlasexp-api-35bc56"":{""active"":0,""idle"":4,""other"":0},""atlasexp-scheduler-best-fit-2ba53c"":{""active"":0,""idle"":2,""other"":0},""atlasexp-worker-w00-cpu-00-ce2ea6"":{""active"":0,""idle"":4,""other"":0}}"
2026-09-30T13:51:55.400187408Z,bench-cpu-w1-best-fit-ropen-t1,0.119965,,0,10,0,0.000000,7356.825000,0,0,0,0,0,,0,0,"{""atlasexp-api-35bc56"":{""active"":0,""idle"":4,""other"":0},""atlasexp-scheduler-best-fit-2ba53c"":{""active"":0,""idle"":2,""other"":0},""atlasexp-worker-w00-cpu-00-ce2ea6"":{""active"":0,""idle"":4,""other"":0}}"
2026-09-30T13:51:55.650115428Z,bench-cpu-w1-best-fit-ropen-t1,0.120035,,0,10,0,0.000000,7606.799000,0,0,0,0,0,,0,0,"{""atlasexp-api-35bc56"":{""active"":0,""idle"":4,""other"":0},""atlasexp-scheduler-best-fit-2ba53c"":{""active"":0,""idle"":2,""other"":0},""atlasexp-worker-w00-cpu-00-ce2ea6"":{""active"":0,""idle"":4,""other"":0}}"
2026-09-30T13:51:55.900471406Z,bench-cpu-w1-best-fit-ropen-t1,0.079886,,0,10,0,0.000000,7857.088000,0,0,0,0,0,,0,0,"{""atlasexp-api-35bc56"":{""active"":0,""idle"":4,""other"":0},""atlasexp-scheduler-best-fit-2ba53c"":{""active"":0,""idle"":2,""other"":0},""atlasexp-worker-w00-cpu-00-ce2ea6"":{""active"":0,""idle"":4,""other"":0}}"
2026-09-30T13:51:56.149991131Z,bench-cpu-w1-best-fit-ropen-t1,0.040077,,0,10,0,0.000000,8106.679000,0,0,0,0,0,,0,0,"{""atlasexp-api-35bc56"":{""active"":0,""idle"":4,""other"":0},""atlasexp-scheduler-best-fit-2ba53c"":{""active"":0,""idle"":2,""other"":0},""atlasexp-worker-w00-cpu-00-ce2ea6"":{""active"":0,""idle"":4,""other"":0}}"
2026-09-30T13:51:56.400029402Z,bench-cpu-w1-best-fit-ropen-t1,0.079988,,0,10,0,0.000000,8356.709000,0,0,0,0,0,,0,0,"{""atlasexp-api-35bc56"":{""active"":0,""idle"":4,""other"":0},""atlasexp-scheduler-best-fit-2ba53c"":{""active"":0,""idle"":2,""other"":0},""atlasexp-worker-w00-cpu-00-ce2ea6"":{""active"":0,""idle"":4,""other"":0}}"
2026-09-30T13:51:56.65050365Z,bench-cpu-w1-best-fit-ropen-t1,0.119773,,2,8,0,0.000000,8607.165000,0,0,0,0,0,,0,0,"{""atlasexp-api-35bc56"":{""active"":0,""idle"":4,""other"":0},""atlasexp-scheduler-best-fit-2ba53c"":{""active"":0,""idle"":2,""other"":0},""atlasexp-worker-w00-cpu-00-ce2ea6"":{""active"":2,""idle"":2,""other"":0}}"
2026-09-30T13:51:56.900246372Z,bench-cpu-w1-best-fit-ropen-t1,0.040041,,0,10,0,0.000000,8856.853000,0,0,0,0,0,,0,0,"{""atlasexp-api-35bc56"":{""active"":0,""idle"":4,""other"":0},""atlasexp-scheduler-best-fit-2ba53c"":{""active"":0,""idle"":2,""other"":0},""atlasexp-worker-w00-cpu-00-ce2ea6"":{""active"":0,""idle"":4,""other"":0}}"
2026-09-30T13:51:57.150447641Z,bench-cpu-w1-best-fit-ropen-t1,0.039968,,0,10,0,0.000000,9107.092000,0,0,0,0,0,,0,0,"{""atlasexp-api-35bc56"":{""active"":0,""idle"":4,""other"":0},""atlasexp-scheduler-best-fit-2ba53c"":{""active"":0,""idle"":2,""other"":0},""atlasexp-worker-w00-cpu-00-ce2ea6"":{""active"":0,""idle"":4,""other"":0}}"
2026-09-30T13:51:57.400244952Z,bench-cpu-w1-best-fit-ropen-t1,0.240195,,0,9,0,0.000000,9356.770000,0,0,0,0,0,,0,0,"{""atlasexp-api-35bc56"":{""active"":0,""idle"":4,""other"":0},""atlasexp-scheduler-best-fit-2ba53c"":{""active"":0,""idle"":2,""other"":0},""atlasexp-worker-w00-cpu-00-ce2ea6"":{""active"":0,""idle"":3,""other"":1}}"
2026-09-30T13:51:57.650597504Z,bench-cpu-w1-best-fit-ropen-t1,0.039944,,0,10,0,0.000000,9607.624000,0,0,0,0,0,,0,0,"{""atlasexp-api-35bc56"":{""active"":0,""idle"":4,""other"":0},""atlasexp-scheduler-best-fit-2ba53c"":{""active"":0,""idle"":2,""other"":0},""atlasexp-worker-w00-cpu-00-ce2ea6"":{""active"":0,""idle"":4,""other"":0}}"
2026-09-30T13:51:57.900628903Z,bench-cpu-w1-best-fit-ropen-t1,0.079990,,0,10,0,0.000000,9857.284000,0,0,0,0,0,,0,0,"{""atlasexp-api-35bc56"":{""active"":0,""idle"":4,""other"":0},""atlasexp-scheduler-best-fit-2ba53c"":{""active"":0,""idle"":2,""other"":0},""atlasexp-worker-w00-cpu-00-ce2ea6"":{""active"":0,""idle"":4,""other"":0}}"
2026-09-30T13:51:58.150764287Z,bench-cpu-w1-best-fit-ropen-t1,0.079957,,0,9,0,0.000000,10107.603000,0,0,0,0,0,,0,0,"{""atlasexp-api-35bc56"":{""active"":0,""idle"":4,""other"":0},""atlasexp-scheduler-best-fit-2ba53c"":{""active"":0,""idle"":2,""other"":0},""atlasexp-worker-w00-cpu-00-ce2ea6"":{""active"":0,""idle"":3,""other"":1}}"
2026-09-30T13:51:58.399796201Z,bench-cpu-w1-best-fit-ropen-t1,0.160622,,0,10,0,0.000000,10356.538000,0,0,0,0,0,,0,0,"{""atlasexp-api-35bc56"":{""active"":0,""idle"":4,""other"":0},""atlasexp-scheduler-best-fit-2ba53c"":{""active"":0,""idle"":2,""other"":0},""atlasexp-worker-w00-cpu-00-ce2ea6"":{""active"":0,""idle"":4,""other"":0}}"
2026-09-30T13:51:58.650769204Z,bench-cpu-w1-best-fit-ropen-t1,0.079690,,0,10,0,0.000000,10607.489000,0,0,0,0,0,,0,0,"{""atlasexp-api-35bc56"":{""active"":0,""idle"":4,""other"":0},""atlasexp-scheduler-best-fit-2ba53c"":{""active"":0,""idle"":2,""other"":0},""atlasexp-worker-w00-cpu-00-ce2ea6"":{""active"":0,""idle"":4,""other"":0}}"
2026-09-30T13:51:58.899805608Z,bench-cpu-w1-best-fit-ropen-t1,0.040155,,0,10,0,0.000000,10856.488000,0,0,0,0,0,,0,0,"{""atlasexp-api-35bc56"":{""active"":0,""idle"":4,""other"":0},""atlasexp-scheduler-best-fit-2ba53c"":{""active"":0,""idle"":2,""other"":0},""atlasexp-worker-w00-cpu-00-ce2ea6"":{""active"":0,""idle"":4,""other"":0}}"
2026-09-30T13:51:59.150501585Z,bench-cpu-w1-best-fit-ropen-t1,0.119667,,0,10,0,0.000000,,0,0,0,0,0,,0,0,"{""atlasexp-api-35bc56"":{""active"":0,""idle"":4,""other"":0},""atlasexp-scheduler-best-fit-2ba53c"":{""active"":0,""idle"":2,""other"":0},""atlasexp-worker-w00-cpu-00-ce2ea6"":{""active"":0,""idle"":4,""other"":0}}"
2026-09-30T13:51:59.39994641Z,bench-cpu-w1-best-fit-ropen-t2,0.280623,,4,5,3,0.750000,119.803000,0,0,0,0,0,,0,0,"{""atlasexp-api-35bc56"":{""active"":4,""idle"":0,""other"":0},""atlasexp-scheduler-best-fit-2ba53c"":{""active"":0,""idle"":1,""other"":1},""atlasexp-worker-w00-cpu-00-ce2ea6"":{""active"":0,""idle"":4,""other"":0}}"
2026-09-30T13:51:59.6501101Z,bench-cpu-w1-best-fit-ropen-t2,0.439712,,4,5,3,0.750000,370.130000,0,0,0,0,0,,0,0,"{""atlasexp-api-35bc56"":{""active"":3,""idle"":1,""other"":0},""atlasexp-scheduler-best-fit-2ba53c"":{""active"":0,""idle"":1,""other"":1},""atlasexp-worker-w00-cpu-00-ce2ea6"":{""active"":1,""idle"":3,""other"":0}}"
2026-09-30T13:51:59.899703245Z,bench-cpu-w1-best-fit-ropen-t2,0.360587,,3,6,3,1.000000,619.631000,0,0,0,0,0,,0,0,"{""atlasexp-api-35bc56"":{""active"":2,""idle"":1,""other"":1},""atlasexp-scheduler-best-fit-2ba53c"":{""active"":1,""idle"":1,""other"":0},""atlasexp-worker-w00-cpu-00-ce2ea6"":{""active"":0,""idle"":4,""other"":0}}"
2026-09-30T13:52:00.150092897Z,bench-cpu-w1-best-fit-ropen-t2,0.119813,,0,9,0,0.000000,870.047000,0,0,0,0,0,,0,0,"{""atlasexp-api-35bc56"":{""active"":0,""idle"":4,""other"":0},""atlasexp-scheduler-best-fit-2ba53c"":{""active"":0,""idle"":1,""other"":1},""atlasexp-worker-w00-cpu-00-ce2ea6"":{""active"":0,""idle"":4,""other"":0}}"
2026-09-30T13:52:00.399748136Z,bench-cpu-w1-best-fit-ropen-t2,0.200276,,1,9,0,0.000000,1119.654000,0,0,0,0,0,,0,0,"{""atlasexp-api-35bc56"":{""active"":0,""idle"":4,""other"":0},""atlasexp-scheduler-best-fit-2ba53c"":{""active"":1,""idle"":1,""other"":0},""atlasexp-worker-w00-cpu-00-ce2ea6"":{""active"":0,""idle"":4,""other"":0}}"
2026-09-30T13:52:00.650033365Z,bench-cpu-w1-best-fit-ropen-t2,0.239726,,1,8,0,0.000000,1369.868000,0,0,0,0,0,,0,0,"{""atlasexp-api-35bc56"":{""active"":0,""idle"":4,""other"":0},""atlasexp-scheduler-best-fit-2ba53c"":{""active"":1,""idle"":1,""other"":0},""atlasexp-worker-w00-cpu-00-ce2ea6"":{""active"":0,""idle"":3,""other"":1}}"
2026-09-30T13:52:00.899716958Z,bench-cpu-w1-best-fit-ropen-t2,0.160203,,0,10,0,0.000000,1619.762000,0,0,0,0,0,,0,0,"{""atlasexp-api-35bc56"":{""active"":0,""idle"":4,""other"":0},""atlasexp-scheduler-best-fit-2ba53c"":{""active"":0,""idle"":2,""other"":0},""atlasexp-worker-w00-cpu-00-ce2ea6"":{""active"":0,""idle"":4,""other"":0}}"
2026-09-30T13:52:01.150007664Z,bench-cpu-w1-best-fit-ropen-t2,0.039954,,0,10,0,0.000000,1869.928000,0,0,0,0,0,,0,0,"{""atlasexp-api-35bc56"":{""active"":0,""idle"":4,""other"":0},""atlasexp-scheduler-best-fit-2ba53c"":{""active"":0,""idle"":2,""other"":0},""atlasexp-worker-w00-cpu-00-ce2ea6"":{""active"":0,""idle"":4,""other"":0}}"
2026-09-30T13:52:01.400743493Z,bench-cpu-w1-best-fit-ropen-t2,0.199413,,0,9,0,0.000000,2120.583000,0,0,0,0,0,,0,0,"{""atlasexp-api-35bc56"":{""active"":0,""idle"":4,""other"":0},""atlasexp-scheduler-best-fit-2ba53c"":{""active"":0,""idle"":2,""other"":0},""atlasexp-worker-w00-cpu-00-ce2ea6"":{""active"":0,""idle"":3,""other"":1}}"
2026-09-30T13:52:01.649802218Z,bench-cpu-w1-best-fit-ropen-t2,0.080302,,0,10,0,0.000000,2055.389000,0,0,0,0,0,,0,0,"{""atlasexp-api-35bc56"":{""active"":0,""idle"":4,""other"":0},""atlasexp-scheduler-best-fit-2ba53c"":{""active"":0,""idle"":2,""other"":0},""atlasexp-worker-w00-cpu-00-ce2ea6"":{""active"":0,""idle"":4,""other"":0}}"
2026-09-30T13:52:01.899743763Z,bench-cpu-w1-best-fit-ropen-t2,0.040009,,0,10,0,0.000000,2305.292000,0,0,0,0,0,,0,0,"{""atlasexp-api-35bc56"":{""active"":0,""idle"":4,""other"":0},""atlasexp-scheduler-best-fit-2ba53c"":{""active"":0,""idle"":2,""other"":0},""atlasexp-worker-w00-cpu-00-ce2ea6"":{""active"":0,""idle"":4,""other"":0}}"
2026-09-30T13:52:02.15069351Z,bench-cpu-w1-best-fit-ropen-t2,0.079697,,0,10,0,0.000000,2556.315000,0,0,0,0,0,,0,0,"{""atlasexp-api-35bc56"":{""active"":0,""idle"":4,""other"":0},""atlasexp-scheduler-best-fit-2ba53c"":{""active"":0,""idle"":2,""other"":0},""atlasexp-worker-w00-cpu-00-ce2ea6"":{""active"":0,""idle"":4,""other"":0}}"
2026-09-30T13:52:02.399722299Z,bench-cpu-w1-best-fit-ropen-t2,0.080312,,0,10,0,0.000000,2805.297000,0,0,0,0,0,,0,0,"{""atlasexp-api-35bc56"":{""active"":0,""idle"":4,""other"":0},""atlasexp-scheduler-best-fit-2ba53c"":{""active"":0,""idle"":2,""other"":0},""atlasexp-worker-w00-cpu-00-ce2ea6"":{""active"":0,""idle"":4,""other"":0}}"
2026-09-30T13:52:02.650468819Z,bench-cpu-w1-best-fit-ropen-t2,0.159524,,0,10,0,0.000000,3056.063000,0,0,0,0,0,,0,0,"{""atlasexp-api-35bc56"":{""active"":0,""idle"":4,""other"":0},""atlasexp-scheduler-best-fit-2ba53c"":{""active"":0,""idle"":2,""other"":0},""atlasexp-worker-w00-cpu-00-ce2ea6"":{""active"":0,""idle"":4,""other"":0}}"
2026-09-30T13:52:02.900478561Z,bench-cpu-w1-best-fit-ropen-t2,0.079997,,0,10,0,0.000000,3306.025000,0,0,0,0,0,,0,0,"{""atlasexp-api-35bc56"":{""active"":0,""idle"":4,""other"":0},""atlasexp-scheduler-best-fit-2ba53c"":{""active"":0,""idle"":2,""other"":0},""atlasexp-worker-w00-cpu-00-ce2ea6"":{""active"":0,""idle"":4,""other"":0}}"
2026-09-30T13:52:03.150455734Z,bench-cpu-w1-best-fit-ropen-t2,0.120011,,0,10,0,0.000000,3556.004000,0,0,0,0,0,,0,0,"{""atlasexp-api-35bc56"":{""active"":0,""idle"":4,""other"":0},""atlasexp-scheduler-best-fit-2ba53c"":{""active"":0,""idle"":2,""other"":0},""atlasexp-worker-w00-cpu-00-ce2ea6"":{""active"":0,""idle"":4,""other"":0}}"
2026-09-30T13:52:03.399800133Z,bench-cpu-w1-best-fit-ropen-t2,0.080210,,1,9,0,0.000000,3805.283000,0,0,0,0,0,,0,0,"{""atlasexp-api-35bc56"":{""active"":0,""idle"":4,""other"":0},""atlasexp-scheduler-best-fit-2ba53c"":{""active"":0,""idle"":2,""other"":0},""atlasexp-worker-w00-cpu-00-ce2ea6"":{""active"":1,""idle"":3,""other"":0}}"
2026-09-30T13:52:03.649885636Z,bench-cpu-w1-best-fit-ropen-t2,0.039986,,0,10,0,0.000000,4055.475000,0,0,0,0,0,,0,0,"{""atlasexp-api-35bc56"":{""active"":0,""idle"":4,""other"":0},""atlasexp-scheduler-best-fit-2ba53c"":{""active"":0,""idle"":2,""other"":0},""atlasexp-worker-w00-cpu-00-ce2ea6"":{""active"":0,""idle"":4,""other"":0}}"
2026-09-30T13:52:03.900560661Z,bench-cpu-w1-best-fit-ropen-t2,0.119677,,0,10,0,0.000000,4306.135000,0,0,0,0,0,,0,0,"{""atlasexp-api-35bc56"":{""active"":0,""idle"":4,""other"":0},""atlasexp-scheduler-best-fit-2ba53c"":{""active"":0,""idle"":2,""other"":0},""atlasexp-worker-w00-cpu-00-ce2ea6"":{""active"":0,""idle"":4,""other"":0}}"
2026-09-30T13:52:04.149899761Z,bench-cpu-w1-best-fit-ropen-t2,0.080212,,0,10,0,0.000000,4555.346000,0,0,0,0,0,,0,0,"{""atlasexp-api-35bc56"":{""active"":0,""idle"":4,""other"":0},""atlasexp-scheduler-best-fit-2ba53c"":{""active"":0,""idle"":2,""other"":0},""atlasexp-worker-w00-cpu-00-ce2ea6"":{""active"":0,""idle"":4,""other"":0}}"
2026-09-30T13:52:04.40000831Z,bench-cpu-w1-best-fit-ropen-t2,0.119948,,0,10,0,0.000000,4805.591000,0,0,0,0,0,,0,0,"{""atlasexp-api-35bc56"":{""active"":0,""idle"":4,""other"":0},""atlasexp-scheduler-best-fit-2ba53c"":{""active"":0,""idle"":2,""other"":0},""atlasexp-worker-w00-cpu-00-ce2ea6"":{""active"":0,""idle"":4,""other"":0}}"
2026-09-30T13:52:04.649930178Z,bench-cpu-w1-best-fit-ropen-t2,0.040013,,0,10,0,0.000000,5055.405000,0,0,0,0,0,,0,0,"{""atlasexp-api-35bc56"":{""active"":0,""idle"":4,""other"":0},""atlasexp-scheduler-best-fit-2ba53c"":{""active"":0,""idle"":2,""other"":0},""atlasexp-worker-w00-cpu-00-ce2ea6"":{""active"":0,""idle"":4,""other"":0}}"
2026-09-30T13:52:04.899937256Z,bench-cpu-w1-best-fit-ropen-t2,0.119997,,0,10,0,0.000000,5305.459000,0,0,0,0,0,,0,0,"{""atlasexp-api-35bc56"":{""active"":0,""idle"":4,""other"":0},""atlasexp-scheduler-best-fit-2ba53c"":{""active"":0,""idle"":2,""other"":0},""atlasexp-worker-w00-cpu-00-ce2ea6"":{""active"":0,""idle"":4,""other"":0}}"
2026-09-30T13:52:05.150730491Z,bench-cpu-w1-best-fit-ropen-t2,0.039873,,0,10,0,0.000000,5556.150000,0,0,0,0,0,,0,0,"{""atlasexp-api-35bc56"":{""active"":0,""idle"":4,""other"":0},""atlasexp-scheduler-best-fit-2ba53c"":{""active"":0,""idle"":2,""other"":0},""atlasexp-worker-w00-cpu-00-ce2ea6"":{""active"":0,""idle"":4,""other"":0}}"
2026-09-30T13:52:05.400363319Z,bench-cpu-w1-best-fit-ropen-t2,0.120177,,0,10,0,0.000000,5805.993000,0,0,0,0,0,,0,0,"{""atlasexp-api-35bc56"":{""active"":0,""idle"":4,""other"":0},""atlasexp-scheduler-best-fit-2ba53c"":{""active"":0,""idle"":2,""other"":0},""atlasexp-worker-w00-cpu-00-ce2ea6"":{""active"":0,""idle"":4,""other"":0}}"
2026-09-30T13:52:05.650342466Z,bench-cpu-w1-best-fit-ropen-t2,0.040003,,0,9,0,0.000000,6055.746000,0,0,0,0,0,,0,0,"{""atlasexp-api-35bc56"":{""active"":0,""idle"":4,""other"":0},""atlasexp-scheduler-best-fit-2ba53c"":{""active"":0,""idle"":2,""other"":0},""atlasexp-worker-w00-cpu-00-ce2ea6"":{""active"":0,""idle"":3,""other"":1}}"
2026-09-30T13:52:05.89973262Z,bench-cpu-w1-best-fit-ropen-t2,0.160391,,0,10,0,0.000000,6305.352000,0,0,0,0,0,,0,0,"{""atlasexp-api-35bc56"":{""active"":0,""idle"":4,""other"":0},""atlasexp-scheduler-best-fit-2ba53c"":{""active"":0,""idle"":2,""other"":0},""atlasexp-worker-w00-cpu-00-ce2ea6"":{""active"":0,""idle"":4,""other"":0}}"
2026-09-30T13:52:06.150108156Z,bench-cpu-w1-best-fit-ropen-t2,0.119820,,0,10,0,0.000000,6555.618000,0,0,0,0,0,,0,0,"{""atlasexp-api-35bc56"":{""active"":0,""idle"":4,""other"":0},""atlasexp-scheduler-best-fit-2ba53c"":{""active"":0,""idle"":2,""other"":0},""atlasexp-worker-w00-cpu-00-ce2ea6"":{""active"":0,""idle"":4,""other"":0}}"
2026-09-30T13:52:06.400055515Z,bench-cpu-w1-best-fit-ropen-t2,0.040008,,0,10,0,0.000000,6063.580000,0,0,0,0,0,,0,0,"{""atlasexp-api-35bc56"":{""active"":0,""idle"":4,""other"":0},""atlasexp-scheduler-best-fit-2ba53c"":{""active"":0,""idle"":2,""other"":0},""atlasexp-worker-w00-cpu-00-ce2ea6"":{""active"":0,""idle"":4,""other"":0}}"
2026-09-30T13:52:06.649793221Z,bench-cpu-w1-best-fit-ropen-t2,0.080084,,0,10,0,0.000000,6313.808000,0,0,0,0,0,,0,0,"{""atlasexp-api-35bc56"":{""active"":0,""idle"":4,""other"":0},""atlasexp-scheduler-best-fit-2ba53c"":{""active"":0,""idle"":2,""other"":0},""atlasexp-worker-w00-cpu-00-ce2ea6"":{""active"":0,""idle"":4,""other"":0}}"
2026-09-30T13:52:06.900407746Z,bench-cpu-w1-best-fit-ropen-t2,0.079804,,0,10,0,0.000000,6564.004000,0,0,0,0,0,,0,0,"{""atlasexp-api-35bc56"":{""active"":0,""idle"":4,""other"":0},""atlasexp-scheduler-best-fit-2ba53c"":{""active"":0,""idle"":2,""other"":0},""atlasexp-worker-w00-cpu-00-ce2ea6"":{""active"":0,""idle"":4,""other"":0}}"
2026-09-30T13:52:07.150362491Z,bench-cpu-w1-best-fit-ropen-t2,0.120022,,0,10,0,0.000000,6813.854000,0,0,0,0,0,,0,0,"{""atlasexp-api-35bc56"":{""active"":0,""idle"":4,""other"":0},""atlasexp-scheduler-best-fit-2ba53c"":{""active"":0,""idle"":2,""other"":0},""atlasexp-worker-w00-cpu-00-ce2ea6"":{""active"":0,""idle"":4,""other"":0}}"
2026-09-30T13:52:07.400039975Z,bench-cpu-w1-best-fit-ropen-t2,0.160207,,0,10,0,0.000000,7063.693000,0,0,0,0,0,,0,0,"{""atlasexp-api-35bc56"":{""active"":0,""idle"":4,""other"":0},""atlasexp-scheduler-best-fit-2ba53c"":{""active"":0,""idle"":2,""other"":0},""atlasexp-worker-w00-cpu-00-ce2ea6"":{""active"":0,""idle"":4,""other"":0}}"
2026-09-30T13:52:07.650232674Z,bench-cpu-w1-best-fit-ropen-t2,0.039969,,1,9,0,0.000000,7313.773000,0,0,0,0,0,,0,0,"{""atlasexp-api-35bc56"":{""active"":0,""idle"":4,""other"":0},""atlasexp-scheduler-best-fit-2ba53c"":{""active"":0,""idle"":2,""other"":0},""atlasexp-worker-w00-cpu-00-ce2ea6"":{""active"":1,""idle"":3,""other"":0}}"
2026-09-30T13:52:07.900062623Z,bench-cpu-w1-best-fit-ropen-t2,0.040027,,0,10,0,0.000000,7563.706000,0,0,0,0,0,,0,0,"{""atlasexp-api-35bc56"":{""active"":0,""idle"":4,""other"":0},""atlasexp-scheduler-best-fit-2ba53c"":{""active"":0,""idle"":2,""other"":0},""atlasexp-worker-w00-cpu-00-ce2ea6"":{""active"":0,""idle"":4,""other"":0}}"
2026-09-30T13:52:08.150498215Z,bench-cpu-w1-best-fit-ropen-t2,0.119791,,0,10,0,0.000000,7814.032000,0,0,0,0,0,,0,0,"{""atlasexp-api-35bc56"":{""active"":0,""idle"":4,""other"":0},""atlasexp-scheduler-best-fit-2ba53c"":{""active"":0,""idle"":2,""other"":0},""atlasexp-worker-w00-cpu-00-ce2ea6"":{""active"":0,""idle"":4,""other"":0}}"
2026-09-30T13:52:08.400305332Z,bench-cpu-w1-best-fit-ropen-t2,0.120093,,0,10,0,0.000000,8064.029000,0,0,0,0,0,,0,0,"{""atlasexp-api-35bc56"":{""active"":0,""idle"":4,""other"":0},""atlasexp-scheduler-best-fit-2ba53c"":{""active"":0,""idle"":2,""other"":0},""atlasexp-worker-w00-cpu-00-ce2ea6"":{""active"":0,""idle"":4,""other"":0}}"
2026-09-30T13:52:08.649976716Z,bench-cpu-w1-best-fit-ropen-t2,0.080105,,0,10,0,0.000000,8313.576000,0,0,0,0,0,,0,0,"{""atlasexp-api-35bc56"":{""active"":0,""idle"":4,""other"":0},""atlasexp-scheduler-best-fit-2ba53c"":{""active"":0,""idle"":2,""other"":0},""atlasexp-worker-w00-cpu-00-ce2ea6"":{""active"":0,""idle"":4,""other"":0}}"
2026-09-30T13:52:08.900056862Z,bench-cpu-w1-best-fit-ropen-t2,0.039987,,0,10,0,0.000000,8563.672000,0,0,0,0,0,,0,0,"{""atlasexp-api-35bc56"":{""active"":0,""idle"":4,""other"":0},""atlasexp-scheduler-best-fit-2ba53c"":{""active"":0,""idle"":2,""other"":0},""atlasexp-worker-w00-cpu-00-ce2ea6"":{""active"":0,""idle"":4,""other"":0}}"
2026-09-30T13:52:09.150153322Z,bench-cpu-w1-best-fit-ropen-t2,0.119954,,0,10,0,0.000000,8813.791000,0,0,0,0,0,,0,0,"{""atlasexp-api-35bc56"":{""active"":0,""idle"":4,""other"":0},""atlasexp-scheduler-best-fit-2ba53c"":{""active"":0,""idle"":2,""other"":0},""atlasexp-worker-w00-cpu-00-ce2ea6"":{""active"":0,""idle"":4,""other"":0}}"
2026-09-30T13:52:09.400069891Z,bench-cpu-w1-best-fit-ropen-t2,0.120040,,0,10,0,0.000000,9063.597000,0,0,0,0,0,,0,0,"{""atlasexp-api-35bc56"":{""active"":0,""idle"":4,""other"":0},""atlasexp-scheduler-best-fit-2ba53c"":{""active"":0,""idle"":2,""other"":0},""atlasexp-worker-w00-cpu-00-ce2ea6"":{""active"":0,""idle"":4,""other"":0}}"
2026-09-30T13:52:09.650528426Z,bench-cpu-w1-best-fit-ropen-t2,0.119780,,0,10,0,0.000000,9314.021000,0,0,0,0,0,,0,0,"{""atlasexp-api-35bc56"":{""active"":0,""idle"":4,""other"":0},""atlasexp-scheduler-best-fit-2ba53c"":{""active"":0,""idle"":2,""other"":0},""atlasexp-worker-w00-cpu-00-ce2ea6"":{""active"":0,""idle"":4,""other"":0}}"
2026-09-30T13:52:09.900291982Z,bench-cpu-w1-best-fit-ropen-t2,0.120114,,1,9,0,0.000000,9563.788000,0,0,0,0,0,,0,0,"{""atlasexp-api-35bc56"":{""active"":0,""idle"":4,""other"":0},""atlasexp-scheduler-best-fit-2ba53c"":{""active"":0,""idle"":2,""other"":0},""atlasexp-worker-w00-cpu-00-ce2ea6"":{""active"":1,""idle"":3,""other"":0}}"
2026-09-30T13:52:10.150683431Z,bench-cpu-w1-best-fit-ropen-t2,0.119812,,0,10,0,0.000000,9814.205000,0,0,0,0,0,,0,0,"{""atlasexp-api-35bc56"":{""active"":0,""idle"":4,""other"":0},""atlasexp-scheduler-best-fit-2ba53c"":{""active"":0,""idle"":2,""other"":0},""atlasexp-worker-w00-cpu-00-ce2ea6"":{""active"":0,""idle"":4,""other"":0}}"
2026-09-30T13:52:10.399908681Z,bench-cpu-w1-best-fit-ropen-t2,0.040124,,0,10,0,0.000000,10063.420000,0,0,0,0,0,,0,0,"{""atlasexp-api-35bc56"":{""active"":0,""idle"":4,""other"":0},""atlasexp-scheduler-best-fit-2ba53c"":{""active"":0,""idle"":2,""other"":0},""atlasexp-worker-w00-cpu-00-ce2ea6"":{""active"":0,""idle"":4,""other"":0}}"
2026-09-30T13:52:10.650089045Z,bench-cpu-w1-best-fit-ropen-t2,0.039971,,0,10,0,0.000000,10313.688000,0,0,0,0,0,,0,0,"{""atlasexp-api-35bc56"":{""active"":0,""idle"":4,""other"":0},""atlasexp-scheduler-best-fit-2ba53c"":{""active"":0,""idle"":2,""other"":0},""atlasexp-worker-w00-cpu-00-ce2ea6"":{""active"":0,""idle"":4,""other"":0}}"
2026-09-30T13:52:10.900103029Z,bench-cpu-w1-best-fit-ropen-t2,0.119993,,0,10,0,0.000000,10563.674000,0,0,0,0,0,,0,0,"{""atlasexp-api-35bc56"":{""active"":0,""idle"":4,""other"":0},""atlasexp-scheduler-best-fit-2ba53c"":{""active"":0,""idle"":2,""other"":0},""atlasexp-worker-w00-cpu-00-ce2ea6"":{""active"":0,""idle"":4,""other"":0}}"
2026-09-30T13:52:11.149835434Z,idle,0.120129,,4,6,3,0.750000,,0,0,0,0,0,,0,0,"{""atlasexp-api-35bc56"":{""active"":4,""idle"":0,""other"":0},""atlasexp-scheduler-best-fit-2ba53c"":{""active"":0,""idle"":2,""other"":0},""atlasexp-worker-w00-cpu-00-ce2ea6"":{""active"":0,""idle"":4,""other"":0}}"
2026-09-30T13:52:11.400370441Z,bench-cpu-w1-best-fit-ropen-t3,0.478975,,4,6,3,0.750000,220.784000,0,0,0,0,0,,0,0,"{""atlasexp-api-35bc56"":{""active"":4,""idle"":0,""other"":0},""atlasexp-scheduler-best-fit-2ba53c"":{""active"":0,""idle"":2,""other"":0},""atlasexp-worker-w00-cpu-00-ce2ea6"":{""active"":0,""idle"":4,""other"":0}}"
2026-09-30T13:52:11.650082832Z,bench-cpu-w1-best-fit-ropen-t3,0.320369,,3,5,3,1.000000,470.387000,0,0,0,0,0,,0,0,"{""atlasexp-api-35bc56"":{""active"":2,""idle"":0,""other"":2},""atlasexp-scheduler-best-fit-2ba53c"":{""active"":1,""idle"":1,""other"":0},""atlasexp-worker-w00-cpu-00-ce2ea6"":{""active"":0,""idle"":4,""other"":0}}"
2026-09-30T13:52:11.899900249Z,bench-cpu-w1-best-fit-ropen-t3,0.400292,,0,9,0,0.000000,720.183000,0,0,0,0,0,,0,0,"{""atlasexp-api-35bc56"":{""active"":0,""idle"":4,""other"":0},""atlasexp-scheduler-best-fit-2ba53c"":{""active"":0,""idle"":1,""other"":1},""atlasexp-worker-w00-cpu-00-ce2ea6"":{""active"":0,""idle"":4,""other"":0}}"
2026-09-30T13:52:12.150128783Z,bench-cpu-w1-best-fit-ropen-t3,0.159854,,0,9,0,0.000000,970.559000,0,0,0,0,0,,0,0,"{""atlasexp-api-35bc56"":{""active"":0,""idle"":4,""other"":0},""atlasexp-scheduler-best-fit-2ba53c"":{""active"":0,""idle"":1,""other"":1},""atlasexp-worker-w00-cpu-00-ce2ea6"":{""active"":0,""idle"":4,""other"":0}}"
2026-09-30T13:52:12.400496107Z,bench-cpu-w1-best-fit-ropen-t3,0.159765,,0,9,0,0.000000,1220.982000,0,0,0,0,0,,0,0,"{""atlasexp-api-35bc56"":{""active"":0,""idle"":4,""other"":0},""atlasexp-scheduler-best-fit-2ba53c"":{""active"":0,""idle"":1,""other"":1},""atlasexp-worker-w00-cpu-00-ce2ea6"":{""active"":0,""idle"":4,""other"":0}}"
2026-09-30T13:52:12.649769317Z,bench-cpu-w1-best-fit-ropen-t3,0.160467,,0,9,0,0.000000,1470.460000,0,0,0,0,0,,0,0,"{""atlasexp-api-35bc56"":{""active"":0,""idle"":4,""other"":0},""atlasexp-scheduler-best-fit-2ba53c"":{""active"":0,""idle"":1,""other"":1},""atlasexp-worker-w00-cpu-00-ce2ea6"":{""active"":0,""idle"":4,""other"":0}}"
2026-09-30T13:52:12.900105314Z,bench-cpu-w1-best-fit-ropen-t3,0.199732,,0,9,0,0.000000,1720.779000,0,0,0,0,0,,0,0,"{""atlasexp-api-35bc56"":{""active"":0,""idle"":4,""other"":0},""atlasexp-scheduler-best-fit-2ba53c"":{""active"":0,""idle"":2,""other"":0},""atlasexp-worker-w00-cpu-00-ce2ea6"":{""active"":0,""idle"":3,""other"":1}}"
2026-09-30T13:52:13.150520909Z,bench-cpu-w1-best-fit-ropen-t3,0.039934,,0,10,0,0.000000,1833.254000,0,0,0,0,0,,0,0,"{""atlasexp-api-35bc56"":{""active"":0,""idle"":4,""other"":0},""atlasexp-scheduler-best-fit-2ba53c"":{""active"":0,""idle"":2,""other"":0},""atlasexp-worker-w00-cpu-00-ce2ea6"":{""active"":0,""idle"":4,""other"":0}}"
2026-09-30T13:52:13.399913239Z,bench-cpu-w1-best-fit-ropen-t3,0.160390,,0,10,0,0.000000,2082.354000,0,0,0,0,0,,0,0,"{""atlasexp-api-35bc56"":{""active"":0,""idle"":4,""other"":0},""atlasexp-scheduler-best-fit-2ba53c"":{""active"":0,""idle"":2,""other"":0},""atlasexp-worker-w00-cpu-00-ce2ea6"":{""active"":0,""idle"":4,""other"":0}}"
2026-09-30T13:52:13.649842263Z,bench-cpu-w1-best-fit-ropen-t3,0.080023,,0,10,0,0.000000,2332.585000,0,0,0,0,0,,0,0,"{""atlasexp-api-35bc56"":{""active"":0,""idle"":4,""other"":0},""atlasexp-scheduler-best-fit-2ba53c"":{""active"":0,""idle"":2,""other"":0},""atlasexp-worker-w00-cpu-00-ce2ea6"":{""active"":0,""idle"":4,""other"":0}}"
2026-09-30T13:52:13.900411342Z,bench-cpu-w1-best-fit-ropen-t3,0.079818,,0,10,0,0.000000,2582.890000,0,0,0,0,0,,0,0,"{""atlasexp-api-35bc56"":{""active"":0,""idle"":4,""other"":0},""atlasexp-scheduler-best-fit-2ba53c"":{""active"":0,""idle"":2,""other"":0},""atlasexp-worker-w00-cpu-00-ce2ea6"":{""active"":0,""idle"":4,""other"":0}}"
2026-09-30T13:52:14.150634787Z,bench-cpu-w1-best-fit-ropen-t3,0.039964,,0,10,0,0.000000,2833.178000,0,0,0,0,0,,0,0,"{""atlasexp-api-35bc56"":{""active"":0,""idle"":4,""other"":0},""atlasexp-scheduler-best-fit-2ba53c"":{""active"":0,""idle"":2,""other"":0},""atlasexp-worker-w00-cpu-00-ce2ea6"":{""active"":0,""idle"":4,""other"":0}}"
2026-09-30T13:52:14.400326201Z,bench-cpu-w1-best-fit-ropen-t3,0.080099,,0,10,0,0.000000,3083.040000,0,0,0,0,0,,0,0,"{""atlasexp-api-35bc56"":{""active"":0,""idle"":4,""other"":0},""atlasexp-scheduler-best-fit-2ba53c"":{""active"":0,""idle"":2,""other"":0},""atlasexp-worker-w00-cpu-00-ce2ea6"":{""active"":0,""idle"":4,""other"":0}}"
2026-09-30T13:52:14.649796332Z,bench-cpu-w1-best-fit-ropen-t3,0.160340,,0,10,0,0.000000,3332.358000,0,0,0,0,0,,0,0,"{""atlasexp-api-35bc56"":{""active"":0,""idle"":4,""other"":0},""atlasexp-scheduler-best-fit-2ba53c"":{""active"":0,""idle"":2,""other"":0},""atlasexp-worker-w00-cpu-00-ce2ea6"":{""active"":0,""idle"":4,""other"":0}}"
2026-09-30T13:52:14.900500418Z,bench-cpu-w1-best-fit-ropen-t3,0.079775,,0,10,0,0.000000,3582.918000,0,0,0,0,0,,0,0,"{""atlasexp-api-35bc56"":{""active"":0,""idle"":4,""other"":0},""atlasexp-scheduler-best-fit-2ba53c"":{""active"":0,""idle"":2,""other"":0},""atlasexp-worker-w00-cpu-00-ce2ea6"":{""active"":0,""idle"":4,""other"":0}}"
2026-09-30T13:52:15.150032866Z,bench-cpu-w1-best-fit-ropen-t3,0.120225,,0,10,0,0.000000,3227.595000,0,0,0,0,0,,0,0,"{""atlasexp-api-35bc56"":{""active"":0,""idle"":4,""other"":0},""atlasexp-scheduler-best-fit-2ba53c"":{""active"":0,""idle"":2,""other"":0},""atlasexp-worker-w00-cpu-00-ce2ea6"":{""active"":0,""idle"":4,""other"":0}}"
2026-09-30T13:52:15.400100652Z,bench-cpu-w1-best-fit-ropen-t3,0.039989,,0,9,0,0.000000,3477.403000,0,0,0,0,0,,0,0,"{""atlasexp-api-35bc56"":{""active"":0,""idle"":4,""other"":0},""atlasexp-scheduler-best-fit-2ba53c"":{""active"":0,""idle"":2,""other"":0},""atlasexp-worker-w00-cpu-00-ce2ea6"":{""active"":0,""idle"":3,""other"":1}}"
2026-09-30T13:52:15.650067288Z,bench-cpu-w1-best-fit-ropen-t3,0.120016,,0,10,0,0.000000,3727.654000,0,0,0,0,0,,0,0,"{""atlasexp-api-35bc56"":{""active"":0,""idle"":4,""other"":0},""atlasexp-scheduler-best-fit-2ba53c"":{""active"":0,""idle"":2,""other"":0},""atlasexp-worker-w00-cpu-00-ce2ea6"":{""active"":0,""idle"":4,""other"":0}}"
2026-09-30T13:52:15.90028098Z,bench-cpu-w1-best-fit-ropen-t3,0.079932,,0,9,0,0.000000,3977.633000,0,0,0,0,0,,0,0,"{""atlasexp-api-35bc56"":{""active"":0,""idle"":4,""other"":0},""atlasexp-scheduler-best-fit-2ba53c"":{""active"":0,""idle"":2,""other"":0},""atlasexp-worker-w00-cpu-00-ce2ea6"":{""active"":0,""idle"":3,""other"":1}}"
2026-09-30T13:52:16.15068259Z,bench-cpu-w1-best-fit-ropen-t3,0.119808,,0,10,0,0.000000,4228.097000,0,0,0,0,0,,0,0,"{""atlasexp-api-35bc56"":{""active"":0,""idle"":4,""other"":0},""atlasexp-scheduler-best-fit-2ba53c"":{""active"":0,""idle"":2,""other"":0},""atlasexp-worker-w00-cpu-00-ce2ea6"":{""active"":0,""idle"":4,""other"":0}}"
2026-09-30T13:52:16.400518083Z,bench-cpu-w1-best-fit-ropen-t3,0.080053,,1,9,0,0.000000,4477.829000,0,0,0,0,0,,0,0,"{""atlasexp-api-35bc56"":{""active"":0,""idle"":4,""other"":0},""atlasexp-scheduler-best-fit-2ba53c"":{""active"":0,""idle"":2,""other"":0},""atlasexp-worker-w00-cpu-00-ce2ea6"":{""active"":1,""idle"":3,""other"":0}}"
2026-09-30T13:52:16.650722886Z,bench-cpu-w1-best-fit-ropen-t3,0.079935,,0,10,0,0.000000,4728.528000,0,0,0,0,0,,0,0,"{""atlasexp-api-35bc56"":{""active"":0,""idle"":4,""other"":0},""atlasexp-scheduler-best-fit-2ba53c"":{""active"":0,""idle"":2,""other"":0},""atlasexp-worker-w00-cpu-00-ce2ea6"":{""active"":0,""idle"":4,""other"":0}}"
2026-09-30T13:52:16.900026024Z,bench-cpu-w1-best-fit-ropen-t3,0.120335,,0,10,0,0.000000,4977.477000,0,0,0,0,0,,0,0,"{""atlasexp-api-35bc56"":{""active"":0,""idle"":4,""other"":0},""atlasexp-scheduler-best-fit-2ba53c"":{""active"":0,""idle"":2,""other"":0},""atlasexp-worker-w00-cpu-00-ce2ea6"":{""active"":0,""idle"":4,""other"":0}}"
2026-09-30T13:52:17.149783852Z,bench-cpu-w1-best-fit-ropen-t3,0.120116,,0,9,0,0.000000,5227.337000,0,0,0,0,0,,0,0,"{""atlasexp-api-35bc56"":{""active"":0,""idle"":4,""other"":0},""atlasexp-scheduler-best-fit-2ba53c"":{""active"":0,""idle"":2,""other"":0},""atlasexp-worker-w00-cpu-00-ce2ea6"":{""active"":0,""idle"":3,""other"":1}}"
2026-09-30T13:52:17.400572765Z,bench-cpu-w1-best-fit-ropen-t3,0.079748,,0,10,0,0.000000,5478.117000,0,0,0,0,0,,0,0,"{""atlasexp-api-35bc56"":{""active"":0,""idle"":4,""other"":0},""atlasexp-scheduler-best-fit-2ba53c"":{""active"":0,""idle"":2,""other"":0},""atlasexp-worker-w00-cpu-00-ce2ea6"":{""active"":0,""idle"":4,""other"":0}}"
2026-09-30T13:52:17.649821565Z,bench-cpu-w1-best-fit-ropen-t3,0.080241,,0,10,0,0.000000,5727.369000,0,0,0,0,0,,0,0,"{""atlasexp-api-35bc56"":{""active"":0,""idle"":4,""other"":0},""atlasexp-scheduler-best-fit-2ba53c"":{""active"":0,""idle"":2,""other"":0},""atlasexp-worker-w00-cpu-00-ce2ea6"":{""active"":0,""idle"":4,""other"":0}}"
2026-09-30T13:52:17.900452885Z,bench-cpu-w1-best-fit-ropen-t3,0.159597,,0,10,0,0.000000,5978.133000,0,0,0,0,0,,0,0,"{""atlasexp-api-35bc56"":{""active"":0,""idle"":4,""other"":0},""atlasexp-scheduler-best-fit-2ba53c"":{""active"":0,""idle"":2,""other"":0},""atlasexp-worker-w00-cpu-00-ce2ea6"":{""active"":0,""idle"":4,""other"":0}}"
2026-09-30T13:52:18.150024086Z,bench-cpu-w1-best-fit-ropen-t3,0.080137,,0,10,0,0.000000,6227.759000,0,0,0,0,0,,0,0,"{""atlasexp-api-35bc56"":{""active"":0,""idle"":4,""other"":0},""atlasexp-scheduler-best-fit-2ba53c"":{""active"":0,""idle"":2,""other"":0},""atlasexp-worker-w00-cpu-00-ce2ea6"":{""active"":0,""idle"":4,""other"":0}}"
2026-09-30T13:52:18.400266531Z,bench-cpu-w1-best-fit-ropen-t3,0.079922,,1,8,0,0.000000,6477.650000,0,0,0,0,0,,0,0,"{""atlasexp-api-35bc56"":{""active"":0,""idle"":4,""other"":0},""atlasexp-scheduler-best-fit-2ba53c"":{""active"":0,""idle"":1,""other"":1},""atlasexp-worker-w00-cpu-00-ce2ea6"":{""active"":1,""idle"":3,""other"":0}}"
2026-09-30T13:52:18.650327977Z,bench-cpu-w1-best-fit-ropen-t3,0.079980,,0,10,0,0.000000,6727.917000,0,0,0,0,0,,0,0,"{""atlasexp-api-35bc56"":{""active"":0,""idle"":4,""other"":0},""atlasexp-scheduler-best-fit-2ba53c"":{""active"":0,""idle"":2,""other"":0},""atlasexp-worker-w00-cpu-00-ce2ea6"":{""active"":0,""idle"":4,""other"":0}}"
2026-09-30T13:52:18.900786415Z,bench-cpu-w1-best-fit-ropen-t3,0.039927,,0,9,0,0.000000,6978.267000,0,0,0,0,0,,0,0,"{""atlasexp-api-35bc56"":{""active"":0,""idle"":4,""other"":0},""atlasexp-scheduler-best-fit-2ba53c"":{""active"":0,""idle"":2,""other"":0},""atlasexp-worker-w00-cpu-00-ce2ea6"":{""active"":0,""idle"":3,""other"":1}}"
2026-09-30T13:52:19.150480304Z,bench-cpu-w1-best-fit-ropen-t3,0.120147,,0,10,0,0.000000,7227.821000,0,0,0,0,0,,0,0,"{""atlasexp-api-35bc56"":{""active"":0,""idle"":4,""other"":0},""atlasexp-scheduler-best-fit-2ba53c"":{""active"":0,""idle"":2,""other"":0},""atlasexp-worker-w00-cpu-00-ce2ea6"":{""active"":0,""idle"":4,""other"":0}}"
2026-09-30T13:52:19.400643318Z,bench-cpu-w1-best-fit-ropen-t3,0.119922,,0,10,0,0.000000,7478.159000,0,0,0,0,0,,0,0,"{""atlasexp-api-35bc56"":{""active"":0,""idle"":4,""other"":0},""atlasexp-scheduler-best-fit-2ba53c"":{""active"":0,""idle"":2,""other"":0},""atlasexp-worker-w00-cpu-00-ce2ea6"":{""active"":0,""idle"":4,""other"":0}}"
2026-09-30T13:52:19.650104172Z,bench-cpu-w1-best-fit-ropen-t3,0.080173,,1,9,0,0.000000,7727.805000,0,0,0,0,0,,0,0,"{""atlasexp-api-35bc56"":{""active"":0,""idle"":4,""other"":0},""atlasexp-scheduler-best-fit-2ba53c"":{""active"":0,""idle"":2,""other"":0},""atlasexp-worker-w00-cpu-00-ce2ea6"":{""active"":1,""idle"":3,""other"":0}}"
2026-09-30T13:52:19.899736965Z,bench-cpu-w1-best-fit-ropen-t3,0.040059,,0,10,0,0.000000,7977.194000,0,0,0,0,0,,0,0,"{""atlasexp-api-35bc56"":{""active"":0,""idle"":4,""other"":0},""atlasexp-scheduler-best-fit-2ba53c"":{""active"":0,""idle"":2,""other"":0},""atlasexp-worker-w00-cpu-00-ce2ea6"":{""active"":0,""idle"":4,""other"":0}}"
2026-09-30T13:52:20.150650854Z,bench-cpu-w1-best-fit-ropen-t3,0.079709,,0,10,0,0.000000,8228.184000,0,0,0,0,0,,0,0,"{""atlasexp-api-35bc56"":{""active"":0,""idle"":4,""other"":0},""atlasexp-scheduler-best-fit-2ba53c"":{""active"":0,""idle"":2,""other"":0},""atlasexp-worker-w00-cpu-00-ce2ea6"":{""active"":0,""idle"":4,""other"":0}}"
2026-09-30T13:52:20.400798532Z,bench-cpu-w1-best-fit-ropen-t3,0.079953,,1,9,0,0.000000,8478.114000,0,0,0,0,0,,0,0,"{""atlasexp-api-35bc56"":{""active"":0,""idle"":4,""other"":0},""atlasexp-scheduler-best-fit-2ba53c"":{""active"":0,""idle"":2,""other"":0},""atlasexp-worker-w00-cpu-00-ce2ea6"":{""active"":1,""idle"":3,""other"":0}}"
2026-09-30T13:52:20.650586577Z,bench-cpu-w1-best-fit-ropen-t3,0.080068,,0,10,0,0.000000,8728.120000,0,0,0,0,0,,0,0,"{""atlasexp-api-35bc56"":{""active"":0,""idle"":4,""other"":0},""atlasexp-scheduler-best-fit-2ba53c"":{""active"":0,""idle"":2,""other"":0},""atlasexp-worker-w00-cpu-00-ce2ea6"":{""active"":0,""idle"":4,""other"":0}}"
2026-09-30T13:52:20.900276817Z,bench-cpu-w1-best-fit-ropen-t3,0.120149,,0,9,0,0.000000,8977.691000,0,0,0,0,0,,0,0,"{""atlasexp-api-35bc56"":{""active"":0,""idle"":4,""other"":0},""atlasexp-scheduler-best-fit-2ba53c"":{""active"":0,""idle"":2,""other"":0},""atlasexp-worker-w00-cpu-00-ce2ea6"":{""active"":0,""idle"":3,""other"":1}}"
2026-09-30T13:52:21.149917717Z,bench-cpu-w1-best-fit-ropen-t3,0.040058,,0,10,0,0.000000,9227.529000,0,0,0,0,0,,0,0,"{""atlasexp-api-35bc56"":{""active"":0,""idle"":4,""other"":0},""atlasexp-scheduler-best-fit-2ba53c"":{""active"":0,""idle"":2,""other"":0},""atlasexp-worker-w00-cpu-00-ce2ea6"":{""active"":0,""idle"":4,""other"":0}}"
2026-09-30T13:52:21.40054498Z,bench-cpu-w1-best-fit-ropen-t3,0.079800,,0,9,0,0.000000,9477.917000,0,0,0,0,0,,0,0,"{""atlasexp-api-35bc56"":{""active"":0,""idle"":4,""other"":0},""atlasexp-scheduler-best-fit-2ba53c"":{""active"":0,""idle"":2,""other"":0},""atlasexp-worker-w00-cpu-00-ce2ea6"":{""active"":0,""idle"":3,""other"":1}}"
2026-09-30T13:52:21.650382808Z,bench-cpu-w1-best-fit-ropen-t3,0.120078,,0,10,0,0.000000,9727.773000,0,0,0,0,0,,0,0,"{""atlasexp-api-35bc56"":{""active"":0,""idle"":4,""other"":0},""atlasexp-scheduler-best-fit-2ba53c"":{""active"":0,""idle"":2,""other"":0},""atlasexp-worker-w00-cpu-00-ce2ea6"":{""active"":0,""idle"":4,""other"":0}}"
2026-09-30T13:52:21.90058068Z,bench-cpu-w1-best-fit-ropen-t3,0.159873,,0,10,0,0.000000,9978.118000,0,0,0,0,0,,0,0,"{""atlasexp-api-35bc56"":{""active"":0,""idle"":4,""other"":0},""atlasexp-scheduler-best-fit-2ba53c"":{""active"":0,""idle"":2,""other"":0},""atlasexp-worker-w00-cpu-00-ce2ea6"":{""active"":0,""idle"":4,""other"":0}}"
2026-09-30T13:52:22.150364666Z,bench-cpu-w1-best-fit-ropen-t3,0.040035,,0,10,0,0.000000,10228.059000,0,0,0,0,0,,0,0,"{""atlasexp-api-35bc56"":{""active"":0,""idle"":4,""other"":0},""atlasexp-scheduler-best-fit-2ba53c"":{""active"":0,""idle"":2,""other"":0},""atlasexp-worker-w00-cpu-00-ce2ea6"":{""active"":0,""idle"":4,""other"":0}}"
2026-09-30T13:52:22.39976985Z,bench-cpu-w1-best-fit-ropen-t3,0.120286,,0,10,0,0.000000,10477.313000,0,0,0,0,0,,0,0,"{""atlasexp-api-35bc56"":{""active"":0,""idle"":4,""other"":0},""atlasexp-scheduler-best-fit-2ba53c"":{""active"":0,""idle"":2,""other"":0},""atlasexp-worker-w00-cpu-00-ce2ea6"":{""active"":0,""idle"":4,""other"":0}}"
2026-09-30T13:52:22.650471821Z,bench-cpu-w1-best-fit-ropen-t3,0.079776,,0,10,0,0.000000,10728.065000,0,0,0,0,0,,0,0,"{""atlasexp-api-35bc56"":{""active"":0,""idle"":4,""other"":0},""atlasexp-scheduler-best-fit-2ba53c"":{""active"":0,""idle"":2,""other"":0},""atlasexp-worker-w00-cpu-00-ce2ea6"":{""active"":0,""idle"":4,""other"":0}}"
2026-09-30T13:52:22.900053737Z,bench-cpu-w1-best-fit-ropen-t3,0.160268,,0,10,0,0.000000,10977.580000,0,0,0,0,0,,0,0,"{""atlasexp-api-35bc56"":{""active"":0,""idle"":4,""other"":0},""atlasexp-scheduler-best-fit-2ba53c"":{""active"":0,""idle"":2,""other"":0},""atlasexp-worker-w00-cpu-00-ce2ea6"":{""active"":0,""idle"":4,""other"":0}}"
2026-09-30T13:52:23.150773799Z,bench-cpu-w1-best-fit-ropen-t3,0.039885,,0,10,0,0.000000,,0,0,0,0,0,,0,0,"{""atlasexp-api-35bc56"":{""active"":0,""idle"":4,""other"":0},""atlasexp-scheduler-best-fit-2ba53c"":{""active"":0,""idle"":2,""other"":0},""atlasexp-worker-w00-cpu-00-ce2ea6"":{""active"":0,""idle"":4,""other"":0}}"
2026-09-30T13:52:23.400367606Z,idle,0.000000,,1,13,0,0.000000,,0,0,0,0,0,,0,0,"{""atlasexp-api-35bc56"":{""active"":0,""idle"":4,""other"":0},""atlasexp-scheduler-best-fit-2ba53c"":{""active"":1,""idle"":1,""other"":0},""atlasexp-worker-w00-cpu-00-ef6946"":{""active"":0,""idle"":4,""other"":0},""atlasexp-worker-w00-cpu-01-b67292"":{""active"":0,""idle"":4,""other"":0}}"
2026-09-30T13:52:23.64981503Z,bench-cpu-w2-best-fit-ropen-t1,0.120266,,4,9,4,1.000000,,0,0,0,0,0,,0,0,"{""atlasexp-api-35bc56"":{""active"":3,""idle"":0,""other"":1},""atlasexp-scheduler-best-fit-0bf0ba"":{""active"":1,""idle"":1,""other"":0},""atlasexp-worker-w00-cpu-00-ef6946"":{""active"":0,""idle"":4,""other"":0},""atlasexp-worker-w00-cpu-01-b67292"":{""active"":0,""idle"":4,""other"":0}}"
2026-09-30T13:52:23.90032973Z,bench-cpu-w2-best-fit-ropen-t1,0.399178,,4,9,3,0.750000,271.522000,0,0,0,0,0,,0,0,"{""atlasexp-api-35bc56"":{""active"":3,""idle"":0,""other"":1},""atlasexp-scheduler-best-fit-0bf0ba"":{""active"":1,""idle"":1,""other"":0},""atlasexp-worker-w00-cpu-00-ef6946"":{""active"":0,""idle"":4,""other"":0},""atlasexp-worker-w00-cpu-01-b67292"":{""active"":0,""idle"":4,""other"":0}}"
2026-09-30T13:52:24.149741447Z,bench-cpu-w2-best-fit-ropen-t1,0.521227,,4,8,2,0.500000,521.032000,0,0,0,0,0,,0,0,"{""atlasexp-api-35bc56"":{""active"":3,""idle"":1,""other"":0},""atlasexp-scheduler-best-fit-0bf0ba"":{""active"":0,""idle"":1,""other"":1},""atlasexp-worker-w00-cpu-00-ef6946"":{""active"":0,""idle"":3,""other"":1},""atlasexp-worker-w00-cpu-01-b67292"":{""active"":1,""idle"":3,""other"":0}}"
2026-09-30T13:52:24.400465376Z,bench-cpu-w2-best-fit-ropen-t1,0.358961,,1,13,0,0.000000,771.587000,0,0,0,0,0,,0,0,"{""atlasexp-api-35bc56"":{""active"":0,""idle"":4,""other"":0},""atlasexp-scheduler-best-fit-0bf0ba"":{""active"":1,""idle"":1,""other"":0},""atlasexp-worker-w00-cpu-00-ef6946"":{""active"":0,""idle"":4,""other"":0},""atlasexp-worker-w00-cpu-01-b67292"":{""active"":0,""idle"":4,""other"":0}}"
2026-09-30T13:52:24.650405503Z,bench-cpu-w2-best-fit-ropen-t1,0.200048,,0,13,0,0.000000,1021.568000,0,0,0,0,0,,0,0,"{""atlasexp-api-35bc56"":{""active"":0,""idle"":4,""other"":0},""atlasexp-scheduler-best-fit-0bf0ba"":{""active"":0,""idle"":1,""other"":1},""atlasexp-worker-w00-cpu-00-ef6946"":{""active"":0,""idle"":4,""other"":0},""atlasexp-worker-w00-cpu-01-b67292"":{""active"":0,""idle"":4,""other"":0}}"
2026-09-30T13:52:24.900104246Z,bench-cpu-w2-best-fit-ropen-t1,0.240290,,0,14,0,0.000000,1271.458000,0,0,0,0,0,,0,0,"{""atlasexp-api-35bc56"":{""active"":0,""idle"":4,""other"":0},""atlasexp-scheduler-best-fit-0bf0ba"":{""active"":0,""idle"":2,""other"":0},""atlasexp-worker-w00-cpu-00-ef6946"":{""active"":0,""idle"":4,""other"":0},""atlasexp-worker-w00-cpu-01-b67292"":{""active"":0,""idle"":4,""other"":0}}"
2026-09-30T13:52:25.150611341Z,bench-cpu-w2-best-fit-ropen-t1,0.199595,,1,13,0,0.000000,1521.856000,0,0,0,0,0,,0,0,"{""atlasexp-api-35bc56"":{""active"":0,""idle"":4,""other"":0},""atlasexp-scheduler-best-fit-0bf0ba"":{""active"":1,""idle"":1,""other"":0},""atlasexp-worker-w00-cpu-00-ef6946"":{""active"":0,""idle"":4,""other"":0},""atlasexp-worker-w00-cpu-01-b67292"":{""active"":0,""idle"":4,""other"":0}}"
2026-09-30T13:52:25.400738397Z,bench-cpu-w2-best-fit-ropen-t1,0.079959,,0,14,0,0.000000,1771.981000,0,0,0,0,0,,0,0,"{""atlasexp-api-35bc56"":{""active"":0,""idle"":4,""other"":0},""atlasexp-scheduler-best-fit-0bf0ba"":{""active"":0,""idle"":2,""other"":0},""atlasexp-worker-w00-cpu-00-ef6946"":{""active"":0,""idle"":4,""other"":0},""atlasexp-worker-w00-cpu-01-b67292"":{""active"":0,""idle"":4,""other"":0}}"
2026-09-30T13:52:25.650032615Z,bench-cpu-w2-best-fit-ropen-t1,0.240679,,0,13,0,0.000000,1655.186000,0,0,0,0,0,,0,0,"{""atlasexp-api-35bc56"":{""active"":0,""idle"":4,""other"":0},""atlasexp-scheduler-best-fit-0bf0ba"":{""active"":0,""idle"":1,""other"":1},""atlasexp-worker-w00-cpu-00-ef6946"":{""active"":0,""idle"":4,""other"":0},""atlasexp-worker-w00-cpu-01-b67292"":{""active"":0,""idle"":4,""other"":0}}"
2026-09-30T13:52:25.899724235Z,bench-cpu-w2-best-fit-ropen-t1,0.280346,,0,13,0,0.000000,1904.859000,0,0,0,0,0,,0,0,"{""atlasexp-api-35bc56"":{""active"":0,""idle"":4,""other"":0},""atlasexp-scheduler-best-fit-0bf0ba"":{""active"":0,""idle"":2,""other"":0},""atlasexp-worker-w00-cpu-00-ef6946"":{""active"":0,""idle"":4,""other"":0},""atlasexp-worker-w00-cpu-01-b67292"":{""active"":0,""idle"":3,""other"":1}}"
2026-09-30T13:52:26.149707841Z,bench-cpu-w2-best-fit-ropen-t1,0.200013,,1,13,0,0.000000,2154.956000,0,0,0,0,0,,0,0,"{""atlasexp-api-35bc56"":{""active"":0,""idle"":4,""other"":0},""atlasexp-scheduler-best-fit-0bf0ba"":{""active"":1,""idle"":1,""other"":0},""atlasexp-worker-w00-cpu-00-ef6946"":{""active"":0,""idle"":4,""other"":0},""atlasexp-worker-w00-cpu-01-b67292"":{""active"":0,""idle"":4,""other"":0}}"
2026-09-30T13:52:26.400267947Z,bench-cpu-w2-best-fit-ropen-t1,0.079821,,0,14,0,0.000000,2405.775000,0,0,0,0,0,,0,0,"{""atlasexp-api-35bc56"":{""active"":0,""idle"":4,""other"":0},""atlasexp-scheduler-best-fit-0bf0ba"":{""active"":0,""idle"":2,""other"":0},""atlasexp-worker-w00-cpu-00-ef6946"":{""active"":0,""idle"":4,""other"":0},""atlasexp-worker-w00-cpu-01-b67292"":{""active"":0,""idle"":4,""other"":0}}"
2026-09-30T13:52:26.649989283Z,bench-cpu-w2-best-fit-ropen-t1,0.160179,,1,12,0,0.000000,2655.153000,0,0,0,0,0,,0,0,"{""atlasexp-api-35bc56"":{""active"":0,""idle"":4,""other"":0},""atlasexp-scheduler-best-fit-0bf0ba"":{""active"":1,""idle"":1,""other"":0},""atlasexp-worker-w00-cpu-00-ef6946"":{""active"":0,""idle"":4,""other"":0},""atlasexp-worker-w00-cpu-01-b67292"":{""active"":0,""idle"":3,""other"":1}}"
2026-09-30T13:52:26.899777744Z,bench-cpu-w2-best-fit-ropen-t1,0.200169,,0,14,0,0.000000,2905.305000,0,0,0,0,0,,0,0,"{""atlasexp-api-35bc56"":{""active"":0,""idle"":4,""other"":0},""atlasexp-scheduler-best-fit-0bf0ba"":{""active"":0,""idle"":2,""other"":0},""atlasexp-worker-w00-cpu-00-ef6946"":{""active"":0,""idle"":4,""other"":0},""atlasexp-worker-w00-cpu-01-b67292"":{""active"":0,""idle"":4,""other"":0}}"
2026-09-30T13:52:27.150187598Z,bench-cpu-w2-best-fit-ropen-t1,0.159738,,0,14,0,0.000000,3155.341000,0,0,0,0,0,,0,0,"{""atlasexp-api-35bc56"":{""active"":0,""idle"":4,""other"":0},""atlasexp-scheduler-best-fit-0bf0ba"":{""active"":0,""idle"":2,""other"":0},""atlasexp-worker-w00-cpu-00-ef6946"":{""active"":0,""idle"":4,""other"":0},""atlasexp-worker-w00-cpu-01-b67292"":{""active"":0,""idle"":4,""other"":0}}"
2026-09-30T13:52:27.399927779Z,bench-cpu-w2-best-fit-ropen-t1,0.200208,,0,14,0,0.000000,3405.135000,0,0,0,0,0,,0,0,"{""atlasexp-api-35bc56"":{""active"":0,""idle"":4,""other"":0},""atlasexp-scheduler-best-fit-0bf0ba"":{""active"":0,""idle"":2,""other"":0},""atlasexp-worker-w00-cpu-00-ef6946"":{""active"":0,""idle"":4,""other"":0},""atlasexp-worker-w00-cpu-01-b67292"":{""active"":0,""idle"":4,""other"":0}}"
2026-09-30T13:52:27.650289472Z,bench-cpu-w2-best-fit-ropen-t1,0.119827,,1,13,0,0.000000,3655.485000,0,0,0,0,0,,0,0,"{""atlasexp-api-35bc56"":{""active"":0,""idle"":4,""other"":0},""atlasexp-scheduler-best-fit-0bf0ba"":{""active"":1,""idle"":1,""other"":0},""atlasexp-worker-w00-cpu-00-ef6946"":{""active"":0,""idle"":4,""other"":0},""atlasexp-worker-w00-cpu-01-b67292"":{""active"":0,""idle"":4,""other"":0}}"
2026-09-30T13:52:27.900140111Z,bench-cpu-w2-best-fit-ropen-t1,0.160096,,1,13,0,0.000000,3905.363000,0,0,0,0,0,,0,0,"{""atlasexp-api-35bc56"":{""active"":0,""idle"":4,""other"":0},""atlasexp-scheduler-best-fit-0bf0ba"":{""active"":0,""idle"":2,""other"":0},""atlasexp-worker-w00-cpu-00-ef6946"":{""active"":0,""idle"":4,""other"":0},""atlasexp-worker-w00-cpu-01-b67292"":{""active"":1,""idle"":3,""other"":0}}"
2026-09-30T13:52:28.150301731Z,bench-cpu-w2-best-fit-ropen-t1,0.279819,,1,12,0,0.000000,4155.287000,0,0,0,0,0,,0,0,"{""atlasexp-api-35bc56"":{""active"":0,""idle"":4,""other"":0},""atlasexp-scheduler-best-fit-0bf0ba"":{""active"":1,""idle"":1,""other"":0},""atlasexp-worker-w00-cpu-00-ef6946"":{""active"":0,""idle"":3,""other"":1},""atlasexp-worker-w00-cpu-01-b67292"":{""active"":0,""idle"":4,""other"":0}}"
2026-09-30T13:52:28.400272413Z,bench-cpu-w2-best-fit-ropen-t1,0.040005,,0,14,0,0.000000,3605.455000,0,0,0,0,0,,0,0,"{""atlasexp-api-35bc56"":{""active"":0,""idle"":4,""other"":0},""atlasexp-scheduler-best-fit-0bf0ba"":{""active"":0,""idle"":2,""other"":0},""atlasexp-worker-w00-cpu-00-ef6946"":{""active"":0,""idle"":4,""other"":0},""atlasexp-worker-w00-cpu-01-b67292"":{""active"":0,""idle"":4,""other"":0}}"
2026-09-30T13:52:28.650251611Z,bench-cpu-w2-best-fit-ropen-t1,0.240020,,0,14,0,0.000000,3855.407000,0,0,0,0,0,,0,0,"{""atlasexp-api-35bc56"":{""active"":0,""idle"":4,""other"":0},""atlasexp-scheduler-best-fit-0bf0ba"":{""active"":0,""idle"":2,""other"":0},""atlasexp-worker-w00-cpu-00-ef6946"":{""active"":0,""idle"":4,""other"":0},""atlasexp-worker-w00-cpu-01-b67292"":{""active"":0,""idle"":4,""other"":0}}"
2026-09-30T13:52:28.900330535Z,bench-cpu-w2-best-fit-ropen-t1,0.119962,,0,13,0,0.000000,4105.295000,0,0,0,0,0,,0,0,"{""atlasexp-api-35bc56"":{""active"":0,""idle"":4,""other"":0},""atlasexp-scheduler-best-fit-0bf0ba"":{""active"":0,""idle"":2,""other"":0},""atlasexp-worker-w00-cpu-00-ef6946"":{""active"":0,""idle"":3,""other"":1},""atlasexp-worker-w00-cpu-01-b67292"":{""active"":0,""idle"":4,""other"":0}}"
2026-09-30T13:52:29.150293011Z,bench-cpu-w2-best-fit-ropen-t1,0.160024,,0,14,0,0.000000,4355.356000,0,0,0,0,0,,0,0,"{""atlasexp-api-35bc56"":{""active"":0,""idle"":4,""other"":0},""atlasexp-scheduler-best-fit-0bf0ba"":{""active"":0,""idle"":2,""other"":0},""atlasexp-worker-w00-cpu-00-ef6946"":{""active"":0,""idle"":4,""other"":0},""atlasexp-worker-w00-cpu-01-b67292"":{""active"":0,""idle"":4,""other"":0}}"
2026-09-30T13:52:29.400050715Z,bench-cpu-w2-best-fit-ropen-t1,0.120116,,0,14,0,0.000000,4605.121000,0,0,0,0,0,,0,0,"{""atlasexp-api-35bc56"":{""active"":0,""idle"":4,""other"":0},""atlasexp-scheduler-best-fit-0bf0ba"":{""active"":0,""idle"":2,""other"":0},""atlasexp-worker-w00-cpu-00-ef6946"":{""active"":0,""idle"":4,""other"":0},""atlasexp-worker-w00-cpu-01-b67292"":{""active"":0,""idle"":4,""other"":0}}"
2026-09-30T13:52:29.650680621Z,bench-cpu-w2-best-fit-ropen-t1,0.159598,,1,13,0,0.000000,4855.787000,0,0,0,0,0,,0,0,"{""atlasexp-api-35bc56"":{""active"":0,""idle"":4,""other"":0},""atlasexp-scheduler-best-fit-0bf0ba"":{""active"":0,""idle"":2,""other"":0},""atlasexp-worker-w00-cpu-00-ef6946"":{""active"":0,""idle"":4,""other"":0},""atlasexp-worker-w00-cpu-01-b67292"":{""active"":1,""idle"":3,""other"":0}}"
2026-09-30T13:52:29.899948319Z,bench-cpu-w2-best-fit-ropen-t1,0.200588,,0,14,0,0.000000,5105.123000,0,0,0,0,0,,0,0,"{""atlasexp-api-35bc56"":{""active"":0,""idle"":4,""other"":0},""atlasexp-scheduler-best-fit-0bf0ba"":{""active"":0,""idle"":2,""other"":0},""atlasexp-worker-w00-cpu-00-ef6946"":{""active"":0,""idle"":4,""other"":0},""atlasexp-worker-w00-cpu-01-b67292"":{""active"":0,""idle"":4,""other"":0}}"
2026-09-30T13:52:30.150198754Z,bench-cpu-w2-best-fit-ropen-t1,0.119880,,0,12,0,0.000000,5355.222000,0,0,0,0,0,,0,0,"{""atlasexp-api-35bc56"":{""active"":0,""idle"":4,""other"":0},""atlasexp-scheduler-best-fit-0bf0ba"":{""active"":0,""idle"":1,""other"":1},""atlasexp-worker-w00-cpu-00-ef6946"":{""active"":0,""idle"":4,""other"":0},""atlasexp-worker-w00-cpu-01-b67292"":{""active"":0,""idle"":3,""other"":1}}"
2026-09-30T13:52:30.400031357Z,bench-cpu-w2-best-fit-ropen-t1,0.080054,,0,14,0,0.000000,5605.121000,0,0,0,0,0,,0,0,"{""atlasexp-api-35bc56"":{""active"":0,""idle"":4,""other"":0},""atlasexp-scheduler-best-fit-0bf0ba"":{""active"":0,""idle"":2,""other"":0},""atlasexp-worker-w00-cpu-00-ef6946"":{""active"":0,""idle"":4,""other"":0},""atlasexp-worker-w00-cpu-01-b67292"":{""active"":0,""idle"":4,""other"":0}}"
2026-09-30T13:52:30.650499123Z,bench-cpu-w2-best-fit-ropen-t1,0.119776,,0,14,0,0.000000,,0,0,0,0,0,,0,0,"{""atlasexp-api-35bc56"":{""active"":0,""idle"":4,""other"":0},""atlasexp-scheduler-best-fit-0bf0ba"":{""active"":0,""idle"":2,""other"":0},""atlasexp-worker-w00-cpu-00-ef6946"":{""active"":0,""idle"":4,""other"":0},""atlasexp-worker-w00-cpu-01-b67292"":{""active"":0,""idle"":4,""other"":0}}"
2026-09-30T13:52:30.899724264Z,bench-cpu-w2-best-fit-ropen-t2,0.361119,,3,10,3,1.000000,171.088000,0,0,0,0,0,,0,0,"{""atlasexp-api-35bc56"":{""active"":2,""idle"":1,""other"":1},""atlasexp-scheduler-best-fit-0bf0ba"":{""active"":1,""idle"":1,""other"":0},""atlasexp-worker-w00-cpu-00-ef6946"":{""active"":0,""idle"":4,""other"":0},""atlasexp-worker-w00-cpu-01-b67292"":{""active"":0,""idle"":4,""other"":0}}"
2026-09-30T13:52:31.149758822Z,bench-cpu-w2-best-fit-ropen-t2,0.559923,,6,8,4,0.666667,420.918000,0,0,0,0,0,,0,0,"{""atlasexp-api-35bc56"":{""active"":4,""idle"":0,""other"":0},""atlasexp-scheduler-best-fit-0bf0ba"":{""active"":1,""idle"":1,""other"":0},""atlasexp-worker-w00-cpu-00-ef6946"":{""active"":1,""idle"":3,""other"":0},""atlasexp-worker-w00-cpu-01-b67292"":{""active"":0,""idle"":4,""other"":0}}"
2026-09-30T13:52:31.400000208Z,bench-cpu-w2-best-fit-ropen-t2,0.399614,,4,9,4,1.000000,671.195000,0,0,0,0,0,,0,0,"{""atlasexp-api-35bc56"":{""active"":3,""idle"":0,""other"":1},""atlasexp-scheduler-best-fit-0bf0ba"":{""active"":1,""idle"":1,""other"":0},""atlasexp-worker-w00-cpu-00-ef6946"":{""active"":0,""idle"":4,""other"":0},""atlasexp-worker-w00-cpu-01-b67292"":{""active"":0,""idle"":4,""other"":0}}"
2026-09-30T13:52:31.650028625Z,bench-cpu-w2-best-fit-ropen-t2,0.279968,,0,13,0,0.000000,921.411000,0,0,0,0,0,,0,0,"{""atlasexp-api-35bc56"":{""active"":0,""idle"":4,""other"":0},""atlasexp-scheduler-best-fit-0bf0ba"":{""active"":0,""idle"":1,""other"":1},""atlasexp-worker-w00-cpu-00-ef6946"":{""active"":0,""idle"":4,""other"":0},""atlasexp-worker-w00-cpu-01-b67292"":{""active"":0,""idle"":4,""other"":0}}"
2026-09-30T13:52:31.900462051Z,bench-cpu-w2-best-fit-ropen-t2,0.239585,,0,13,0,0.000000,1171.756000,0,0,0,0,0,,0,0,"{""atlasexp-api-35bc56"":{""active"":0,""idle"":4,""other"":0},""atlasexp-scheduler-best-fit-0bf0ba"":{""active"":0,""idle"":1,""other"":1},""atlasexp-worker-w00-cpu-00-ef6946"":{""active"":0,""idle"":4,""other"":0},""atlasexp-worker-w00-cpu-01-b67292"":{""active"":0,""idle"":4,""other"":0}}"
2026-09-30T13:52:32.150276017Z,bench-cpu-w2-best-fit-ropen-t2,0.200149,,0,13,0,0.000000,1421.470000,0,0,0,0,0,,0,0,"{""atlasexp-api-35bc56"":{""active"":0,""idle"":4,""other"":0},""atlasexp-scheduler-best-fit-0bf0ba"":{""active"":0,""idle"":1,""other"":1},""atlasexp-worker-w00-cpu-00-ef6946"":{""active"":0,""idle"":4,""other"":0},""atlasexp-worker-w00-cpu-01-b67292"":{""active"":0,""idle"":4,""other"":0}}"
2026-09-30T13:52:32.399758263Z,bench-cpu-w2-best-fit-ropen-t2,0.240498,,0,14,0,0.000000,1670.978000,0,0,0,0,0,,0,0,"{""atlasexp-api-35bc56"":{""active"":0,""idle"":4,""other"":0},""atlasexp-scheduler-best-fit-0bf0ba"":{""active"":0,""idle"":2,""other"":0},""atlasexp-worker-w00-cpu-00-ef6946"":{""active"":0,""idle"":4,""other"":0},""atlasexp-worker-w00-cpu-01-b67292"":{""active"":0,""idle"":4,""other"":0}}"
2026-09-30T13:52:32.650420887Z,bench-cpu-w2-best-fit-ropen-t2,0.239366,,0,14,0,0.000000,1680.367000,0,0,0,0,0,,0,0,"{""atlasexp-api-35bc56"":{""active"":0,""idle"":4,""other"":0},""atlasexp-scheduler-best-fit-0bf0ba"":{""active"":0,""idle"":2,""other"":0},""atlasexp-worker-w00-cpu-00-ef6946"":{""active"":0,""idle"":4,""other"":0},""atlasexp-worker-w00-cpu-01-b67292"":{""active"":0,""idle"":4,""other"":0}}"
2026-09-30T13:52:32.900724849Z,bench-cpu-w2-best-fit-ropen-t2,0.119854,,1,13,0,0.000000,1930.905000,0,0,0,0,0,,0,0,"{""atlasexp-api-35bc56"":{""active"":0,""idle"":4,""other"":0},""atlasexp-scheduler-best-fit-0bf0ba"":{""active"":0,""idle"":2,""other"":0},""atlasexp-worker-w00-cpu-00-ef6946"":{""active"":0,""idle"":4,""other"":0},""atlasexp-worker-w00-cpu-01-b67292"":{""active"":1,""idle"":3,""other"":0}}"
2026-09-30T13:52:33.150617564Z,bench-cpu-w2-best-fit-ropen-t2,0.160069,,1,11,0,0.000000,2180.455000,0,0,0,0,0,,0,0,"{""atlasexp-api-35bc56"":{""active"":0,""idle"":4,""other"":0},""atlasexp-scheduler-best-fit-0bf0ba"":{""active"":0,""idle"":1,""other"":1},""atlasexp-worker-w00-cpu-00-ef6946"":{""active"":1,""idle"":2,""other"":1},""atlasexp-worker-w00-cpu-01-b67292"":{""active"":0,""idle"":4,""other"":0}}"
2026-09-30T13:52:33.399778981Z,bench-cpu-w2-best-fit-ropen-t2,0.080269,,0,14,0,0.000000,2429.689000,0,0,0,0,0,,0,0,"{""atlasexp-api-35bc56"":{""active"":0,""idle"":4,""other"":0},""atlasexp-scheduler-best-fit-0bf0ba"":{""active"":0,""idle"":2,""other"":0},""atlasexp-worker-w00-cpu-00-ef6946"":{""active"":0,""idle"":4,""other"":0},""atlasexp-worker-w00-cpu-01-b67292"":{""active"":0,""idle"":4,""other"":0}}"
2026-09-30T13:52:33.650695347Z,bench-cpu-w2-best-fit-ropen-t2,0.199270,,0,14,0,0.000000,2680.665000,0,0,0,0,0,,0,0,"{""atlasexp-api-35bc56"":{""active"":0,""idle"":4,""other"":0},""atlasexp-scheduler-best-fit-0bf0ba"":{""active"":0,""idle"":2,""other"":0},""atlasexp-worker-w00-cpu-00-ef6946"":{""active"":0,""idle"":4,""other"":0},""atlasexp-worker-w00-cpu-01-b67292"":{""active"":0,""idle"":4,""other"":0}}"
2026-09-30T13:52:33.900347422Z,bench-cpu-w2-best-fit-ropen-t2,0.040056,,0,14,0,0.000000,2930.299000,0,0,0,0,0,,0,0,"{""atlasexp-api-35bc56"":{""active"":0,""idle"":4,""other"":0},""atlasexp-scheduler-best-fit-0bf0ba"":{""active"":0,""idle"":2,""other"":0},""atlasexp-worker-w00-cpu-00-ef6946"":{""active"":0,""idle"":4,""other"":0},""atlasexp-worker-w00-cpu-01-b67292"":{""active"":0,""idle"":4,""other"":0}}"
2026-09-30T13:52:34.150341426Z,bench-cpu-w2-best-fit-ropen-t2,0.160004,,0,14,0,0.000000,3180.136000,0,0,0,0,0,,0,0,"{""atlasexp-api-35bc56"":{""active"":0,""idle"":4,""other"":0},""atlasexp-scheduler-best-fit-0bf0ba"":{""active"":0,""idle"":2,""other"":0},""atlasexp-worker-w00-cpu-00-ef6946"":{""active"":0,""idle"":4,""other"":0},""atlasexp-worker-w00-cpu-01-b67292"":{""active"":0,""idle"":4,""other"":0}}"
2026-09-30T13:52:34.400356239Z,bench-cpu-w2-best-fit-ropen-t2,0.199988,,0,14,0,0.000000,2724.286000,0,0,0,0,0,,0,0,"{""atlasexp-api-35bc56"":{""active"":0,""idle"":4,""other"":0},""atlasexp-scheduler-best-fit-0bf0ba"":{""active"":0,""idle"":2,""other"":0},""atlasexp-worker-w00-cpu-00-ef6946"":{""active"":0,""idle"":4,""other"":0},""atlasexp-worker-w00-cpu-01-b67292"":{""active"":0,""idle"":4,""other"":0}}"
2026-09-30T13:52:34.649967567Z,bench-cpu-w2-best-fit-ropen-t2,0.200311,,1,13,0,0.000000,2973.958000,0,0,0,0,0,,0,0,"{""atlasexp-api-35bc56"":{""active"":0,""idle"":4,""other"":0},""atlasexp-scheduler-best-fit-0bf0ba"":{""active"":0,""idle"":2,""other"":0},""atlasexp-worker-w00-cpu-00-ef6946"":{""active"":0,""idle"":4,""other"":0},""atlasexp-worker-w00-cpu-01-b67292"":{""active"":1,""idle"":3,""other"":0}}"
2026-09-30T13:52:34.900490287Z,bench-cpu-w2-best-fit-ropen-t2,0.079833,,0,14,0,0.000000,3224.745000,0,0,0,0,0,,0,0,"{""atlasexp-api-35bc56"":{""active"":0,""idle"":4,""other"":0},""atlasexp-scheduler-best-fit-0bf0ba"":{""active"":0,""idle"":2,""other"":0},""atlasexp-worker-w00-cpu-00-ef6946"":{""active"":0,""idle"":4,""other"":0},""atlasexp-worker-w00-cpu-01-b67292"":{""active"":0,""idle"":4,""other"":0}}"
2026-09-30T13:52:35.149967416Z,bench-cpu-w2-best-fit-ropen-t2,0.120252,,0,13,0,0.000000,3473.950000,0,0,0,0,0,,0,0,"{""atlasexp-api-35bc56"":{""active"":0,""idle"":4,""other"":0},""atlasexp-scheduler-best-fit-0bf0ba"":{""active"":0,""idle"":1,""other"":1},""atlasexp-worker-w00-cpu-00-ef6946"":{""active"":0,""idle"":4,""other"":0},""atlasexp-worker-w00-cpu-01-b67292"":{""active"":0,""idle"":4,""other"":0}}"
2026-09-30T13:52:35.400033144Z,bench-cpu-w2-best-fit-ropen-t2,0.199947,,0,14,0,0.000000,3724.050000,0,0,0,0,0,,0,0,"{""atlasexp-api-35bc56"":{""active"":0,""idle"":4,""other"":0},""atlasexp-scheduler-best-fit-0bf0ba"":{""active"":0,""idle"":2,""other"":0},""atlasexp-worker-w00-cpu-00-ef6946"":{""active"":0,""idle"":4,""other"":0},""atlasexp-worker-w00-cpu-01-b67292"":{""active"":0,""idle"":4,""other"":0}}"
2026-09-30T13:52:35.650441752Z,bench-cpu-w2-best-fit-ropen-t2,0.119804,,0,14,0,0.000000,3974.567000,0,0,0,0,0,,0,0,"{""atlasexp-api-35bc56"":{""active"":0,""idle"":4,""other"":0},""atlasexp-scheduler-best-fit-0bf0ba"":{""active"":0,""idle"":2,""other"":0},""atlasexp-worker-w00-cpu-00-ef6946"":{""active"":0,""idle"":4,""other"":0},""atlasexp-worker-w00-cpu-01-b67292"":{""active"":0,""idle"":4,""other"":0}}"
2026-09-30T13:52:35.900399107Z,bench-cpu-w2-best-fit-ropen-t2,0.160027,,0,14,0,0.000000,4224.457000,0,0,0,0,0,,0,0,"{""atlasexp-api-35bc56"":{""active"":0,""idle"":4,""other"":0},""atlasexp-scheduler-best-fit-0bf0ba"":{""active"":0,""idle"":2,""other"":0},""atlasexp-worker-w00-cpu-00-ef6946"":{""active"":0,""idle"":4,""other"":0},""atlasexp-worker-w00-cpu-01-b67292"":{""active"":0,""idle"":4,""other"":0}}"
2026-09-30T13:52:36.150248231Z,bench-cpu-w2-best-fit-ropen-t2,0.080048,,0,12,0,0.000000,4474.272000,0,0,0,0,0,,0,0,"{""atlasexp-api-35bc56"":{""active"":0,""idle"":4,""other"":0},""atlasexp-scheduler-best-fit-0bf0ba"":{""active"":0,""idle"":1,""other"":1},""atlasexp-worker-w00-cpu-00-ef6946"":{""active"":0,""idle"":3,""other"":1},""atlasexp-worker-w00-cpu-01-b67292"":{""active"":0,""idle"":4,""other"":0}}"
2026-09-30T13:52:36.400405187Z,bench-cpu-w2-best-fit-ropen-t2,0.239849,,0,14,0,0.000000,4724.357000,0,0,0,0,0,,0,0,"{""atlasexp-api-35bc56"":{""active"":0,""idle"":4,""other"":0},""atlasexp-scheduler-best-fit-0bf0ba"":{""active"":0,""idle"":2,""other"":0},""atlasexp-worker-w00-cpu-00-ef6946"":{""active"":0,""idle"":4,""other"":0},""atlasexp-worker-w00-cpu-01-b67292"":{""active"":0,""idle"":4,""other"":0}}"
2026-09-30T13:52:36.650547538Z,bench-cpu-w2-best-fit-ropen-t2,0.159909,,0,14,0,0.000000,4974.631000,0,0,0,0,0,,0,0,"{""atlasexp-api-35bc56"":{""active"":0,""idle"":4,""other"":0},""atlasexp-scheduler-best-fit-0bf0ba"":{""active"":0,""idle"":2,""other"":0},""atlasexp-worker-w00-cpu-00-ef6946"":{""active"":0,""idle"":4,""other"":0},""atlasexp-worker-w00-cpu-01-b67292"":{""active"":0,""idle"":4,""other"":0}}"
2026-09-30T13:52:36.899764799Z,bench-cpu-w2-best-fit-ropen-t2,0.080251,,0,14,0,0.000000,5223.749000,0,0,0,0,0,,0,0,"{""atlasexp-api-35bc56"":{""active"":0,""idle"":4,""other"":0},""atlasexp-scheduler-best-fit-0bf0ba"":{""active"":0,""idle"":2,""other"":0},""atlasexp-worker-w00-cpu-00-ef6946"":{""active"":0,""idle"":4,""other"":0},""atlasexp-worker-w00-cpu-01-b67292"":{""active"":0,""idle"":4,""other"":0}}"
2026-09-30T13:52:37.150165284Z,bench-cpu-w2-best-fit-ropen-t2,0.079872,,0,14,0,0.000000,5474.238000,0,0,0,0,0,,0,0,"{""atlasexp-api-35bc56"":{""active"":0,""idle"":4,""other"":0},""atlasexp-scheduler-best-fit-0bf0ba"":{""active"":0,""idle"":2,""other"":0},""atlasexp-worker-w00-cpu-00-ef6946"":{""active"":0,""idle"":4,""other"":0},""atlasexp-worker-w00-cpu-01-b67292"":{""active"":0,""idle"":4,""other"":0}}"
2026-09-30T13:52:37.400055441Z,bench-cpu-w2-best-fit-ropen-t2,0.120053,,0,14,0,0.000000,5724.200000,0,0,0,0,0,,0,0,"{""atlasexp-api-35bc56"":{""active"":0,""idle"":4,""other"":0},""atlasexp-scheduler-best-fit-0bf0ba"":{""active"":0,""idle"":2,""other"":0},""atlasexp-worker-w00-cpu-00-ef6946"":{""active"":0,""idle"":4,""other"":0},""atlasexp-worker-w00-cpu-01-b67292"":{""active"":0,""idle"":4,""other"":0}}"
2026-09-30T13:52:37.64973106Z,bench-cpu-w2-best-fit-ropen-t2,0.160208,,0,14,0,0.000000,,0,0,0,0,0,,0,0,"{""atlasexp-api-35bc56"":{""active"":0,""idle"":4,""other"":0},""atlasexp-scheduler-best-fit-0bf0ba"":{""active"":0,""idle"":2,""other"":0},""atlasexp-worker-w00-cpu-00-ef6946"":{""active"":0,""idle"":4,""other"":0},""atlasexp-worker-w00-cpu-01-b67292"":{""active"":0,""idle"":4,""other"":0}}"
2026-09-30T13:52:37.900095968Z,bench-cpu-w2-best-fit-ropen-t3,0.319534,,5,9,4,0.800000,70.892000,0,0,0,0,0,,0,0,"{""atlasexp-api-35bc56"":{""active"":4,""idle"":0,""other"":0},""atlasexp-scheduler-best-fit-0bf0ba"":{""active"":1,""idle"":1,""other"":0},""atlasexp-worker-w00-cpu-00-ef6946"":{""active"":0,""idle"":4,""other"":0},""atlasexp-worker-w00-cpu-01-b67292"":{""active"":0,""idle"":4,""other"":0}}"
2026-09-30T13:52:38.149761798Z,bench-cpu-w2-best-fit-ropen-t3,0.400535,,4,9,4,1.000000,320.406000,0,0,0,0,0,,0,0,"{""atlasexp-api-35bc56"":{""active"":3,""idle"":0,""other"":1},""atlasexp-scheduler-best-fit-0bf0ba"":{""active"":1,""idle"":1,""other"":0},""atlasexp-worker-w00-cpu-00-ef6946"":{""active"":0,""idle"":4,""other"":0},""atlasexp-worker-w00-cpu-01-b67292"":{""active"":0,""idle"":4,""other"":0}}"
2026-09-30T13:52:38.400029606Z,bench-cpu-w2-best-fit-ropen-t3,0.479486,,3,11,2,0.666667,570.960000,0,0,0,0,0,,0,0,"{""atlasexp-api-35bc56"":{""active"":3,""idle"":1,""other"":0},""atlasexp-scheduler-best-fit-0bf0ba"":{""active"":0,""idle"":2,""other"":0},""atlasexp-worker-w00-cpu-00-ef6946"":{""active"":0,""idle"":4,""other"":0},""atlasexp-worker-w00-cpu-01-b67292"":{""active"":0,""idle"":4,""other"":0}}"
2026-09-30T13:52:38.650497735Z,bench-cpu-w2-best-fit-ropen-t3,0.359327,,1,13,0,0.000000,821.367000,0,0,0,0,0,,0,0,"{""atlasexp-api-35bc56"":{""active"":0,""idle"":4,""other"":0},""atlasexp-scheduler-best-fit-0bf0ba"":{""active"":1,""idle"":1,""other"":0},""atlasexp-worker-w00-cpu-00-ef6946"":{""active"":0,""idle"":4,""other"":0},""atlasexp-worker-w00-cpu-01-b67292"":{""active"":0,""idle"":4,""other"":0}}"
2026-09-30T13:52:38.899911983Z,bench-cpu-w2-best-fit-ropen-t3,0.160376,,0,13,0,0.000000,1070.737000,0,0,0,0,0,,0,0,"{""atlasexp-api-35bc56"":{""active"":0,""idle"":4,""other"":0},""atlasexp-scheduler-best-fit-0bf0ba"":{""active"":0,""idle"":2,""other"":0},""atlasexp-worker-w00-cpu-00-ef6946"":{""active"":0,""idle"":3,""other"":1},""atlasexp-worker-w00-cpu-01-b67292"":{""active"":0,""idle"":4,""other"":0}}"
2026-09-30T13:52:39.150379201Z,bench-cpu-w2-best-fit-ropen-t3,0.239552,,0,11,0,0.000000,1321.114000,0,0,0,0,0,,0,0,"{""atlasexp-api-35bc56"":{""active"":0,""idle"":4,""other"":0},""atlasexp-scheduler-best-fit-0bf0ba"":{""active"":0,""idle"":1,""other"":1},""atlasexp-worker-w00-cpu-00-ef6946"":{""active"":0,""idle"":4,""other"":0},""atlasexp-worker-w00-cpu-01-b67292"":{""active"":0,""idle"":2,""other"":2}}"
2026-09-30T13:52:39.399826731Z,bench-cpu-w2-best-fit-ropen-t3,0.200443,,0,14,0,0.000000,1570.607000,0,0,0,0,0,,0,0,"{""atlasexp-api-35bc56"":{""active"":0,""idle"":4,""other"":0},""atlasexp-scheduler-best-fit-0bf0ba"":{""active"":0,""idle"":2,""other"":0},""atlasexp-worker-w00-cpu-00-ef6946"":{""active"":0,""idle"":4,""other"":0},""atlasexp-worker-w00-cpu-01-b67292"":{""active"":0,""idle"":4,""other"":0}}"
2026-09-30T13:52:39.650160259Z,bench-cpu-w2-best-fit-ropen-t3,0.239680,,1,13,0,0.000000,1820.964000,0,0,0,0,0,,0,0,"{""atlasexp-api-35bc56"":{""active"":0,""idle"":4,""other"":0},""atlasexp-scheduler-best-fit-0bf0ba"":{""active"":1,""idle"":1,""other"":0},""atlasexp-worker-w00-cpu-00-ef6946"":{""active"":0,""idle"":4,""other"":0},""atlasexp-worker-w00-cpu-01-b67292"":{""active"":0,""idle"":4,""other"":0}}"
2026-09-30T13:52:39.899758301Z,bench-cpu-w2-best-fit-ropen-t3,0.160258,,1,13,0,0.000000,2070.600000,0,0,0,0,0,,0,0,"{""atlasexp-api-35bc56"":{""active"":0,""idle"":4,""other"":0},""atlasexp-scheduler-best-fit-0bf0ba"":{""active"":0,""idle"":2,""other"":0},""atlasexp-worker-w00-cpu-00-ef6946"":{""active"":1,""idle"":3,""other"":0},""atlasexp-worker-w00-cpu-01-b67292"":{""active"":0,""idle"":4,""other"":0}}"
2026-09-30T13:52:40.150645523Z,bench-cpu-w2-best-fit-ropen-t3,0.119576,,0,14,0,0.000000,1770.094000,0,0,0,0,0,,0,0,"{""atlasexp-api-35bc56"":{""active"":0,""idle"":4,""other"":0},""atlasexp-scheduler-best-fit-0bf0ba"":{""active"":0,""idle"":2,""other"":0},""atlasexp-worker-w00-cpu-00-ef6946"":{""active"":0,""idle"":4,""other"":0},""atlasexp-worker-w00-cpu-01-b67292"":{""active"":0,""idle"":4,""other"":0}}"
2026-09-30T13:52:40.400570987Z,bench-cpu-w2-best-fit-ropen-t3,0.200060,,0,14,0,0.000000,2020.108000,0,0,0,0,0,,0,0,"{""atlasexp-api-35bc56"":{""active"":0,""idle"":4,""other"":0},""atlasexp-scheduler-best-fit-0bf0ba"":{""active"":0,""idle"":2,""other"":0},""atlasexp-worker-w00-cpu-00-ef6946"":{""active"":0,""idle"":4,""other"":0},""atlasexp-worker-w00-cpu-01-b67292"":{""active"":0,""idle"":4,""other"":0}}"
2026-09-30T13:52:40.649912239Z,bench-cpu-w2-best-fit-ropen-t3,0.120317,,0,14,0,0.000000,2269.545000,0,0,0,0,0,,0,0,"{""atlasexp-api-35bc56"":{""active"":0,""idle"":4,""other"":0},""atlasexp-scheduler-best-fit-0bf0ba"":{""active"":0,""idle"":2,""other"":0},""atlasexp-worker-w00-cpu-00-ef6946"":{""active"":0,""idle"":4,""other"":0},""atlasexp-worker-w00-cpu-01-b67292"":{""active"":0,""idle"":4,""other"":0}}"
2026-09-30T13:52:40.900260203Z,bench-cpu-w2-best-fit-ropen-t3,0.119833,,0,14,0,0.000000,2520.035000,0,0,0,0,0,,0,0,"{""atlasexp-api-35bc56"":{""active"":0,""idle"":4,""other"":0},""atlasexp-scheduler-best-fit-0bf0ba"":{""active"":0,""idle"":2,""other"":0},""atlasexp-worker-w00-cpu-00-ef6946"":{""active"":0,""idle"":4,""other"":0},""atlasexp-worker-w00-cpu-01-b67292"":{""active"":0,""idle"":4,""other"":0}}"
2026-09-30T13:52:41.149802582Z,bench-cpu-w2-best-fit-ropen-t3,0.160293,,1,13,0,0.000000,2769.247000,0,0,0,0,0,,0,0,"{""atlasexp-api-35bc56"":{""active"":0,""idle"":4,""other"":0},""atlasexp-scheduler-best-fit-0bf0ba"":{""active"":0,""idle"":2,""other"":0},""atlasexp-worker-w00-cpu-00-ef6946"":{""active"":1,""idle"":3,""other"":0},""atlasexp-worker-w00-cpu-01-b67292"":{""active"":0,""idle"":4,""other"":0}}"
2026-09-30T13:52:41.400312424Z,bench-cpu-w2-best-fit-ropen-t3,0.119756,,1,13,0,0.000000,3019.685000,0,0,0,0,0,,0,0,"{""atlasexp-api-35bc56"":{""active"":0,""idle"":4,""other"":0},""atlasexp-scheduler-best-fit-0bf0ba"":{""active"":0,""idle"":2,""other"":0},""atlasexp-worker-w00-cpu-00-ef6946"":{""active"":0,""idle"":4,""other"":0},""atlasexp-worker-w00-cpu-01-b67292"":{""active"":1,""idle"":3,""other"":0}}"
2026-09-30T13:52:41.650651451Z,bench-cpu-w2-best-fit-ropen-t3,0.239675,,0,14,0,0.000000,3270.195000,0,0,0,0,0,,0,0,"{""atlasexp-api-35bc56"":{""active"":0,""idle"":4,""other"":0},""atlasexp-scheduler-best-fit-0bf0ba"":{""active"":0,""idle"":2,""other"":0},""atlasexp-worker-w00-cpu-00-ef6946"":{""active"":0,""idle"":4,""other"":0},""atlasexp-worker-w00-cpu-01-b67292"":{""active"":0,""idle"":4,""other"":0}}"
2026-09-30T13:52:41.900736965Z,bench-cpu-w2-best-fit-ropen-t3,0.159945,,0,14,0,0.000000,3520.171000,0,0,0,0,0,,0,0,"{""atlasexp-api-35bc56"":{""active"":0,""idle"":4,""other"":0},""atlasexp-scheduler-best-fit-0bf0ba"":{""active"":0,""idle"":2,""other"":0},""atlasexp-worker-w00-cpu-00-ef6946"":{""active"":0,""idle"":4,""other"":0},""atlasexp-worker-w00-cpu-01-b67292"":{""active"":0,""idle"":4,""other"":0}}"
2026-09-30T13:52:42.150510434Z,bench-cpu-w2-best-fit-ropen-t3,0.160145,,1,12,0,0.000000,3769.966000,0,0,0,0,0,,0,0,"{""atlasexp-api-35bc56"":{""active"":0,""idle"":4,""other"":0},""atlasexp-scheduler-best-fit-0bf0ba"":{""active"":0,""idle"":1,""other"":1},""atlasexp-worker-w00-cpu-00-ef6946"":{""active"":0,""idle"":4,""other"":0},""atlasexp-worker-w00-cpu-01-b67292"":{""active"":1,""idle"":3,""other"":0}}"
2026-09-30T13:52:42.400694772Z,bench-cpu-w2-best-fit-ropen-t3,0.239823,,0,14,0,0.000000,4020.678000,0,0,0,0,0,,0,0,"{""atlasexp-api-35bc56"":{""active"":0,""idle"":4,""other"":0},""atlasexp-scheduler-best-fit-0bf0ba"":{""active"":0,""idle"":2,""other"":0},""atlasexp-worker-w00-cpu-00-ef6946"":{""active"":0,""idle"":4,""other"":0},""atlasexp-worker-w00-cpu-01-b67292"":{""active"":0,""idle"":4,""other"":0}}"
2026-09-30T13:52:42.649735353Z,bench-cpu-w2-best-fit-ropen-t3,0.240925,,1,13,0,0.000000,4269.189000,0,0,0,0,0,,0,0,"{""atlasexp-api-35bc56"":{""active"":0,""idle"":4,""other"":0},""atlasexp-scheduler-best-fit-0bf0ba"":{""active"":1,""idle"":1,""other"":0},""atlasexp-worker-w00-cpu-00-ef6946"":{""active"":0,""idle"":4,""other"":0},""atlasexp-worker-w00-cpu-01-b67292"":{""active"":0,""idle"":4,""other"":0}}"
2026-09-30T13:52:42.900669653Z,bench-cpu-w2-best-fit-ropen-t3,0.199255,,0,14,0,0.000000,4520.213000,0,0,0,0,0,,0,0,"{""atlasexp-api-35bc56"":{""active"":0,""idle"":4,""other"":0},""atlasexp-scheduler-best-fit-0bf0ba"":{""active"":0,""idle"":2,""other"":0},""atlasexp-worker-w00-cpu-00-ef6946"":{""active"":0,""idle"":4,""other"":0},""atlasexp-worker-w00-cpu-01-b67292"":{""active"":0,""idle"":4,""other"":0}}"
2026-09-30T13:52:43.150253309Z,bench-cpu-w2-best-fit-ropen-t3,0.120200,,0,14,0,0.000000,4769.781000,0,0,0,0,0,,0,0,"{""atlasexp-api-35bc56"":{""active"":0,""idle"":4,""other"":0},""atlasexp-scheduler-best-fit-0bf0ba"":{""active"":0,""idle"":2,""other"":0},""atlasexp-worker-w00-cpu-00-ef6946"":{""active"":0,""idle"":4,""other"":0},""atlasexp-worker-w00-cpu-01-b67292"":{""active"":0,""idle"":4,""other"":0}}"
2026-09-30T13:52:43.400546Z,bench-cpu-w2-best-fit-ropen-t3,0.119860,,0,14,0,0.000000,5019.933000,0,0,0,0,0,,0,0,"{""atlasexp-api-35bc56"":{""active"":0,""idle"":4,""other"":0},""atlasexp-scheduler-best-fit-0bf0ba"":{""active"":0,""idle"":2,""other"":0},""atlasexp-worker-w00-cpu-00-ef6946"":{""active"":0,""idle"":4,""other"":0},""atlasexp-worker-w00-cpu-01-b67292"":{""active"":0,""idle"":4,""other"":0}}"
2026-09-30T13:52:43.649771164Z,bench-cpu-w2-best-fit-ropen-t3,0.240746,,0,14,0,0.000000,5269.356000,0,0,0,0,0,,0,0,"{""atlasexp-api-35bc56"":{""active"":0,""idle"":4,""other"":0},""atlasexp-scheduler-best-fit-0bf0ba"":{""active"":0,""idle"":2,""other"":0},""atlasexp-worker-w00-cpu-00-ef6946"":{""active"":0,""idle"":4,""other"":0},""atlasexp-worker-w00-cpu-01-b67292"":{""active"":0,""idle"":4,""other"":0}}"
2026-09-30T13:52:43.900187085Z,bench-cpu-w2-best-fit-ropen-t3,0.119801,,0,14,0,0.000000,5519.992000,0,0,0,0,0,,0,0,"{""atlasexp-api-35bc56"":{""active"":0,""idle"":4,""other"":0},""atlasexp-scheduler-best-fit-0bf0ba"":{""active"":0,""idle"":2,""other"":0},""atlasexp-worker-w00-cpu-00-ef6946"":{""active"":0,""idle"":4,""other"":0},""atlasexp-worker-w00-cpu-01-b67292"":{""active"":0,""idle"":4,""other"":0}}"
2026-09-30T13:52:44.149997887Z,bench-cpu-w2-best-fit-ropen-t3,0.200151,,1,13,0,0.000000,5769.437000,0,0,0,0,0,,0,0,"{""atlasexp-api-35bc56"":{""active"":0,""idle"":4,""other"":0},""atlasexp-scheduler-best-fit-0bf0ba"":{""active"":0,""idle"":2,""other"":0},""atlasexp-worker-w00-cpu-00-ef6946"":{""active"":0,""idle"":4,""other"":0},""atlasexp-worker-w00-cpu-01-b67292"":{""active"":1,""idle"":3,""other"":0}}"
2026-09-30T13:52:44.400792276Z,bench-cpu-w2-best-fit-ropen-t3,0.159493,,0,14,0,0.000000,5063.315000,0,0,0,0,0,,0,0,"{""atlasexp-api-35bc56"":{""active"":0,""idle"":4,""other"":0},""atlasexp-scheduler-best-fit-0bf0ba"":{""active"":0,""idle"":2,""other"":0},""atlasexp-worker-w00-cpu-00-ef6946"":{""active"":0,""idle"":4,""other"":0},""atlasexp-worker-w00-cpu-01-b67292"":{""active"":0,""idle"":4,""other"":0}}"
2026-09-30T13:52:44.650111647Z,bench-cpu-w2-best-fit-ropen-t3,0.120328,,0,14,0,0.000000,,0,0,0,0,0,,0,0,"{""atlasexp-api-35bc56"":{""active"":0,""idle"":4,""other"":0},""atlasexp-scheduler-best-fit-0bf0ba"":{""active"":0,""idle"":2,""other"":0},""atlasexp-worker-w00-cpu-00-ef6946"":{""active"":0,""idle"":4,""other"":0},""atlasexp-worker-w00-cpu-01-b67292"":{""active"":0,""idle"":4,""other"":0}}"
2026-09-30T13:52:44.900210084Z,idle,0.079969,,0,22,0,0.000000,,0,0,0,0,0,,0,0,"{""atlasexp-api-35bc56"":{""active"":0,""idle"":4,""other"":0},""atlasexp-scheduler-best-fit-0bf0ba"":{""active"":0,""idle"":2,""other"":0},""atlasexp-worker-w00-cpu-00-f08e20"":{""active"":0,""idle"":4,""other"":0},""atlasexp-worker-w00-cpu-01-98d339"":{""active"":0,""idle"":4,""other"":0},""atlasexp-worker-w00-cpu-02-c96200"":{""active"":0,""idle"":4,""other"":0},""atlasexp-worker-w00-cpu-03-ae8908"":{""active"":0,""idle"":4,""other"":0}}"
2026-09-30T13:52:45.149907252Z,idle,0.080097,,1,19,0,0.000000,,0,0,0,0,0,,0,0,"{""atlasexp-api-35bc56"":{""active"":0,""idle"":4,""other"":0},""atlasexp-scheduler-best-fit-2e2ef1"":{""active"":0,""idle"":1,""other"":0},""atlasexp-worker-w00-cpu-00-f08e20"":{""active"":0,""idle"":4,""other"":0},""atlasexp-worker-w00-cpu-01-98d339"":{""active"":0,""idle"":4,""other"":0},""atlasexp-worker-w00-cpu-02-c96200"":{""active"":1,""idle"":2,""other"":1},""atlasexp-worker-w00-cpu-03-ae8908"":{""active"":0,""idle"":4,""other"":0}}"
2026-09-30T13:52:45.400527665Z,bench-cpu-w4-best-fit-ropen-t1,0.478812,,4,17,3,0.750000,184.706000,0,0,0,0,0,,0,0,"{""atlasexp-api-35bc56"":{""active"":2,""idle"":1,""other"":1},""atlasexp-scheduler-best-fit-2e2ef1"":{""active"":1,""idle"":1,""other"":0},""atlasexp-worker-w00-cpu-00-f08e20"":{""active"":0,""idle"":4,""other"":0},""atlasexp-worker-w00-cpu-01-98d339"":{""active"":1,""idle"":3,""other"":0},""atlasexp-worker-w00-cpu-02-c96200"":{""active"":0,""idle"":4,""other"":0},""atlasexp-worker-w00-cpu-03-ae8908"":{""active"":0,""idle"":4,""other"":0}}"
2026-09-30T13:52:45.650226736Z,bench-cpu-w4-best-fit-ropen-t1,0.440530,,4,17,2,0.500000,434.331000,0,0,0,0,0,,0,0,"{""atlasexp-api-35bc56"":{""active"":3,""idle"":0,""other"":1},""atlasexp-scheduler-best-fit-2e2ef1"":{""active"":1,""idle"":1,""other"":0},""atlasexp-worker-w00-cpu-00-f08e20"":{""active"":0,""idle"":4,""other"":0},""atlasexp-worker-w00-cpu-01-98d339"":{""active"":0,""idle"":4,""other"":0},""atlasexp-worker-w00-cpu-02-c96200"":{""active"":0,""idle"":4,""other"":0},""atlasexp-worker-w00-cpu-03-ae8908"":{""active"":0,""idle"":4,""other"":0}}"
2026-09-30T13:52:45.900688031Z,bench-cpu-w4-best-fit-ropen-t1,0.519042,,0,22,0,0.000000,684.876000,0,0,0,0,0,,0,0,"{""atlasexp-api-35bc56"":{""active"":0,""idle"":4,""other"":0},""atlasexp-scheduler-best-fit-2e2ef1"":{""active"":0,""idle"":2,""other"":0},""atlasexp-worker-w00-cpu-00-f08e20"":{""active"":0,""idle"":4,""other"":0},""atlasexp-worker-w00-cpu-01-98d339"":{""active"":0,""idle"":4,""other"":0},""atlasexp-worker-w00-cpu-02-c96200"":{""active"":0,""idle"":4,""other"":0},""atlasexp-worker-w00-cpu-03-ae8908"":{""active"":0,""idle"":4,""other"":0}}"
2026-09-30T13:52:46.149908077Z,bench-cpu-w4-best-fit-ropen-t1,0.200626,,1,21,0,0.000000,934.035000,0,0,0,0,0,,0,0,"{""atlasexp-api-35bc56"":{""active"":0,""idle"":4,""other"":0},""atlasexp-scheduler-best-fit-2e2ef1"":{""active"":1,""idle"":1,""other"":0},""atlasexp-worker-w00-cpu-00-f08e20"":{""active"":0,""idle"":4,""other"":0},""atlasexp-worker-w00-cpu-01-98d339"":{""active"":0,""idle"":4,""other"":0},""atlasexp-worker-w00-cpu-02-c96200"":{""active"":0,""idle"":4,""other"":0},""atlasexp-worker-w00-cpu-03-ae8908"":{""active"":0,""idle"":4,""other"":0}}"
2026-09-30T13:52:46.399768912Z,bench-cpu-w4-best-fit-ropen-t1,0.280156,,0,22,0,0.000000,1183.942000,0,0,0,0,0,,0,0,"{""atlasexp-api-35bc56"":{""active"":0,""idle"":4,""other"":0},""atlasexp-scheduler-best-fit-2e2ef1"":{""active"":0,""idle"":2,""other"":0},""atlasexp-worker-w00-cpu-00-f08e20"":{""active"":0,""idle"":4,""other"":0},""atlasexp-worker-w00-cpu-01-98d339"":{""active"":0,""idle"":4,""other"":0},""atlasexp-worker-w00-cpu-02-c96200"":{""active"":0,""idle"":4,""other"":0},""atlasexp-worker-w00-cpu-03-ae8908"":{""active"":0,""idle"":4,""other"":0}}"
2026-09-30T13:52:46.650468218Z,bench-cpu-w4-best-fit-ropen-t1,0.319107,,1,20,0,0.000000,1434.598000,0,0,0,0,0,,0,0,"{""atlasexp-api-35bc56"":{""active"":0,""idle"":4,""other"":0},""atlasexp-scheduler-best-fit-2e2ef1"":{""active"":1,""idle"":1,""other"":0},""atlasexp-worker-w00-cpu-00-f08e20"":{""active"":0,""idle"":4,""other"":0},""atlasexp-worker-w00-cpu-01-98d339"":{""active"":0,""idle"":3,""other"":1},""atlasexp-worker-w00-cpu-02-c96200"":{""active"":0,""idle"":4,""other"":0},""atlasexp-worker-w00-cpu-03-ae8908"":{""active"":0,""idle"":4,""other"":0}}"
2026-09-30T13:52:46.900353943Z,bench-cpu-w4-best-fit-ropen-t1,0.240110,,0,21,0,0.000000,1684.343000,0,0,0,0,0,,0,0,"{""atlasexp-api-35bc56"":{""active"":0,""idle"":4,""other"":0},""atlasexp-scheduler-best-fit-2e2ef1"":{""active"":0,""idle"":1,""other"":1},""atlasexp-worker-w00-cpu-00-f08e20"":{""active"":0,""idle"":4,""other"":0},""atlasexp-worker-w00-cpu-01-98d339"":{""active"":0,""idle"":4,""other"":0},""atlasexp-worker-w00-cpu-02-c96200"":{""active"":0,""idle"":4,""other"":0},""atlasexp-worker-w00-cpu-03-ae8908"":{""active"":0,""idle"":4,""other"":0}}"
2026-09-30T13:52:47.149880799Z,bench-cpu-w4-best-fit-ropen-t1,0.360683,,1,20,0,0.000000,1500.473000,0,0,0,0,0,,0,0,"{""atlasexp-api-35bc56"":{""active"":0,""idle"":4,""other"":0},""atlasexp-scheduler-best-fit-2e2ef1"":{""active"":1,""idle"":1,""other"":0},""atlasexp-worker-w00-cpu-00-f08e20"":{""active"":0,""idle"":3,""other"":1},""atlasexp-worker-w00-cpu-01-98d339"":{""active"":0,""idle"":4,""other"":0},""atlasexp-worker-w00-cpu-02-c96200"":{""active"":0,""idle"":4,""other"":0},""atlasexp-worker-w00-cpu-03-ae8908"":{""active"":0,""idle"":4,""other"":0}}"
2026-09-30T13:52:47.400031921Z,bench-cpu-w4-best-fit-ropen-t1,0.319807,,0,21,0,0.000000,1750.644000,0,0,0,0,0,,0,0,"{""atlasexp-api-35bc56"":{""active"":0,""idle"":4,""other"":0},""atlasexp-scheduler-best-fit-2e2ef1"":{""active"":0,""idle"":2,""other"":0},""atlasexp-worker-w00-cpu-00-f08e20"":{""active"":0,""idle"":4,""other"":0},""atlasexp-worker-w00-cpu-01-98d339"":{""active"":0,""idle"":4,""other"":0},""atlasexp-worker-w00-cpu-02-c96200"":{""active"":0,""idle"":3,""other"":1},""atlasexp-worker-w00-cpu-03-ae8908"":{""active"":0,""idle"":4,""other"":0}}"
2026-09-30T13:52:47.650196088Z,bench-cpu-w4-best-fit-ropen-t1,0.279816,,0,21,0,0.000000,2000.826000,0,0,0,0,0,,0,0,"{""atlasexp-api-35bc56"":{""active"":0,""idle"":4,""other"":0},""atlasexp-scheduler-best-fit-2e2ef1"":{""active"":0,""idle"":2,""other"":0},""atlasexp-worker-w00-cpu-00-f08e20"":{""active"":0,""idle"":4,""other"":0},""atlasexp-worker-w00-cpu-01-98d339"":{""active"":0,""idle"":3,""other"":1},""atlasexp-worker-w00-cpu-02-c96200"":{""active"":0,""idle"":4,""other"":0},""atlasexp-worker-w00-cpu-03-ae8908"":{""active"":0,""idle"":4,""other"":0}}"
2026-09-30T13:52:47.900102524Z,bench-cpu-w4-best-fit-ropen-t1,0.240090,,0,20,0,0.000000,2250.741000,0,0,0,0,0,,0,0,"{""atlasexp-api-35bc56"":{""active"":0,""idle"":4,""other"":0},""atlasexp-scheduler-best-fit-2e2ef1"":{""active"":0,""idle"":2,""other"":0},""atlasexp-worker-w00-cpu-00-f08e20"":{""active"":0,""idle"":4,""other"":0},""atlasexp-worker-w00-cpu-01-98d339"":{""active"":0,""idle"":3,""other"":1},""atlasexp-worker-w00-cpu-02-c96200"":{""active"":0,""idle"":4,""other"":0},""atlasexp-worker-w00-cpu-03-ae8908"":{""active"":0,""idle"":3,""other"":1}}"
2026-09-30T13:52:48.150075533Z,bench-cpu-w4-best-fit-ropen-t1,0.240026,,0,21,0,0.000000,2500.871000,0,0,0,0,0,,0,0,"{""atlasexp-api-35bc56"":{""active"":0,""idle"":4,""other"":0},""atlasexp-scheduler-best-fit-2e2ef1"":{""active"":0,""idle"":1,""other"":1},""atlasexp-worker-w00-cpu-00-f08e20"":{""active"":0,""idle"":4,""other"":0},""atlasexp-worker-w00-cpu-01-98d339"":{""active"":0,""idle"":4,""other"":0},""atlasexp-worker-w00-cpu-02-c96200"":{""active"":0,""idle"":4,""other"":0},""atlasexp-worker-w00-cpu-03-ae8908"":{""active"":0,""idle"":4,""other"":0}}"
2026-09-30T13:52:48.400483655Z,bench-cpu-w4-best-fit-ropen-t1,0.239609,,1,21,0,0.000000,2751.094000,0,0,0,0,0,,0,0,"{""atlasexp-api-35bc56"":{""active"":0,""idle"":4,""other"":0},""atlasexp-scheduler-best-fit-2e2ef1"":{""active"":0,""idle"":2,""other"":0},""atlasexp-worker-w00-cpu-00-f08e20"":{""active"":0,""idle"":4,""other"":0},""atlasexp-worker-w00-cpu-01-98d339"":{""active"":1,""idle"":3,""other"":0},""atlasexp-worker-w00-cpu-02-c96200"":{""active"":0,""idle"":4,""other"":0},""atlasexp-worker-w00-cpu-03-ae8908"":{""active"":0,""idle"":4,""other"":0}}"
2026-09-30T13:52:48.650403174Z,bench-cpu-w4-best-fit-ropen-t1,0.400129,,0,20,0,0.000000,3001.074000,0,0,0,0,0,,0,0,"{""atlasexp-api-35bc56"":{""active"":0,""idle"":4,""other"":0},""atlasexp-scheduler-best-fit-2e2ef1"":{""active"":0,""idle"":1,""other"":1},""atlasexp-worker-w00-cpu-00-f08e20"":{""active"":0,""idle"":4,""other"":0},""atlasexp-worker-w00-cpu-01-98d339"":{""active"":0,""idle"":4,""other"":0},""atlasexp-worker-w00-cpu-02-c96200"":{""active"":0,""idle"":4,""other"":0},""atlasexp-worker-w00-cpu-03-ae8908"":{""active"":0,""idle"":3,""other"":1}}"
2026-09-30T13:52:48.899721109Z,bench-cpu-w4-best-fit-ropen-t1,0.280766,,0,22,0,0.000000,2315.763000,0,0,0,0,0,,0,0,"{""atlasexp-api-35bc56"":{""active"":0,""idle"":4,""other"":0},""atlasexp-scheduler-best-fit-2e2ef1"":{""active"":0,""idle"":2,""other"":0},""atlasexp-worker-w00-cpu-00-f08e20"":{""active"":0,""idle"":4,""other"":0},""atlasexp-worker-w00-cpu-01-98d339"":{""active"":0,""idle"":4,""other"":0},""atlasexp-worker-w00-cpu-02-c96200"":{""active"":0,""idle"":4,""other"":0},""atlasexp-worker-w00-cpu-03-ae8908"":{""active"":0,""idle"":4,""other"":0}}"
2026-09-30T13:52:49.150382926Z,bench-cpu-w4-best-fit-ropen-t1,0.239366,,2,18,0,0.000000,2566.303000,0,0,0,0,0,,0,0,"{""atlasexp-api-35bc56"":{""active"":0,""idle"":4,""other"":0},""atlasexp-scheduler-best-fit-2e2ef1"":{""active"":1,""idle"":1,""other"":0},""atlasexp-worker-w00-cpu-00-f08e20"":{""active"":0,""idle"":3,""other"":1},""atlasexp-worker-w00-cpu-01-98d339"":{""active"":1,""idle"":3,""other"":0},""atlasexp-worker-w00-cpu-02-c96200"":{""active"":0,""idle"":3,""other"":1},""atlasexp-worker-w00-cpu-03-ae8908"":{""active"":0,""idle"":4,""other"":0}}"
2026-09-30T13:52:49.40041147Z,bench-cpu-w4-best-fit-ropen-t1,0.239973,,0,22,0,0.000000,2816.104000,0,0,0,0,0,,0,0,"{""atlasexp-api-35bc56"":{""active"":0,""idle"":4,""other"":0},""atlasexp-scheduler-best-fit-2e2ef1"":{""active"":0,""idle"":2,""other"":0},""atlasexp-worker-w00-cpu-00-f08e20"":{""active"":0,""idle"":4,""other"":0},""atlasexp-worker-w00-cpu-01-98d339"":{""active"":0,""idle"":4,""other"":0},""atlasexp-worker-w00-cpu-02-c96200"":{""active"":0,""idle"":4,""other"":0},""atlasexp-worker-w00-cpu-03-ae8908"":{""active"":0,""idle"":4,""other"":0}}"
2026-09-30T13:52:49.649750985Z,bench-cpu-w4-best-fit-ropen-t1,0.280742,,0,22,0,0.000000,,0,0,0,0,0,,0,0,"{""atlasexp-api-35bc56"":{""active"":0,""idle"":4,""other"":0},""atlasexp-scheduler-best-fit-2e2ef1"":{""active"":0,""idle"":2,""other"":0},""atlasexp-worker-w00-cpu-00-f08e20"":{""active"":0,""idle"":4,""other"":0},""atlasexp-worker-w00-cpu-01-98d339"":{""active"":0,""idle"":4,""other"":0},""atlasexp-worker-w00-cpu-02-c96200"":{""active"":0,""idle"":4,""other"":0},""atlasexp-worker-w00-cpu-03-ae8908"":{""active"":0,""idle"":4,""other"":0}}"
2026-09-30T13:52:49.899859598Z,bench-cpu-w4-best-fit-ropen-t2,0.319861,,5,15,3,0.600000,83.926000,0,0,0,0,0,,0,0,"{""atlasexp-api-35bc56"":{""active"":4,""idle"":0,""other"":0},""atlasexp-scheduler-best-fit-2e2ef1"":{""active"":1,""idle"":1,""other"":0},""atlasexp-worker-w00-cpu-00-f08e20"":{""active"":0,""idle"":4,""other"":0},""atlasexp-worker-w00-cpu-01-98d339"":{""active"":0,""idle"":4,""other"":0},""atlasexp-worker-w00-cpu-02-c96200"":{""active"":0,""idle"":2,""other"":2},""atlasexp-worker-w00-cpu-03-ae8908"":{""active"":0,""idle"":4,""other"":0}}"
2026-09-30T13:52:50.150681944Z,bench-cpu-w4-best-fit-ropen-t2,0.518295,,4,17,2,0.500000,334.747000,0,0,0,0,0,,0,0,"{""atlasexp-api-35bc56"":{""active"":2,""idle"":1,""other"":1},""atlasexp-scheduler-best-fit-2e2ef1"":{""active"":1,""idle"":1,""other"":0},""atlasexp-worker-w00-cpu-00-f08e20"":{""active"":0,""idle"":4,""other"":0},""atlasexp-worker-w00-cpu-01-98d339"":{""active"":1,""idle"":3,""other"":0},""atlasexp-worker-w00-cpu-02-c96200"":{""active"":0,""idle"":4,""other"":0},""atlasexp-worker-w00-cpu-03-ae8908"":{""active"":0,""idle"":4,""other"":0}}"
2026-09-30T13:52:50.400109364Z,bench-cpu-w4-best-fit-ropen-t2,0.481102,,4,17,4,1.000000,584.082000,0,0,0,0,0,,0,0,"{""atlasexp-api-35bc56"":{""active"":3,""idle"":0,""other"":1},""atlasexp-scheduler-best-fit-2e2ef1"":{""active"":1,""idle"":1,""other"":0},""atlasexp-worker-w00-cpu-00-f08e20"":{""active"":0,""idle"":4,""other"":0},""atlasexp-worker-w00-cpu-01-98d339"":{""active"":0,""idle"":4,""other"":0},""atlasexp-worker-w00-cpu-02-c96200"":{""active"":0,""idle"":4,""other"":0},""atlasexp-worker-w00-cpu-03-ae8908"":{""active"":0,""idle"":4,""other"":0}}"
2026-09-30T13:52:50.650512426Z,bench-cpu-w4-best-fit-ropen-t2,0.439292,,1,21,0,0.000000,834.464000,0,0,0,0,0,,0,0,"{""atlasexp-api-35bc56"":{""active"":0,""idle"":4,""other"":0},""atlasexp-scheduler-best-fit-2e2ef1"":{""active"":0,""idle"":2,""other"":0},""atlasexp-worker-w00-cpu-00-f08e20"":{""active"":0,""idle"":4,""other"":0},""atlasexp-worker-w00-cpu-01-98d339"":{""active"":0,""idle"":4,""other"":0},""atlasexp-worker-w00-cpu-02-c96200"":{""active"":0,""idle"":4,""other"":0},""atlasexp-worker-w00-cpu-03-ae8908"":{""active"":1,""idle"":3,""other"":0}}"
2026-09-30T13:52:50.900770919Z,bench-cpu-w4-best-fit-ropen-t2,0.239752,,0,21,0,0.000000,1084.655000,0,0,0,0,0,,0,0,"{""atlasexp-api-35bc56"":{""active"":0,""idle"":4,""other"":0},""atlasexp-scheduler-best-fit-2e2ef1"":{""active"":0,""idle"":1,""other"":1},""atlasexp-worker-w00-cpu-00-f08e20"":{""active"":0,""idle"":4,""other"":0},""atlasexp-worker-w00-cpu-01-98d339"":{""active"":0,""idle"":4,""other"":0},""atlasexp-worker-w00-cpu-02-c96200"":{""active"":0,""idle"":4,""other"":0},""atlasexp-worker-w00-cpu-03-ae8908"":{""active"":0,""idle"":4,""other"":0}}"
2026-09-30T13:52:51.149973699Z,bench-cpu-w4-best-fit-ropen-t2,0.321024,,1,19,0,0.000000,1333.992000,0,0,0,0,0,,0,0,"{""atlasexp-api-35bc56"":{""active"":0,""idle"":4,""other"":0},""atlasexp-scheduler-best-fit-2e2ef1"":{""active"":0,""idle"":1,""other"":1},""atlasexp-worker-w00-cpu-00-f08e20"":{""active"":0,""idle"":4,""other"":0},""atlasexp-worker-w00-cpu-01-98d339"":{""active"":0,""idle"":4,""other"":0},""atlasexp-worker-w00-cpu-02-c96200"":{""active"":1,""idle"":3,""other"":0},""atlasexp-worker-w00-cpu-03-ae8908"":{""active"":0,""idle"":3,""other"":1}}"
2026-09-30T13:52:51.399770129Z,bench-cpu-w4-best-fit-ropen-t2,0.320261,,0,21,0,0.000000,1210.115000,0,0,0,0,0,,0,0,"{""atlasexp-api-35bc56"":{""active"":0,""idle"":4,""other"":0},""atlasexp-scheduler-best-fit-2e2ef1"":{""active"":0,""idle"":2,""other"":0},""atlasexp-worker-w00-cpu-00-f08e20"":{""active"":0,""idle"":4,""other"":0},""atlasexp-worker-w00-cpu-01-98d339"":{""active"":0,""idle"":3,""other"":1},""atlasexp-worker-w00-cpu-02-c96200"":{""active"":0,""idle"":4,""other"":0},""atlasexp-worker-w00-cpu-03-ae8908"":{""active"":0,""idle"":4,""other"":0}}"
2026-09-30T13:52:51.650738929Z,bench-cpu-w4-best-fit-ropen-t2,0.318765,,0,21,0,0.000000,1460.906000,0,0,0,0,0,,0,0,"{""atlasexp-api-35bc56"":{""active"":0,""idle"":4,""other"":0},""atlasexp-scheduler-best-fit-2e2ef1"":{""active"":0,""idle"":1,""other"":1},""atlasexp-worker-w00-cpu-00-f08e20"":{""active"":0,""idle"":4,""other"":0},""atlasexp-worker-w00-cpu-01-98d339"":{""active"":0,""idle"":4,""other"":0},""atlasexp-worker-w00-cpu-02-c96200"":{""active"":0,""idle"":4,""other"":0},""atlasexp-worker-w00-cpu-03-ae8908"":{""active"":0,""idle"":4,""other"":0}}"
2026-09-30T13:52:51.900535649Z,bench-cpu-w4-best-fit-ropen-t2,0.320260,,0,21,0,0.000000,1710.637000,0,0,0,0,0,,0,0,"{""atlasexp-api-35bc56"":{""active"":0,""idle"":4,""other"":0},""atlasexp-scheduler-best-fit-2e2ef1"":{""active"":0,""idle"":2,""other"":0},""atlasexp-worker-w00-cpu-00-f08e20"":{""active"":0,""idle"":4,""other"":0},""atlasexp-worker-w00-cpu-01-98d339"":{""active"":0,""idle"":4,""other"":0},""atlasexp-worker-w00-cpu-02-c96200"":{""active"":0,""idle"":3,""other"":1},""atlasexp-worker-w00-cpu-03-ae8908"":{""active"":0,""idle"":4,""other"":0}}"
2026-09-30T13:52:52.150720624Z,bench-cpu-w4-best-fit-ropen-t2,0.199852,,0,21,0,0.000000,1960.829000,0,0,0,0,0,,0,0,"{""atlasexp-api-35bc56"":{""active"":0,""idle"":4,""other"":0},""atlasexp-scheduler-best-fit-2e2ef1"":{""active"":0,""idle"":2,""other"":0},""atlasexp-worker-w00-cpu-00-f08e20"":{""active"":0,""idle"":4,""other"":0},""atlasexp-worker-w00-cpu-01-98d339"":{""active"":0,""idle"":3,""other"":1},""atlasexp-worker-w00-cpu-02-c96200"":{""active"":0,""idle"":4,""other"":0},""atlasexp-worker-w00-cpu-03-ae8908"":{""active"":0,""idle"":4,""other"":0}}"
2026-09-30T13:52:52.399762573Z,bench-cpu-w4-best-fit-ropen-t2,0.401539,,0,22,0,0.000000,2210.005000,0,0,0,0,0,,0,0,"{""atlasexp-api-35bc56"":{""active"":0,""idle"":4,""other"":0},""atlasexp-scheduler-best-fit-2e2ef1"":{""active"":0,""idle"":2,""other"":0},""atlasexp-worker-w00-cpu-00-f08e20"":{""active"":0,""idle"":4,""other"":0},""atlasexp-worker-w00-cpu-01-98d339"":{""active"":0,""idle"":4,""other"":0},""atlasexp-worker-w00-cpu-02-c96200"":{""active"":0,""idle"":4,""other"":0},""atlasexp-worker-w00-cpu-03-ae8908"":{""active"":0,""idle"":4,""other"":0}}"
2026-09-30T13:52:52.650022159Z,bench-cpu-w4-best-fit-ropen-t2,0.279710,,0,19,0,0.000000,2460.219000,0,0,0,0,0,,0,0,"{""atlasexp-api-35bc56"":{""active"":0,""idle"":4,""other"":0},""atlasexp-scheduler-best-fit-2e2ef1"":{""active"":0,""idle"":1,""other"":1},""atlasexp-worker-w00-cpu-00-f08e20"":{""active"":0,""idle"":2,""other"":2},""atlasexp-worker-w00-cpu-01-98d339"":{""active"":0,""idle"":4,""other"":0},""atlasexp-worker-w00-cpu-02-c96200"":{""active"":0,""idle"":4,""other"":0},""atlasexp-worker-w00-cpu-03-ae8908"":{""active"":0,""idle"":4,""other"":0}}"
2026-09-30T13:52:52.900618643Z,bench-cpu-w4-best-fit-ropen-t2,0.359143,,0,22,0,0.000000,2710.885000,0,0,0,0,0,,0,0,"{""atlasexp-api-35bc56"":{""active"":0,""idle"":4,""other"":0},""atlasexp-scheduler-best-fit-2e2ef1"":{""active"":0,""idle"":2,""other"":0},""atlasexp-worker-w00-cpu-00-f08e20"":{""active"":0,""idle"":4,""other"":0},""atlasexp-worker-w00-cpu-01-98d339"":{""active"":0,""idle"":4,""other"":0},""atlasexp-worker-w00-cpu-02-c96200"":{""active"":0,""idle"":4,""other"":0},""atlasexp-worker-w00-cpu-03-ae8908"":{""active"":0,""idle"":4,""other"":0}}"
2026-09-30T13:52:53.149991942Z,bench-cpu-w4-best-fit-ropen-t2,0.360905,,0,20,0,0.000000,2044.316000,0,0,0,0,0,,0,0,"{""atlasexp-api-35bc56"":{""active"":0,""idle"":4,""other"":0},""atlasexp-scheduler-best-fit-2e2ef1"":{""active"":0,""idle"":1,""other"":1},""atlasexp-worker-w00-cpu-00-f08e20"":{""active"":0,""idle"":4,""other"":0},""atlasexp-worker-w00-cpu-01-98d339"":{""active"":0,""idle"":3,""other"":1},""atlasexp-worker-w00-cpu-02-c96200"":{""active"":0,""idle"":4,""other"":0},""atlasexp-worker-w00-cpu-03-ae8908"":{""active"":0,""idle"":4,""other"":0}}"
2026-09-30T13:52:53.400353337Z,bench-cpu-w4-best-fit-ropen-t2,0.159769,,0,22,0,0.000000,2294.650000,0,0,0,0,0,,0,0,"{""atlasexp-api-35bc56"":{""active"":0,""idle"":4,""other"":0},""atlasexp-scheduler-best-fit-2e2ef1"":{""active"":0,""idle"":2,""other"":0},""atlasexp-worker-w00-cpu-00-f08e20"":{""active"":0,""idle"":4,""other"":0},""atlasexp-worker-w00-cpu-01-98d339"":{""active"":0,""idle"":4,""other"":0},""atlasexp-worker-w00-cpu-02-c96200"":{""active"":0,""idle"":4,""other"":0},""atlasexp-worker-w00-cpu-03-ae8908"":{""active"":0,""idle"":4,""other"":0}}"
2026-09-30T13:52:53.649803219Z,bench-cpu-w4-best-fit-ropen-t2,0.320706,,0,21,0,0.000000,2544.128000,0,0,0,0,0,,0,0,"{""atlasexp-api-35bc56"":{""active"":0,""idle"":4,""other"":0},""atlasexp-scheduler-best-fit-2e2ef1"":{""active"":0,""idle"":1,""other"":1},""atlasexp-worker-w00-cpu-00-f08e20"":{""active"":0,""idle"":4,""other"":0},""atlasexp-worker-w00-cpu-01-98d339"":{""active"":0,""idle"":4,""other"":0},""atlasexp-worker-w00-cpu-02-c96200"":{""active"":0,""idle"":4,""other"":0},""atlasexp-worker-w00-cpu-03-ae8908"":{""active"":0,""idle"":4,""other"":0}}"
2026-09-30T13:52:53.899698703Z,bench-cpu-w4-best-fit-ropen-t2,0.200084,,0,21,0,0.000000,2794.071000,0,0,0,0,0,,0,0,"{""atlasexp-api-35bc56"":{""active"":0,""idle"":4,""other"":0},""atlasexp-scheduler-best-fit-2e2ef1"":{""active"":0,""idle"":2,""other"":0},""atlasexp-worker-w00-cpu-00-f08e20"":{""active"":0,""idle"":4,""other"":0},""atlasexp-worker-w00-cpu-01-98d339"":{""active"":0,""idle"":4,""other"":0},""atlasexp-worker-w00-cpu-02-c96200"":{""active"":0,""idle"":3,""other"":1},""atlasexp-worker-w00-cpu-03-ae8908"":{""active"":0,""idle"":4,""other"":0}}"
2026-09-30T13:52:54.150774482Z,bench-cpu-w4-best-fit-ropen-t2,0.438115,,1,19,0,0.000000,3045.129000,0,0,0,0,0,,0,0,"{""atlasexp-api-35bc56"":{""active"":0,""idle"":4,""other"":0},""atlasexp-scheduler-best-fit-2e2ef1"":{""active"":0,""idle"":1,""other"":1},""atlasexp-worker-w00-cpu-00-f08e20"":{""active"":0,""idle"":3,""other"":1},""atlasexp-worker-w00-cpu-01-98d339"":{""active"":1,""idle"":3,""other"":0},""atlasexp-worker-w00-cpu-02-c96200"":{""active"":0,""idle"":4,""other"":0},""atlasexp-worker-w00-cpu-03-ae8908"":{""active"":0,""idle"":4,""other"":0}}"
2026-09-30T13:52:54.400119636Z,bench-cpu-w4-best-fit-ropen-t3,0.120315,,3,19,2,0.666667,,0,0,0,0,0,,0,0,"{""atlasexp-api-35bc56"":{""active"":3,""idle"":1,""other"":0},""atlasexp-scheduler-best-fit-2e2ef1"":{""active"":0,""idle"":2,""other"":0},""atlasexp-worker-w00-cpu-00-f08e20"":{""active"":0,""idle"":4,""other"":0},""atlasexp-worker-w00-cpu-01-98d339"":{""active"":0,""idle"":4,""other"":0},""atlasexp-worker-w00-cpu-02-c96200"":{""active"":0,""idle"":4,""other"":0},""atlasexp-worker-w00-cpu-03-ae8908"":{""active"":0,""idle"":4,""other"":0}}"
2026-09-30T13:52:54.65002895Z,bench-cpu-w4-best-fit-ropen-t3,0.600218,,4,17,4,1.000000,82.428000,0,0,0,0,0,,0,0,"{""atlasexp-api-35bc56"":{""active"":3,""idle"":0,""other"":1},""atlasexp-scheduler-best-fit-2e2ef1"":{""active"":1,""idle"":1,""other"":0},""atlasexp-worker-w00-cpu-00-f08e20"":{""active"":0,""idle"":4,""other"":0},""atlasexp-worker-w00-cpu-01-98d339"":{""active"":0,""idle"":4,""other"":0},""atlasexp-worker-w00-cpu-02-c96200"":{""active"":0,""idle"":4,""other"":0},""atlasexp-worker-w00-cpu-03-ae8908"":{""active"":0,""idle"":4,""other"":0}}"
2026-09-30T13:52:54.900190536Z,bench-cpu-w4-best-fit-ropen-t3,0.519664,,5,17,4,0.800000,332.533000,0,0,0,0,0,,0,0,"{""atlasexp-api-35bc56"":{""active"":4,""idle"":0,""other"":0},""atlasexp-scheduler-best-fit-2e2ef1"":{""active"":1,""idle"":1,""other"":0},""atlasexp-worker-w00-cpu-00-f08e20"":{""active"":0,""idle"":4,""other"":0},""atlasexp-worker-w00-cpu-01-98d339"":{""active"":0,""idle"":4,""other"":0},""atlasexp-worker-w00-cpu-02-c96200"":{""active"":0,""idle"":4,""other"":0},""atlasexp-worker-w00-cpu-03-ae8908"":{""active"":0,""idle"":4,""other"":0}}"
2026-09-30T13:52:55.150658715Z,bench-cpu-w4-best-fit-ropen-t3,0.359327,,0,20,0,0.000000,582.961000,0,0,0,0,0,,0,0,"{""atlasexp-api-35bc56"":{""active"":0,""idle"":4,""other"":0},""atlasexp-scheduler-best-fit-2e2ef1"":{""active"":0,""idle"":1,""other"":1},""atlasexp-worker-w00-cpu-00-f08e20"":{""active"":0,""idle"":4,""other"":0},""atlasexp-worker-w00-cpu-01-98d339"":{""active"":0,""idle"":4,""other"":0},""atlasexp-worker-w00-cpu-02-c96200"":{""active"":0,""idle"":4,""other"":0},""atlasexp-worker-w00-cpu-03-ae8908"":{""active"":0,""idle"":3,""other"":1}}"
2026-09-30T13:52:55.400590552Z,bench-cpu-w4-best-fit-ropen-t3,0.360098,,0,21,0,0.000000,832.932000,0,0,0,0,0,,0,0,"{""atlasexp-api-35bc56"":{""active"":0,""idle"":4,""other"":0},""atlasexp-scheduler-best-fit-2e2ef1"":{""active"":0,""idle"":2,""other"":0},""atlasexp-worker-w00-cpu-00-f08e20"":{""active"":0,""idle"":4,""other"":0},""atlasexp-worker-w00-cpu-01-98d339"":{""active"":0,""idle"":4,""other"":0},""atlasexp-worker-w00-cpu-02-c96200"":{""active"":0,""idle"":3,""other"":1},""atlasexp-worker-w00-cpu-03-ae8908"":{""active"":0,""idle"":4,""other"":0}}"
2026-09-30T13:52:55.650285978Z,bench-cpu-w4-best-fit-ropen-t3,0.280342,,0,21,0,0.000000,1082.797000,0,0,0,0,0,,0,0,"{""atlasexp-api-35bc56"":{""active"":0,""idle"":4,""other"":0},""atlasexp-scheduler-best-fit-2e2ef1"":{""active"":0,""idle"":2,""other"":0},""atlasexp-worker-w00-cpu-00-f08e20"":{""active"":0,""idle"":3,""other"":1},""atlasexp-worker-w00-cpu-01-98d339"":{""active"":0,""idle"":4,""other"":0},""atlasexp-worker-w00-cpu-02-c96200"":{""active"":0,""idle"":4,""other"":0},""atlasexp-worker-w00-cpu-03-ae8908"":{""active"":0,""idle"":4,""other"":0}}"
2026-09-30T13:52:55.900357516Z,bench-cpu-w4-best-fit-ropen-t3,0.199943,,1,21,0,0.000000,1332.774000,0,0,0,0,0,,0,0,"{""atlasexp-api-35bc56"":{""active"":0,""idle"":4,""other"":0},""atlasexp-scheduler-best-fit-2e2ef1"":{""active"":1,""idle"":1,""other"":0},""atlasexp-worker-w00-cpu-00-f08e20"":{""active"":0,""idle"":4,""other"":0},""atlasexp-worker-w00-cpu-01-98d339"":{""active"":0,""idle"":4,""other"":0},""atlasexp-worker-w00-cpu-02-c96200"":{""active"":0,""idle"":4,""other"":0},""atlasexp-worker-w00-cpu-03-ae8908"":{""active"":0,""idle"":4,""other"":0}}"
2026-09-30T13:52:56.150292727Z,bench-cpu-w4-best-fit-ropen-t3,0.200052,,0,21,0,0.000000,1582.668000,0,0,0,0,0,,0,0,"{""atlasexp-api-35bc56"":{""active"":0,""idle"":4,""other"":0},""atlasexp-scheduler-best-fit-2e2ef1"":{""active"":0,""idle"":2,""other"":0},""atlasexp-worker-w00-cpu-00-f08e20"":{""active"":0,""idle"":4,""other"":0},""atlasexp-worker-w00-cpu-01-98d339"":{""active"":0,""idle"":3,""other"":1},""atlasexp-worker-w00-cpu-02-c96200"":{""active"":0,""idle"":4,""other"":0},""atlasexp-worker-w00-cpu-03-ae8908"":{""active"":0,""idle"":4,""other"":0}}"
2026-09-30T13:52:56.40014701Z,bench-cpu-w4-best-fit-ropen-t3,0.280163,,0,22,0,0.000000,1832.530000,0,0,0,0,0,,0,0,"{""atlasexp-api-35bc56"":{""active"":0,""idle"":4,""other"":0},""atlasexp-scheduler-best-fit-2e2ef1"":{""active"":0,""idle"":2,""other"":0},""atlasexp-worker-w00-cpu-00-f08e20"":{""active"":0,""idle"":4,""other"":0},""atlasexp-worker-w00-cpu-01-98d339"":{""active"":0,""idle"":4,""other"":0},""atlasexp-worker-w00-cpu-02-c96200"":{""active"":0,""idle"":4,""other"":0},""atlasexp-worker-w00-cpu-03-ae8908"":{""active"":0,""idle"":4,""other"":0}}"
2026-09-30T13:52:56.650073356Z,bench-cpu-w4-best-fit-ropen-t3,0.440130,,0,21,0,0.000000,1416.896000,0,0,0,0,0,,0,0,"{""atlasexp-api-35bc56"":{""active"":0,""idle"":4,""other"":0},""atlasexp-scheduler-best-fit-2e2ef1"":{""active"":0,""idle"":2,""other"":0},""atlasexp-worker-w00-cpu-00-f08e20"":{""active"":0,""idle"":4,""other"":0},""atlasexp-worker-w00-cpu-01-98d339"":{""active"":0,""idle"":3,""other"":1},""atlasexp-worker-w00-cpu-02-c96200"":{""active"":0,""idle"":4,""other"":0},""atlasexp-worker-w00-cpu-03-ae8908"":{""active"":0,""idle"":4,""other"":0}}"
2026-09-30T13:52:56.90071019Z,bench-cpu-w4-best-fit-ropen-t3,0.279289,,0,21,0,0.000000,1667.310000,0,0,0,0,0,,0,0,"{""atlasexp-api-35bc56"":{""active"":0,""idle"":4,""other"":0},""atlasexp-scheduler-best-fit-2e2ef1"":{""active"":0,""idle"":2,""other"":0},""atlasexp-worker-w00-cpu-00-f08e20"":{""active"":0,""idle"":4,""other"":0},""atlasexp-worker-w00-cpu-01-98d339"":{""active"":0,""idle"":4,""other"":0},""atlasexp-worker-w00-cpu-02-c96200"":{""active"":0,""idle"":4,""other"":0},""atlasexp-worker-w00-cpu-03-ae8908"":{""active"":0,""idle"":3,""other"":1}}"
2026-09-30T13:52:57.150717709Z,bench-cpu-w4-best-fit-ropen-t3,0.239993,,1,21,0,0.000000,1917.174000,0,0,0,0,0,,0,0,"{""atlasexp-api-35bc56"":{""active"":0,""idle"":4,""other"":0},""atlasexp-scheduler-best-fit-2e2ef1"":{""active"":1,""idle"":1,""other"":0},""atlasexp-worker-w00-cpu-00-f08e20"":{""active"":0,""idle"":4,""other"":0},""atlasexp-worker-w00-cpu-01-98d339"":{""active"":0,""idle"":4,""other"":0},""atlasexp-worker-w00-cpu-02-c96200"":{""active"":0,""idle"":4,""other"":0},""atlasexp-worker-w00-cpu-03-ae8908"":{""active"":0,""idle"":4,""other"":0}}"
2026-09-30T13:52:57.400728654Z,bench-cpu-w4-best-fit-ropen-t3,0.359984,,0,22,0,0.000000,2167.222000,0,0,0,0,0,,0,0,"{""atlasexp-api-35bc56"":{""active"":0,""idle"":4,""other"":0},""atlasexp-scheduler-best-fit-2e2ef1"":{""active"":0,""idle"":2,""other"":0},""atlasexp-worker-w00-cpu-00-f08e20"":{""active"":0,""idle"":4,""other"":0},""atlasexp-worker-w00-cpu-01-98d339"":{""active"":0,""idle"":4,""other"":0},""atlasexp-worker-w00-cpu-02-c96200"":{""active"":0,""idle"":4,""other"":0},""atlasexp-worker-w00-cpu-03-ae8908"":{""active"":0,""idle"":4,""other"":0}}"
2026-09-30T13:52:57.650126191Z,bench-cpu-w4-best-fit-ropen-t3,0.160387,,1,21,0,0.000000,2416.473000,0,0,0,0,0,,0,0,"{""atlasexp-api-35bc56"":{""active"":0,""idle"":4,""other"":0},""atlasexp-scheduler-best-fit-2e2ef1"":{""active"":0,""idle"":2,""other"":0},""atlasexp-worker-w00-cpu-00-f08e20"":{""active"":1,""idle"":3,""other"":0},""atlasexp-worker-w00-cpu-01-98d339"":{""active"":0,""idle"":4,""other"":0},""atlasexp-worker-w00-cpu-02-c96200"":{""active"":0,""idle"":4,""other"":0},""atlasexp-worker-w00-cpu-03-ae8908"":{""active"":0,""idle"":4,""other"":0}}"
2026-09-30T13:52:57.900014778Z,bench-cpu-w4-best-fit-ropen-t3,0.280125,,1,21,0,0.000000,2666.487000,0,0,0,0,0,,0,0,"{""atlasexp-api-35bc56"":{""active"":0,""idle"":4,""other"":0},""atlasexp-scheduler-best-fit-2e2ef1"":{""active"":0,""idle"":2,""other"":0},""atlasexp-worker-w00-cpu-00-f08e20"":{""active"":1,""idle"":3,""other"":0},""atlasexp-worker-w00-cpu-01-98d339"":{""active"":0,""idle"":4,""other"":0},""atlasexp-worker-w00-cpu-02-c96200"":{""active"":0,""idle"":4,""other"":0},""atlasexp-worker-w00-cpu-03-ae8908"":{""active"":0,""idle"":4,""other"":0}}"
2026-09-30T13:52:58.150291749Z,bench-cpu-w4-best-fit-ropen-t3,0.199779,,1,19,0,0.000000,2916.762000,0,0,0,0,0,,0,0,"{""atlasexp-api-35bc56"":{""active"":0,""idle"":4,""other"":0},""atlasexp-scheduler-best-fit-2e2ef1"":{""active"":0,""idle"":1,""other"":1},""atlasexp-worker-w00-cpu-00-f08e20"":{""active"":0,""idle"":4,""other"":0},""atlasexp-worker-w00-cpu-01-98d339"":{""active"":1,""idle"":3,""other"":0},""atlasexp-worker-w00-cpu-02-c96200"":{""active"":0,""idle"":4,""other"":0},""atlasexp-worker-w00-cpu-03-ae8908"":{""active"":0,""idle"":3,""other"":1}}"
2026-09-30T13:52:58.400257108Z,bench-cpu-w4-best-fit-ropen-t3,0.280039,,0,21,0,0.000000,3166.772000,0,0,0,0,0,,0,0,"{""atlasexp-api-35bc56"":{""active"":0,""idle"":4,""other"":0},""atlasexp-scheduler-best-fit-2e2ef1"":{""active"":0,""idle"":2,""other"":0},""atlasexp-worker-w00-cpu-00-f08e20"":{""active"":0,""idle"":3,""other"":1},""atlasexp-worker-w00-cpu-01-98d339"":{""active"":0,""idle"":4,""other"":0},""atlasexp-worker-w00-cpu-02-c96200"":{""active"":0,""idle"":4,""other"":0},""atlasexp-worker-w00-cpu-03-ae8908"":{""active"":0,""idle"":4,""other"":0}}"
2026-09-30T13:52:58.650677909Z,bench-cpu-w4-best-fit-ropen-t3,0.359395,,2,19,0,0.000000,3417.188000,0,0,0,0,0,,0,0,"{""atlasexp-api-35bc56"":{""active"":0,""idle"":4,""other"":0},""atlasexp-scheduler-best-fit-2e2ef1"":{""active"":1,""idle"":1,""other"":0},""atlasexp-worker-w00-cpu-00-f08e20"":{""active"":0,""idle"":3,""other"":1},""atlasexp-worker-w00-cpu-01-98d339"":{""active"":0,""idle"":4,""other"":0},""atlasexp-worker-w00-cpu-02-c96200"":{""active"":0,""idle"":4,""other"":0},""atlasexp-worker-w00-cpu-03-ae8908"":{""active"":1,""idle"":3,""other"":0}}"
2026-09-30T13:52:58.900623462Z,bench-cpu-w4-best-fit-ropen-t3,0.240052,,0,22,0,0.000000,,0,0,0,0,0,,0,0,"{""atlasexp-api-35bc56"":{""active"":0,""idle"":4,""other"":0},""atlasexp-scheduler-best-fit-2e2ef1"":{""active"":0,""idle"":2,""other"":0},""atlasexp-worker-w00-cpu-00-f08e20"":{""active"":0,""idle"":4,""other"":0},""atlasexp-worker-w00-cpu-01-98d339"":{""active"":0,""idle"":4,""other"":0},""atlasexp-worker-w00-cpu-02-c96200"":{""active"":0,""idle"":4,""other"":0},""atlasexp-worker-w00-cpu-03-ae8908"":{""active"":0,""idle"":4,""other"":0}}"
2026-09-30T13:52:59.150358341Z,idle,0.120127,,4,32,0,0.000000,,0,0,0,0,0,,0,0,"{""atlasexp-api-35bc56"":{""active"":0,""idle"":4,""other"":0},""atlasexp-worker-w00-cpu-00-97edfa"":{""active"":0,""idle"":4,""other"":0},""atlasexp-worker-w00-cpu-01-b2c650"":{""active"":0,""idle"":4,""other"":0},""atlasexp-worker-w00-cpu-02-ba518d"":{""active"":1,""idle"":3,""other"":0},""atlasexp-worker-w00-cpu-03-dd05ef"":{""active"":3,""idle"":1,""other"":0},""atlasexp-worker-w00-cpu-04-393bdf"":{""active"":0,""idle"":4,""other"":0},""atlasexp-worker-w00-cpu-05-c54362"":{""active"":0,""idle"":4,""other"":0},""atlasexp-worker-w00-cpu-06-3c837c"":{""active"":0,""idle"":4,""other"":0},""atlasexp-worker-w00-cpu-07-94d1bb"":{""active"":0,""idle"":4,""other"":0}}"
2026-09-30T13:52:59.400533572Z,bench-cpu-w8-best-fit-ropen-t1,0.199860,,6,30,4,0.666667,,0,0,0,0,0,,0,0,"{""atlasexp-api-35bc56"":{""active"":4,""idle"":0,""other"":0},""atlasexp-scheduler-best-fit-193c47"":{""active"":1,""idle"":1,""other"":0},""atlasexp-worker-w00-cpu-00-97edfa"":{""active"":0,""idle"":4,""other"":0},""atlasexp-worker-w00-cpu-01-b2c650"":{""active"":0,""idle"":4,""other"":0},""atlasexp-worker-w00-cpu-02-ba518d"":{""active"":1,""idle"":3,""other"":0},""atlasexp-worker-w00-cpu-03-dd05ef"":{""active"":0,""idle"":4,""other"":0},""atlasexp-worker-w00-cpu-04-393bdf"":{""active"":0,""idle"":4,""other"":0},""atlasexp-worker-w00-cpu-05-c54362"":{""active"":0,""idle"":2,""other"":2},""atlasexp-worker-w00-cpu-06-3c837c"":{""active"":0,""idle"":4,""other"":0},""atlasexp-worker-w00-cpu-07-94d1bb"":{""active"":0,""idle"":4,""other"":0}}"
2026-09-30T13:52:59.649983919Z,bench-cpu-w8-best-fit-ropen-t1,0.440970,,3,32,3,1.000000,283.975000,0,0,0,0,0,,0,0,"{""atlasexp-api-35bc56"":{""active"":2,""idle"":1,""other"":1},""atlasexp-scheduler-best-fit-193c47"":{""active"":1,""idle"":1,""other"":0},""atlasexp-worker-w00-cpu-00-97edfa"":{""active"":0,""idle"":4,""other"":0},""atlasexp-worker-w00-cpu-01-b2c650"":{""active"":0,""idle"":4,""other"":0},""atlasexp-worker-w00-cpu-02-ba518d"":{""active"":0,""idle"":4,""other"":0},""atlasexp-worker-w00-cpu-03-dd05ef"":{""active"":0,""idle"":4,""other"":0},""atlasexp-worker-w00-cpu-04-393bdf"":{""active"":0,""idle"":2,""other"":2},""atlasexp-worker-w00-cpu-05-c54362"":{""active"":0,""idle"":4,""other"":0},""atlasexp-worker-w00-cpu-06-3c837c"":{""active"":0,""idle"":4,""other"":0},""atlasexp-worker-w00-cpu-07-94d1bb"":{""active"":0,""idle"":4,""other"":0}}"
2026-09-30T13:52:59.900272121Z,bench-cpu-w8-best-fit-ropen-t1,0.679217,,3,31,2,0.666667,533.876000,0,0,0,0,0,,0,0,"{""atlasexp-api-35bc56"":{""active"":3,""idle"":0,""other"":1},""atlasexp-scheduler-best-fit-193c47"":{""active"":0,""idle"":2,""other"":0},""atlasexp-worker-w00-cpu-00-97edfa"":{""active"":0,""idle"":4,""other"":0},""atlasexp-worker-w00-cpu-01-b2c650"":{""active"":0,""idle"":3,""other"":1},""atlasexp-worker-w00-cpu-02-ba518d"":{""active"":0,""idle"":4,""other"":0},""atlasexp-worker-w00-cpu-03-dd05ef"":{""active"":0,""idle"":4,""other"":0},""atlasexp-worker-w00-cpu-04-393bdf"":{""active"":0,""idle"":4,""other"":0},""atlasexp-worker-w00-cpu-05-c54362"":{""active"":0,""idle"":4,""other"":0},""atlasexp-worker-w00-cpu-06-3c837c"":{""active"":0,""idle"":3,""other"":1},""atlasexp-worker-w00-cpu-07-94d1bb"":{""active"":0,""idle"":3,""other"":1}}"
2026-09-30T13:53:00.149840509Z,bench-cpu-w8-best-fit-ropen-t1,1.001729,,0,37,0,0.000000,783.545000,0,0,0,0,0,,0,0,"{""atlasexp-api-35bc56"":{""active"":0,""idle"":4,""other"":0},""atlasexp-scheduler-best-fit-193c47"":{""active"":0,""idle"":2,""other"":0},""atlasexp-worker-w00-cpu-00-97edfa"":{""active"":0,""idle"":4,""other"":0},""atlasexp-worker-w00-cpu-01-b2c650"":{""active"":0,""idle"":4,""other"":0},""atlasexp-worker-w00-cpu-02-ba518d"":{""active"":0,""idle"":4,""other"":0},""atlasexp-worker-w00-cpu-03-dd05ef"":{""active"":0,""idle"":4,""other"":0},""atlasexp-worker-w00-cpu-04-393bdf"":{""active"":0,""idle"":4,""other"":0},""atlasexp-worker-w00-cpu-05-c54362"":{""active"":0,""idle"":4,""other"":0},""atlasexp-worker-w00-cpu-06-3c837c"":{""active"":0,""idle"":4,""other"":0},""atlasexp-worker-w00-cpu-07-94d1bb"":{""active"":0,""idle"":3,""other"":1}}"
2026-09-30T13:53:00.400455593Z,bench-cpu-w8-best-fit-ropen-t1,0.279313,,1,35,0,0.000000,1034.071000,0,0,0,0,0,,0,0,"{""atlasexp-api-35bc56"":{""active"":0,""idle"":4,""other"":0},""atlasexp-scheduler-best-fit-193c47"":{""active"":0,""idle"":2,""other"":0},""atlasexp-worker-w00-cpu-00-97edfa"":{""active"":0,""idle"":4,""other"":0},""atlasexp-worker-w00-cpu-01-b2c650"":{""active"":0,""idle"":4,""other"":0},""atlasexp-worker-w00-cpu-02-ba518d"":{""active"":1,""idle"":3,""other"":0},""atlasexp-worker-w00-cpu-03-dd05ef"":{""active"":0,""idle"":2,""other"":2},""atlasexp-worker-w00-cpu-04-393bdf"":{""active"":0,""idle"":4,""other"":0},""atlasexp-worker-w00-cpu-05-c54362"":{""active"":0,""idle"":4,""other"":0},""atlasexp-worker-w00-cpu-06-3c837c"":{""active"":0,""idle"":4,""other"":0},""atlasexp-worker-w00-cpu-07-94d1bb"":{""active"":0,""idle"":4,""other"":0}}"
2026-09-30T13:53:00.650586421Z,bench-cpu-w8-best-fit-ropen-t1,0.359812,,1,37,0,0.000000,1284.486000,0,0,0,0,0,,0,0,"{""atlasexp-api-35bc56"":{""active"":0,""idle"":4,""other"":0},""atlasexp-scheduler-best-fit-193c47"":{""active"":0,""idle"":2,""other"":0},""atlasexp-worker-w00-cpu-00-97edfa"":{""active"":0,""idle"":4,""other"":0},""atlasexp-worker-w00-cpu-01-b2c650"":{""active"":0,""idle"":4,""other"":0},""atlasexp-worker-w00-cpu-02-ba518d"":{""active"":1,""idle"":3,""other"":0},""atlasexp-worker-w00-cpu-03-dd05ef"":{""active"":0,""idle"":4,""other"":0},""atlasexp-worker-w00-cpu-04-393bdf"":{""active"":0,""idle"":4,""other"":0},""atlasexp-worker-w00-cpu-05-c54362"":{""active"":0,""idle"":4,""other"":0},""atlasexp-worker-w00-cpu-06-3c837c"":{""active"":0,""idle"":4,""other"":0},""atlasexp-worker-w00-cpu-07-94d1bb"":{""active"":0,""idle"":4,""other"":0}}"
2026-09-30T13:53:00.900753368Z,bench-cpu-w8-best-fit-ropen-t1,0.359760,,0,37,0,0.000000,1534.366000,0,0,0,0,0,,0,0,"{""atlasexp-api-35bc56"":{""active"":0,""idle"":4,""other"":0},""atlasexp-scheduler-best-fit-193c47"":{""active"":0,""idle"":1,""other"":1},""atlasexp-worker-w00-cpu-00-97edfa"":{""active"":0,""idle"":4,""other"":0},""atlasexp-worker-w00-cpu-01-b2c650"":{""active"":0,""idle"":4,""other"":0},""atlasexp-worker-w00-cpu-02-ba518d"":{""active"":0,""idle"":4,""other"":0},""atlasexp-worker-w00-cpu-03-dd05ef"":{""active"":0,""idle"":4,""other"":0},""atlasexp-worker-w00-cpu-04-393bdf"":{""active"":0,""idle"":4,""other"":0},""atlasexp-worker-w00-cpu-05-c54362"":{""active"":0,""idle"":4,""other"":0},""atlasexp-worker-w00-cpu-06-3c837c"":{""active"":0,""idle"":4,""other"":0},""atlasexp-worker-w00-cpu-07-94d1bb"":{""active"":0,""idle"":4,""other"":0}}"
2026-09-30T13:53:01.150372419Z,bench-cpu-w8-best-fit-ropen-t1,0.560855,,2,34,0,0.000000,1206.781000,0,0,0,0,0,,0,0,"{""atlasexp-api-35bc56"":{""active"":0,""idle"":4,""other"":0},""atlasexp-scheduler-best-fit-193c47"":{""active"":0,""idle"":1,""other"":1},""atlasexp-worker-w00-cpu-00-97edfa"":{""active"":0,""idle"":4,""other"":0},""atlasexp-worker-w00-cpu-01-b2c650"":{""active"":0,""idle"":3,""other"":1},""atlasexp-worker-w00-cpu-02-ba518d"":{""active"":1,""idle"":3,""other"":0},""atlasexp-worker-w00-cpu-03-dd05ef"":{""active"":0,""idle"":4,""other"":0},""atlasexp-worker-w00-cpu-04-393bdf"":{""active"":0,""idle"":4,""other"":0},""atlasexp-worker-w00-cpu-05-c54362"":{""active"":0,""idle"":4,""other"":0},""atlasexp-worker-w00-cpu-06-3c837c"":{""active"":0,""idle"":4,""other"":0},""atlasexp-worker-w00-cpu-07-94d1bb"":{""active"":1,""idle"":3,""other"":0}}"
2026-09-30T13:53:01.40003877Z,bench-cpu-w8-best-fit-ropen-t1,0.560748,,0,33,0,0.000000,1456.497000,0,0,0,0,0,,0,0,"{""atlasexp-api-35bc56"":{""active"":0,""idle"":4,""other"":0},""atlasexp-scheduler-best-fit-193c47"":{""active"":0,""idle"":1,""other"":1},""atlasexp-worker-w00-cpu-00-97edfa"":{""active"":0,""idle"":4,""other"":0},""atlasexp-worker-w00-cpu-01-b2c650"":{""active"":0,""idle"":4,""other"":0},""atlasexp-worker-w00-cpu-02-ba518d"":{""active"":0,""idle"":4,""other"":0},""atlasexp-worker-w00-cpu-03-dd05ef"":{""active"":0,""idle"":4,""other"":0},""atlasexp-worker-w00-cpu-04-393bdf"":{""active"":0,""idle"":3,""other"":1},""atlasexp-worker-w00-cpu-05-c54362"":{""active"":0,""idle"":3,""other"":1},""atlasexp-worker-w00-cpu-06-3c837c"":{""active"":0,""idle"":3,""other"":1},""atlasexp-worker-w00-cpu-07-94d1bb"":{""active"":0,""idle"":3,""other"":1}}"
2026-09-30T13:53:01.649803324Z,bench-cpu-w8-best-fit-ropen-t1,0.680641,,0,37,0,0.000000,1706.363000,0,0,0,0,0,,0,0,"{""atlasexp-api-35bc56"":{""active"":0,""idle"":4,""other"":0},""atlasexp-scheduler-best-fit-193c47"":{""active"":0,""idle"":2,""other"":0},""atlasexp-worker-w00-cpu-00-97edfa"":{""active"":0,""idle"":4,""other"":0},""atlasexp-worker-w00-cpu-01-b2c650"":{""active"":0,""idle"":4,""other"":0},""atlasexp-worker-w00-cpu-02-ba518d"":{""active"":0,""idle"":4,""other"":0},""atlasexp-worker-w00-cpu-03-dd05ef"":{""active"":0,""idle"":4,""other"":0},""atlasexp-worker-w00-cpu-04-393bdf"":{""active"":0,""idle"":3,""other"":1},""atlasexp-worker-w00-cpu-05-c54362"":{""active"":0,""idle"":4,""other"":0},""atlasexp-worker-w00-cpu-06-3c837c"":{""active"":0,""idle"":4,""other"":0},""atlasexp-worker-w00-cpu-07-94d1bb"":{""active"":0,""idle"":4,""other"":0}}"
2026-09-30T13:53:01.900160656Z,bench-cpu-w8-best-fit-ropen-t1,0.599144,,2,35,0,0.000000,1956.557000,0,0,0,0,0,,0,0,"{""atlasexp-api-35bc56"":{""active"":0,""idle"":4,""other"":0},""atlasexp-scheduler-best-fit-193c47"":{""active"":0,""idle"":1,""other"":1},""atlasexp-worker-w00-cpu-00-97edfa"":{""active"":0,""idle"":4,""other"":0},""atlasexp-worker-w00-cpu-01-b2c650"":{""active"":0,""idle"":4,""other"":0},""atlasexp-worker-w00-cpu-02-ba518d"":{""active"":1,""idle"":3,""other"":0},""atlasexp-worker-w00-cpu-03-dd05ef"":{""active"":0,""idle"":4,""other"":0},""atlasexp-worker-w00-cpu-04-393bdf"":{""active"":0,""idle"":4,""other"":0},""atlasexp-worker-w00-cpu-05-c54362"":{""active"":1,""idle"":3,""other"":0},""atlasexp-worker-w00-cpu-06-3c837c"":{""active"":0,""idle"":4,""other"":0},""atlasexp-worker-w00-cpu-07-94d1bb"":{""active"":0,""idle"":4,""other"":0}}"
2026-09-30T13:53:02.150699407Z,bench-cpu-w8-best-fit-ropen-t1,0.558796,,4,33,0,0.000000,2207.174000,0,0,0,0,0,,0,0,"{""atlasexp-api-35bc56"":{""active"":0,""idle"":4,""other"":0},""atlasexp-scheduler-best-fit-193c47"":{""active"":0,""idle"":2,""other"":0},""atlasexp-worker-w00-cpu-00-97edfa"":{""active"":1,""idle"":2,""other"":1},""atlasexp-worker-w00-cpu-01-b2c650"":{""active"":0,""idle"":4,""other"":0},""atlasexp-worker-w00-cpu-02-ba518d"":{""active"":1,""idle"":3,""other"":0},""atlasexp-worker-w00-cpu-03-dd05ef"":{""active"":0,""idle"":4,""other"":0},""atlasexp-worker-w00-cpu-04-393bdf"":{""active"":1,""idle"":3,""other"":0},""atlasexp-worker-w00-cpu-05-c54362"":{""active"":1,""idle"":3,""other"":0},""atlasexp-worker-w00-cpu-06-3c837c"":{""active"":0,""idle"":4,""other"":0},""atlasexp-worker-w00-cpu-07-94d1bb"":{""active"":0,""idle"":4,""other"":0}}"
2026-09-30T13:53:02.400128358Z,bench-cpu-w8-best-fit-ropen-t1,0.481099,,0,35,0,0.000000,1319.517000,0,0,0,0,0,,0,0,"{""atlasexp-api-35bc56"":{""active"":0,""idle"":4,""other"":0},""atlasexp-scheduler-best-fit-193c47"":{""active"":0,""idle"":1,""other"":1},""atlasexp-worker-w00-cpu-00-97edfa"":{""active"":0,""idle"":3,""other"":1},""atlasexp-worker-w00-cpu-01-b2c650"":{""active"":0,""idle"":4,""other"":0},""atlasexp-worker-w00-cpu-02-ba518d"":{""active"":0,""idle"":4,""other"":0},""atlasexp-worker-w00-cpu-03-dd05ef"":{""active"":0,""idle"":4,""other"":0},""atlasexp-worker-w00-cpu-04-393bdf"":{""active"":0,""idle"":4,""other"":0},""atlasexp-worker-w00-cpu-05-c54362"":{""active"":0,""idle"":4,""other"":0},""atlasexp-worker-w00-cpu-06-3c837c"":{""active"":0,""idle"":3,""other"":1},""atlasexp-worker-w00-cpu-07-94d1bb"":{""active"":0,""idle"":4,""other"":0}}"
2026-09-30T13:53:02.649799312Z,bench-cpu-w8-best-fit-ropen-t2,0.640843,,4,34,3,0.750000,,0,0,0,0,0,,0,0,"{""atlasexp-api-35bc56"":{""active"":4,""idle"":0,""other"":0},""atlasexp-scheduler-best-fit-193c47"":{""active"":0,""idle"":2,""other"":0},""atlasexp-worker-w00-cpu-00-97edfa"":{""active"":0,""idle"":4,""other"":0},""atlasexp-worker-w00-cpu-01-b2c650"":{""active"":0,""idle"":4,""other"":0},""atlasexp-worker-w00-cpu-02-ba518d"":{""active"":0,""idle"":4,""other"":0},""atlasexp-worker-w00-cpu-03-dd05ef"":{""active"":0,""idle"":4,""other"":0},""atlasexp-worker-w00-cpu-04-393bdf"":{""active"":0,""idle"":4,""other"":0},""atlasexp-worker-w00-cpu-05-c54362"":{""active"":0,""idle"":4,""other"":0},""atlasexp-worker-w00-cpu-06-3c837c"":{""active"":0,""idle"":4,""other"":0},""atlasexp-worker-w00-cpu-07-94d1bb"":{""active"":0,""idle"":4,""other"":0}}"
2026-09-30T13:53:02.900623592Z,bench-cpu-w8-best-fit-ropen-t2,0.637897,,3,32,2,0.666667,234.854000,0,0,0,0,0,,0,0,"{""atlasexp-api-35bc56"":{""active"":2,""idle"":0,""other"":2},""atlasexp-scheduler-best-fit-193c47"":{""active"":0,""idle"":1,""other"":1},""atlasexp-worker-w00-cpu-00-97edfa"":{""active"":0,""idle"":4,""other"":0},""atlasexp-worker-w00-cpu-01-b2c650"":{""active"":0,""idle"":4,""other"":0},""atlasexp-worker-w00-cpu-02-ba518d"":{""active"":1,""idle"":3,""other"":0},""atlasexp-worker-w00-cpu-03-dd05ef"":{""active"":0,""idle"":4,""other"":0},""atlasexp-worker-w00-cpu-04-393bdf"":{""active"":0,""idle"":4,""other"":0},""atlasexp-worker-w00-cpu-05-c54362"":{""active"":0,""idle"":4,""other"":0},""atlasexp-worker-w00-cpu-06-3c837c"":{""active"":0,""idle"":4,""other"":0},""atlasexp-worker-w00-cpu-07-94d1bb"":{""active"":0,""idle"":4,""other"":0}}"
2026-09-30T13:53:03.150608855Z,bench-cpu-w8-best-fit-ropen-t2,0.800047,,4,32,3,0.750000,204.800000,0,0,0,0,0,,0,0,"{""atlasexp-api-35bc56"":{""active"":3,""idle"":0,""other"":1},""atlasexp-scheduler-best-fit-193c47"":{""active"":0,""idle"":2,""other"":0},""atlasexp-worker-w00-cpu-00-97edfa"":{""active"":0,""idle"":4,""other"":0},""atlasexp-worker-w00-cpu-01-b2c650"":{""active"":0,""idle"":4,""other"":0},""atlasexp-worker-w00-cpu-02-ba518d"":{""active"":1,""idle"":3,""other"":0},""atlasexp-worker-w00-cpu-03-dd05ef"":{""active"":0,""idle"":3,""other"":1},""atlasexp-worker-w00-cpu-04-393bdf"":{""active"":0,""idle"":4,""other"":0},""atlasexp-worker-w00-cpu-05-c54362"":{""active"":0,""idle"":4,""other"":0},""atlasexp-worker-w00-cpu-06-3c837c"":{""active"":0,""idle"":4,""other"":0},""atlasexp-worker-w00-cpu-07-94d1bb"":{""active"":0,""idle"":4,""other"":0}}"
2026-09-30T13:53:03.400169925Z,bench-cpu-w8-best-fit-ropen-t2,0.400704,,3,33,2,0.666667,454.419000,0,0,0,0,0,,0,0,"{""atlasexp-api-35bc56"":{""active"":1,""idle"":2,""other"":1},""atlasexp-scheduler-best-fit-193c47"":{""active"":1,""idle"":1,""other"":0},""atlasexp-worker-w00-cpu-00-97edfa"":{""active"":0,""idle"":4,""other"":0},""atlasexp-worker-w00-cpu-01-b2c650"":{""active"":0,""idle"":4,""other"":0},""atlasexp-worker-w00-cpu-02-ba518d"":{""active"":1,""idle"":3,""other"":0},""atlasexp-worker-w00-cpu-03-dd05ef"":{""active"":0,""idle"":4,""other"":0},""atlasexp-worker-w00-cpu-04-393bdf"":{""active"":0,""idle"":4,""other"":0},""atlasexp-worker-w00-cpu-05-c54362"":{""active"":0,""idle"":4,""other"":0},""atlasexp-worker-w00-cpu-06-3c837c"":{""active"":0,""idle"":3,""other"":1},""atlasexp-worker-w00-cpu-07-94d1bb"":{""active"":0,""idle"":4,""other"":0}}"
2026-09-30T13:53:03.649849034Z,bench-cpu-w8-best-fit-ropen-t2,0.600771,,0,37,0,0.000000,704.434000,0,0,0,0,0,,0,0,"{""atlasexp-api-35bc56"":{""active"":0,""idle"":4,""other"":0},""atlasexp-scheduler-best-fit-193c47"":{""active"":0,""idle"":1,""other"":1},""atlasexp-worker-w00-cpu-00-97edfa"":{""active"":0,""idle"":4,""other"":0},""atlasexp-worker-w00-cpu-01-b2c650"":{""active"":0,""idle"":4,""other"":0},""atlasexp-worker-w00-cpu-02-ba518d"":{""active"":0,""idle"":4,""other"":0},""atlasexp-worker-w00-cpu-03-dd05ef"":{""active"":0,""idle"":4,""other"":0},""atlasexp-worker-w00-cpu-04-393bdf"":{""active"":0,""idle"":4,""other"":0},""atlasexp-worker-w00-cpu-05-c54362"":{""active"":0,""idle"":4,""other"":0},""atlasexp-worker-w00-cpu-06-3c837c"":{""active"":0,""idle"":4,""other"":0},""atlasexp-worker-w00-cpu-07-94d1bb"":{""active"":0,""idle"":4,""other"":0}}"
2026-09-30T13:53:03.900677703Z,bench-cpu-w8-best-fit-ropen-t2,0.398679,,0,36,0,0.000000,954.943000,0,0,0,0,0,,0,0,"{""atlasexp-api-35bc56"":{""active"":0,""idle"":4,""other"":0},""atlasexp-scheduler-best-fit-193c47"":{""active"":0,""idle"":1,""other"":1},""atlasexp-worker-w00-cpu-00-97edfa"":{""active"":0,""idle"":4,""other"":0},""atlasexp-worker-w00-cpu-01-b2c650"":{""active"":0,""idle"":4,""other"":0},""atlasexp-worker-w00-cpu-02-ba518d"":{""active"":0,""idle"":4,""other"":0},""atlasexp-worker-w00-cpu-03-dd05ef"":{""active"":0,""idle"":4,""other"":0},""atlasexp-worker-w00-cpu-04-393bdf"":{""active"":0,""idle"":3,""other"":1},""atlasexp-worker-w00-cpu-05-c54362"":{""active"":0,""idle"":4,""other"":0},""atlasexp-worker-w00-cpu-06-3c837c"":{""active"":0,""idle"":4,""other"":0},""atlasexp-worker-w00-cpu-07-94d1bb"":{""active"":0,""idle"":4,""other"":0}}"
2026-09-30T13:53:04.150771999Z,bench-cpu-w8-best-fit-ropen-t2,0.519804,,1,37,0,0.000000,1205.066000,0,0,0,0,0,,0,0,"{""atlasexp-api-35bc56"":{""active"":0,""idle"":4,""other"":0},""atlasexp-scheduler-best-fit-193c47"":{""active"":0,""idle"":2,""other"":0},""atlasexp-worker-w00-cpu-00-97edfa"":{""active"":0,""idle"":4,""other"":0},""atlasexp-worker-w00-cpu-01-b2c650"":{""active"":0,""idle"":4,""other"":0},""atlasexp-worker-w00-cpu-02-ba518d"":{""active"":1,""idle"":3,""other"":0},""atlasexp-worker-w00-cpu-03-dd05ef"":{""active"":0,""idle"":4,""other"":0},""atlasexp-worker-w00-cpu-04-393bdf"":{""active"":0,""idle"":4,""other"":0},""atlasexp-worker-w00-cpu-05-c54362"":{""active"":0,""idle"":4,""other"":0},""atlasexp-worker-w00-cpu-06-3c837c"":{""active"":0,""idle"":4,""other"":0},""atlasexp-worker-w00-cpu-07-94d1bb"":{""active"":0,""idle"":4,""other"":0}}"
2026-09-30T13:53:04.400808968Z,bench-cpu-w8-best-fit-ropen-t2,0.319953,,1,37,0,0.000000,1455.073000,0,0,0,0,0,,0,0,"{""atlasexp-api-35bc56"":{""active"":0,""idle"":4,""other"":0},""atlasexp-scheduler-best-fit-193c47"":{""active"":1,""idle"":1,""other"":0},""atlasexp-worker-w00-cpu-00-97edfa"":{""active"":0,""idle"":4,""other"":0},""atlasexp-worker-w00-cpu-01-b2c650"":{""active"":0,""idle"":4,""other"":0},""atlasexp-worker-w00-cpu-02-ba518d"":{""active"":0,""idle"":4,""other"":0},""atlasexp-worker-w00-cpu-03-dd05ef"":{""active"":0,""idle"":4,""other"":0},""atlasexp-worker-w00-cpu-04-393bdf"":{""active"":0,""idle"":4,""other"":0},""atlasexp-worker-w00-cpu-05-c54362"":{""active"":0,""idle"":4,""other"":0},""atlasexp-worker-w00-cpu-06-3c837c"":{""active"":0,""idle"":4,""other"":0},""atlasexp-worker-w00-cpu-07-94d1bb"":{""active"":0,""idle"":4,""other"":0}}"
2026-09-30T13:53:04.649743676Z,bench-cpu-w8-best-fit-ropen-t2,0.482054,,0,38,0,0.000000,1704.286000,0,0,0,0,0,,0,0,"{""atlasexp-api-35bc56"":{""active"":0,""idle"":4,""other"":0},""atlasexp-scheduler-best-fit-193c47"":{""active"":0,""idle"":2,""other"":0},""atlasexp-worker-w00-cpu-00-97edfa"":{""active"":0,""idle"":4,""other"":0},""atlasexp-worker-w00-cpu-01-b2c650"":{""active"":0,""idle"":4,""other"":0},""atlasexp-worker-w00-cpu-02-ba518d"":{""active"":0,""idle"":4,""other"":0},""atlasexp-worker-w00-cpu-03-dd05ef"":{""active"":0,""idle"":4,""other"":0},""atlasexp-worker-w00-cpu-04-393bdf"":{""active"":0,""idle"":4,""other"":0},""atlasexp-worker-w00-cpu-05-c54362"":{""active"":0,""idle"":4,""other"":0},""atlasexp-worker-w00-cpu-06-3c837c"":{""active"":0,""idle"":4,""other"":0},""atlasexp-worker-w00-cpu-07-94d1bb"":{""active"":0,""idle"":4,""other"":0}}"
2026-09-30T13:53:04.900192605Z,bench-cpu-w8-best-fit-ropen-t2,0.558996,,3,34,0,0.000000,1954.343000,0,0,0,0,0,,0,0,"{""atlasexp-api-35bc56"":{""active"":0,""idle"":4,""other"":0},""atlasexp-scheduler-best-fit-193c47"":{""active"":0,""idle"":1,""other"":1},""atlasexp-worker-w00-cpu-00-97edfa"":{""active"":0,""idle"":4,""other"":0},""atlasexp-worker-w00-cpu-01-b2c650"":{""active"":1,""idle"":3,""other"":0},""atlasexp-worker-w00-cpu-02-ba518d"":{""active"":1,""idle"":3,""other"":0},""atlasexp-worker-w00-cpu-03-dd05ef"":{""active"":0,""idle"":4,""other"":0},""atlasexp-worker-w00-cpu-04-393bdf"":{""active"":0,""idle"":4,""other"":0},""atlasexp-worker-w00-cpu-05-c54362"":{""active"":0,""idle"":4,""other"":0},""atlasexp-worker-w00-cpu-06-3c837c"":{""active"":0,""idle"":4,""other"":0},""atlasexp-worker-w00-cpu-07-94d1bb"":{""active"":1,""idle"":3,""other"":0}}"
2026-09-30T13:53:05.150626066Z,bench-cpu-w8-best-fit-ropen-t2,0.678823,,2,36,0,0.000000,1355.293000,0,0,0,0,0,,0,0,"{""atlasexp-api-35bc56"":{""active"":0,""idle"":4,""other"":0},""atlasexp-scheduler-best-fit-193c47"":{""active"":0,""idle"":2,""other"":0},""atlasexp-worker-w00-cpu-00-97edfa"":{""active"":0,""idle"":4,""other"":0},""atlasexp-worker-w00-cpu-01-b2c650"":{""active"":1,""idle"":3,""other"":0},""atlasexp-worker-w00-cpu-02-ba518d"":{""active"":1,""idle"":3,""other"":0},""atlasexp-worker-w00-cpu-03-dd05ef"":{""active"":0,""idle"":4,""other"":0},""atlasexp-worker-w00-cpu-04-393bdf"":{""active"":0,""idle"":4,""other"":0},""atlasexp-worker-w00-cpu-05-c54362"":{""active"":0,""idle"":4,""other"":0},""atlasexp-worker-w00-cpu-06-3c837c"":{""active"":0,""idle"":4,""other"":0},""atlasexp-worker-w00-cpu-07-94d1bb"":{""active"":0,""idle"":4,""other"":0}}"
2026-09-30T13:53:05.400540709Z,bench-cpu-w8-best-fit-ropen-t2,0.600205,,1,36,0,0.000000,1605.090000,0,0,0,0,0,,0,0,"{""atlasexp-api-35bc56"":{""active"":0,""idle"":4,""other"":0},""atlasexp-scheduler-best-fit-193c47"":{""active"":0,""idle"":1,""other"":1},""atlasexp-worker-w00-cpu-00-97edfa"":{""active"":0,""idle"":4,""other"":0},""atlasexp-worker-w00-cpu-01-b2c650"":{""active"":0,""idle"":4,""other"":0},""atlasexp-worker-w00-cpu-02-ba518d"":{""active"":1,""idle"":3,""other"":0},""atlasexp-worker-w00-cpu-03-dd05ef"":{""active"":0,""idle"":4,""other"":0},""atlasexp-worker-w00-cpu-04-393bdf"":{""active"":0,""idle"":4,""other"":0},""atlasexp-worker-w00-cpu-05-c54362"":{""active"":0,""idle"":4,""other"":0},""atlasexp-worker-w00-cpu-06-3c837c"":{""active"":0,""idle"":4,""other"":0},""atlasexp-worker-w00-cpu-07-94d1bb"":{""active"":0,""idle"":4,""other"":0}}"
2026-09-30T13:53:05.649824315Z,bench-cpu-w8-best-fit-ropen-t2,0.401150,,2,36,0,0.000000,1854.714000,0,0,0,0,0,,0,0,"{""atlasexp-api-35bc56"":{""active"":0,""idle"":4,""other"":0},""atlasexp-scheduler-best-fit-193c47"":{""active"":0,""idle"":2,""other"":0},""atlasexp-worker-w00-cpu-00-97edfa"":{""active"":0,""idle"":4,""other"":0},""atlasexp-worker-w00-cpu-01-b2c650"":{""active"":0,""idle"":4,""other"":0},""atlasexp-worker-w00-cpu-02-ba518d"":{""active"":1,""idle"":3,""other"":0},""atlasexp-worker-w00-cpu-03-dd05ef"":{""active"":0,""idle"":4,""other"":0},""atlasexp-worker-w00-cpu-04-393bdf"":{""active"":0,""idle"":4,""other"":0},""atlasexp-worker-w00-cpu-05-c54362"":{""active"":0,""idle"":4,""other"":0},""atlasexp-worker-w00-cpu-06-3c837c"":{""active"":1,""idle"":3,""other"":0},""atlasexp-worker-w00-cpu-07-94d1bb"":{""active"":0,""idle"":4,""other"":0}}"
2026-09-30T13:53:05.900673416Z,bench-cpu-w8-best-fit-ropen-t2,0.637834,,1,36,0,0.000000,2105.149000,0,0,0,0,0,,0,0,"{""atlasexp-api-35bc56"":{""active"":0,""idle"":4,""other"":0},""atlasexp-scheduler-best-fit-193c47"":{""active"":0,""idle"":2,""other"":0},""atlasexp-worker-w00-cpu-00-97edfa"":{""active"":0,""idle"":4,""other"":0},""atlasexp-worker-w00-cpu-01-b2c650"":{""active"":0,""idle"":4,""other"":0},""atlasexp-worker-w00-cpu-02-ba518d"":{""active"":1,""idle"":3,""other"":0},""atlasexp-worker-w00-cpu-03-dd05ef"":{""active"":0,""idle"":4,""other"":0},""atlasexp-worker-w00-cpu-04-393bdf"":{""active"":0,""idle"":4,""other"":0},""atlasexp-worker-w00-cpu-05-c54362"":{""active"":0,""idle"":3,""other"":1},""atlasexp-worker-w00-cpu-06-3c837c"":{""active"":0,""idle"":4,""other"":0},""atlasexp-worker-w00-cpu-07-94d1bb"":{""active"":0,""idle"":4,""other"":0}}"
2026-09-30T13:53:06.15027684Z,bench-cpu-w8-best-fit-ropen-t3,0.440699,,4,32,3,0.750000,84.677000,0,0,0,0,0,,0,0,"{""atlasexp-api-35bc56"":{""active"":4,""idle"":0,""other"":0},""atlasexp-scheduler-best-fit-193c47"":{""active"":0,""idle"":2,""other"":0},""atlasexp-worker-w00-cpu-00-97edfa"":{""active"":0,""idle"":4,""other"":0},""atlasexp-worker-w00-cpu-01-b2c650"":{""active"":0,""idle"":4,""other"":0},""atlasexp-worker-w00-cpu-02-ba518d"":{""active"":0,""idle"":4,""other"":0},""atlasexp-worker-w00-cpu-03-dd05ef"":{""active"":0,""idle"":4,""other"":0},""atlasexp-worker-w00-cpu-04-393bdf"":{""active"":0,""idle"":4,""other"":0},""atlasexp-worker-w00-cpu-05-c54362"":{""active"":0,""idle"":4,""other"":0},""atlasexp-worker-w00-cpu-06-3c837c"":{""active"":0,""idle"":2,""other"":2},""atlasexp-worker-w00-cpu-07-94d1bb"":{""active"":0,""idle"":4,""other"":0}}"
2026-09-30T13:53:06.400735821Z,bench-cpu-w8-best-fit-ropen-t3,0.878387,,7,31,3,0.428571,334.958000,0,0,0,0,0,,0,0,"{""atlasexp-api-35bc56"":{""active"":4,""idle"":0,""other"":0},""atlasexp-scheduler-best-fit-193c47"":{""active"":0,""idle"":2,""other"":0},""atlasexp-worker-w00-cpu-00-97edfa"":{""active"":0,""idle"":4,""other"":0},""atlasexp-worker-w00-cpu-01-b2c650"":{""active"":0,""idle"":4,""other"":0},""atlasexp-worker-w00-cpu-02-ba518d"":{""active"":1,""idle"":3,""other"":0},""atlasexp-worker-w00-cpu-03-dd05ef"":{""active"":0,""idle"":4,""other"":0},""atlasexp-worker-w00-cpu-04-393bdf"":{""active"":1,""idle"":3,""other"":0},""atlasexp-worker-w00-cpu-05-c54362"":{""active"":1,""idle"":3,""other"":0},""atlasexp-worker-w00-cpu-06-3c837c"":{""active"":0,""idle"":4,""other"":0},""atlasexp-worker-w00-cpu-07-94d1bb"":{""active"":0,""idle"":4,""other"":0}}"
2026-09-30T13:53:06.650533036Z,bench-cpu-w8-best-fit-ropen-t3,0.600487,,4,33,3,0.750000,253.221000,0,0,0,0,0,,0,0,"{""atlasexp-api-35bc56"":{""active"":3,""idle"":1,""other"":0},""atlasexp-scheduler-best-fit-193c47"":{""active"":0,""idle"":1,""other"":1},""atlasexp-worker-w00-cpu-00-97edfa"":{""active"":0,""idle"":4,""other"":0},""atlasexp-worker-w00-cpu-01-b2c650"":{""active"":0,""idle"":4,""other"":0},""atlasexp-worker-w00-cpu-02-ba518d"":{""active"":1,""idle"":3,""other"":0},""atlasexp-worker-w00-cpu-03-dd05ef"":{""active"":0,""idle"":4,""other"":0},""atlasexp-worker-w00-cpu-04-393bdf"":{""active"":0,""idle"":4,""other"":0},""atlasexp-worker-w00-cpu-05-c54362"":{""active"":0,""idle"":4,""other"":0},""atlasexp-worker-w00-cpu-06-3c837c"":{""active"":0,""idle"":4,""other"":0},""atlasexp-worker-w00-cpu-07-94d1bb"":{""active"":0,""idle"":4,""other"":0}}"
2026-09-30T13:53:06.900775503Z,bench-cpu-w8-best-fit-ropen-t3,0.599419,,2,35,0,0.000000,503.405000,0,0,0,0,0,,0,0,"{""atlasexp-api-35bc56"":{""active"":0,""idle"":4,""other"":0},""atlasexp-scheduler-best-fit-193c47"":{""active"":1,""idle"":1,""other"":0},""atlasexp-worker-w00-cpu-00-97edfa"":{""active"":0,""idle"":4,""other"":0},""atlasexp-worker-w00-cpu-01-b2c650"":{""active"":0,""idle"":4,""other"":0},""atlasexp-worker-w00-cpu-02-ba518d"":{""active"":1,""idle"":3,""other"":0},""atlasexp-worker-w00-cpu-03-dd05ef"":{""active"":0,""idle"":4,""other"":0},""atlasexp-worker-w00-cpu-04-393bdf"":{""active"":0,""idle"":4,""other"":0},""atlasexp-worker-w00-cpu-05-c54362"":{""active"":0,""idle"":4,""other"":0},""atlasexp-worker-w00-cpu-06-3c837c"":{""active"":0,""idle"":4,""other"":0},""atlasexp-worker-w00-cpu-07-94d1bb"":{""active"":0,""idle"":3,""other"":1}}"
2026-09-30T13:53:07.150609737Z,bench-cpu-w8-best-fit-ropen-t3,0.240159,,2,35,0,0.000000,753.253000,0,0,0,0,0,,0,0,"{""atlasexp-api-35bc56"":{""active"":0,""idle"":4,""other"":0},""atlasexp-scheduler-best-fit-193c47"":{""active"":1,""idle"":1,""other"":0},""atlasexp-worker-w00-cpu-00-97edfa"":{""active"":0,""idle"":3,""other"":1},""atlasexp-worker-w00-cpu-01-b2c650"":{""active"":0,""idle"":4,""other"":0},""atlasexp-worker-w00-cpu-02-ba518d"":{""active"":1,""idle"":3,""other"":0},""atlasexp-worker-w00-cpu-03-dd05ef"":{""active"":0,""idle"":4,""other"":0},""atlasexp-worker-w00-cpu-04-393bdf"":{""active"":0,""idle"":4,""other"":0},""atlasexp-worker-w00-cpu-05-c54362"":{""active"":0,""idle"":4,""other"":0},""atlasexp-worker-w00-cpu-06-3c837c"":{""active"":0,""idle"":4,""other"":0},""atlasexp-worker-w00-cpu-07-94d1bb"":{""active"":0,""idle"":4,""other"":0}}"
2026-09-30T13:53:07.400289993Z,bench-cpu-w8-best-fit-ropen-t3,0.560717,,1,37,0,0.000000,1002.884000,0,0,0,0,0,,0,0,"{""atlasexp-api-35bc56"":{""active"":0,""idle"":4,""other"":0},""atlasexp-scheduler-best-fit-193c47"":{""active"":0,""idle"":2,""other"":0},""atlasexp-worker-w00-cpu-00-97edfa"":{""active"":0,""idle"":4,""other"":0},""atlasexp-worker-w00-cpu-01-b2c650"":{""active"":0,""idle"":4,""other"":0},""atlasexp-worker-w00-cpu-02-ba518d"":{""active"":1,""idle"":3,""other"":0},""atlasexp-worker-w00-cpu-03-dd05ef"":{""active"":0,""idle"":4,""other"":0},""atlasexp-worker-w00-cpu-04-393bdf"":{""active"":0,""idle"":4,""other"":0},""atlasexp-worker-w00-cpu-05-c54362"":{""active"":0,""idle"":4,""other"":0},""atlasexp-worker-w00-cpu-06-3c837c"":{""active"":0,""idle"":4,""other"":0},""atlasexp-worker-w00-cpu-07-94d1bb"":{""active"":0,""idle"":4,""other"":0}}"
2026-09-30T13:53:07.650722967Z,bench-cpu-w8-best-fit-ropen-t3,0.399308,,1,37,0,0.000000,1253.451000,0,0,0,0,0,,0,0,"{""atlasexp-api-35bc56"":{""active"":0,""idle"":4,""other"":0},""atlasexp-scheduler-best-fit-193c47"":{""active"":1,""idle"":1,""other"":0},""atlasexp-worker-w00-cpu-00-97edfa"":{""active"":0,""idle"":4,""other"":0},""atlasexp-worker-w00-cpu-01-b2c650"":{""active"":0,""idle"":4,""other"":0},""atlasexp-worker-w00-cpu-02-ba518d"":{""active"":0,""idle"":4,""other"":0},""atlasexp-worker-w00-cpu-03-dd05ef"":{""active"":0,""idle"":4,""other"":0},""atlasexp-worker-w00-cpu-04-393bdf"":{""active"":0,""idle"":4,""other"":0},""atlasexp-worker-w00-cpu-05-c54362"":{""active"":0,""idle"":4,""other"":0},""atlasexp-worker-w00-cpu-06-3c837c"":{""active"":0,""idle"":4,""other"":0},""atlasexp-worker-w00-cpu-07-94d1bb"":{""active"":0,""idle"":4,""other"":0}}"
2026-09-30T13:53:07.899834622Z,bench-cpu-w8-best-fit-ropen-t3,0.280998,,0,38,0,0.000000,1502.677000,0,0,0,0,0,,0,0,"{""atlasexp-api-35bc56"":{""active"":0,""idle"":4,""other"":0},""atlasexp-scheduler-best-fit-193c47"":{""active"":0,""idle"":2,""other"":0},""atlasexp-worker-w00-cpu-00-97edfa"":{""active"":0,""idle"":4,""other"":0},""atlasexp-worker-w00-cpu-01-b2c650"":{""active"":0,""idle"":4,""other"":0},""atlasexp-worker-w00-cpu-02-ba518d"":{""active"":0,""idle"":4,""other"":0},""atlasexp-worker-w00-cpu-03-dd05ef"":{""active"":0,""idle"":4,""other"":0},""atlasexp-worker-w00-cpu-04-393bdf"":{""active"":0,""idle"":4,""other"":0},""atlasexp-worker-w00-cpu-05-c54362"":{""active"":0,""idle"":4,""other"":0},""atlasexp-worker-w00-cpu-06-3c837c"":{""active"":0,""idle"":4,""other"":0},""atlasexp-worker-w00-cpu-07-94d1bb"":{""active"":0,""idle"":4,""other"":0}}"
2026-09-30T13:53:08.150610384Z,bench-cpu-w8-best-fit-ropen-t3,0.677896,,3,34,0,0.000000,1753.186000,0,0,0,0,0,,0,0,"{""atlasexp-api-35bc56"":{""active"":0,""idle"":4,""other"":0},""atlasexp-scheduler-best-fit-193c47"":{""active"":0,""idle"":1,""other"":1},""atlasexp-worker-w00-cpu-00-97edfa"":{""active"":0,""idle"":4,""other"":0},""atlasexp-worker-w00-cpu-01-b2c650"":{""active"":0,""idle"":4,""other"":0},""atlasexp-worker-w00-cpu-02-ba518d"":{""active"":1,""idle"":3,""other"":0},""atlasexp-worker-w00-cpu-03-dd05ef"":{""active"":0,""idle"":4,""other"":0},""atlasexp-worker-w00-cpu-04-393bdf"":{""active"":0,""idle"":4,""other"":0},""atlasexp-worker-w00-cpu-05-c54362"":{""active"":0,""idle"":4,""other"":0},""atlasexp-worker-w00-cpu-06-3c837c"":{""active"":1,""idle"":3,""other"":0},""atlasexp-worker-w00-cpu-07-94d1bb"":{""active"":1,""idle"":3,""other"":0}}"
2026-09-30T13:53:08.400668157Z,bench-cpu-w8-best-fit-ropen-t3,0.479889,,2,33,1,0.500000,2003.446000,0,0,0,0,0,,0,0,"{""atlasexp-api-35bc56"":{""active"":0,""idle"":4,""other"":0},""atlasexp-scheduler-best-fit-193c47"":{""active"":0,""idle"":1,""other"":1},""atlasexp-worker-w00-cpu-00-97edfa"":{""active"":0,""idle"":4,""other"":0},""atlasexp-worker-w00-cpu-01-b2c650"":{""active"":0,""idle"":4,""other"":0},""atlasexp-worker-w00-cpu-02-ba518d"":{""active"":1,""idle"":3,""other"":0},""atlasexp-worker-w00-cpu-03-dd05ef"":{""active"":0,""idle"":3,""other"":1},""atlasexp-worker-w00-cpu-04-393bdf"":{""active"":0,""idle"":4,""other"":0},""atlasexp-worker-w00-cpu-05-c54362"":{""active"":0,""idle"":4,""other"":0},""atlasexp-worker-w00-cpu-06-3c837c"":{""active"":0,""idle"":3,""other"":1},""atlasexp-worker-w00-cpu-07-94d1bb"":{""active"":1,""idle"":3,""other"":0}}"
2026-09-30T13:53:08.65027193Z,bench-cpu-w8-best-fit-ropen-t3,0.641016,,3,35,0,0.000000,1323.985000,0,0,0,0,0,,0,0,"{""atlasexp-api-35bc56"":{""active"":0,""idle"":4,""other"":0},""atlasexp-scheduler-best-fit-193c47"":{""active"":0,""idle"":2,""other"":0},""atlasexp-worker-w00-cpu-00-97edfa"":{""active"":0,""idle"":4,""other"":0},""atlasexp-worker-w00-cpu-01-b2c650"":{""active"":0,""idle"":4,""other"":0},""atlasexp-worker-w00-cpu-02-ba518d"":{""active"":2,""idle"":2,""other"":0},""atlasexp-worker-w00-cpu-03-dd05ef"":{""active"":0,""idle"":4,""other"":0},""atlasexp-worker-w00-cpu-04-393bdf"":{""active"":0,""idle"":4,""other"":0},""atlasexp-worker-w00-cpu-05-c54362"":{""active"":1,""idle"":3,""other"":0},""atlasexp-worker-w00-cpu-06-3c837c"":{""active"":0,""idle"":4,""other"":0},""atlasexp-worker-w00-cpu-07-94d1bb"":{""active"":0,""idle"":4,""other"":0}}"
2026-09-30T13:53:08.900503407Z,bench-cpu-w8-best-fit-ropen-t3,0.399630,,0,36,0,0.000000,1573.949000,0,0,0,0,0,,0,0,"{""atlasexp-api-35bc56"":{""active"":0,""idle"":4,""other"":0},""atlasexp-scheduler-best-fit-193c47"":{""active"":0,""idle"":1,""other"":1},""atlasexp-worker-w00-cpu-00-97edfa"":{""active"":0,""idle"":3,""other"":1},""atlasexp-worker-w00-cpu-01-b2c650"":{""active"":0,""idle"":4,""other"":0},""atlasexp-worker-w00-cpu-02-ba518d"":{""active"":0,""idle"":4,""other"":0},""atlasexp-worker-w00-cpu-03-dd05ef"":{""active"":0,""idle"":4,""other"":0},""atlasexp-worker-w00-cpu-04-393bdf"":{""active"":0,""idle"":4,""other"":0},""atlasexp-worker-w00-cpu-05-c54362"":{""active"":0,""idle"":4,""other"":0},""atlasexp-worker-w00-cpu-06-3c837c"":{""active"":0,""idle"":4,""other"":0},""atlasexp-worker-w00-cpu-07-94d1bb"":{""active"":0,""idle"":4,""other"":0}}"
2026-09-30T13:53:09.150064641Z,bench-cpu-w8-best-fit-ropen-t3,0.641125,,1,37,0,0.000000,1823.673000,0,0,0,0,0,,0,0,"{""atlasexp-api-35bc56"":{""active"":0,""idle"":4,""other"":0},""atlasexp-scheduler-best-fit-193c47"":{""active"":0,""idle"":2,""other"":0},""atlasexp-worker-w00-cpu-00-97edfa"":{""active"":0,""idle"":4,""other"":0},""atlasexp-worker-w00-cpu-01-b2c650"":{""active"":0,""idle"":4,""other"":0},""atlasexp-worker-w00-cpu-02-ba518d"":{""active"":1,""idle"":3,""other"":0},""atlasexp-worker-w00-cpu-03-dd05ef"":{""active"":0,""idle"":4,""other"":0},""atlasexp-worker-w00-cpu-04-393bdf"":{""active"":0,""idle"":4,""other"":0},""atlasexp-worker-w00-cpu-05-c54362"":{""active"":0,""idle"":4,""other"":0},""atlasexp-worker-w00-cpu-06-3c837c"":{""active"":0,""idle"":4,""other"":0},""atlasexp-worker-w00-cpu-07-94d1bb"":{""active"":0,""idle"":4,""other"":0}}"
2026-09-30T13:53:09.400466165Z,bench-cpu-w8-best-fit-ropen-t3,0.439294,,1,37,0,0.000000,,0,0,0,0,0,,0,0,"{""atlasexp-api-35bc56"":{""active"":0,""idle"":4,""other"":0},""atlasexp-scheduler-best-fit-193c47"":{""active"":0,""idle"":2,""other"":0},""atlasexp-worker-w00-cpu-00-97edfa"":{""active"":0,""idle"":4,""other"":0},""atlasexp-worker-w00-cpu-01-b2c650"":{""active"":0,""idle"":4,""other"":0},""atlasexp-worker-w00-cpu-02-ba518d"":{""active"":1,""idle"":3,""other"":0},""atlasexp-worker-w00-cpu-03-dd05ef"":{""active"":0,""idle"":4,""other"":0},""atlasexp-worker-w00-cpu-04-393bdf"":{""active"":0,""idle"":4,""other"":0},""atlasexp-worker-w00-cpu-05-c54362"":{""active"":0,""idle"":4,""other"":0},""atlasexp-worker-w00-cpu-06-3c837c"":{""active"":0,""idle"":4,""other"":0},""atlasexp-worker-w00-cpu-07-94d1bb"":{""active"":0,""idle"":4,""other"":0}}"
2026-09-30T13:53:09.65019839Z,idle,0.040043,,9,14,8,0.888889,,0,0,0,0,0,,0,0,"{""atlasexp-api-35bc56"":{""active"":0,""idle"":4,""other"":0},""atlasexp-scheduler-best-fit-193c47"":{""active"":0,""idle"":2,""other"":0},""atlasexp-worker-w00-cpu-00-786945"":{""active"":1,""idle"":0,""other"":0},""atlasexp-worker-w00-cpu-01-a1bbaf"":{""active"":0,""idle"":0,""other"":1},""atlasexp-worker-w00-cpu-02-134420"":{""active"":1,""idle"":0,""other"":0},""atlasexp-worker-w00-cpu-03-342832"":{""active"":1,""idle"":0,""other"":0},""atlasexp-worker-w00-cpu-04-255084"":{""active"":0,""idle"":1,""other"":0},""atlasexp-worker-w00-cpu-05-fc50a0"":{""active"":0,""idle"":4,""other"":0},""atlasexp-worker-w00-cpu-06-ca5171"":{""active"":1,""idle"":3,""other"":0},""atlasexp-worker-w00-cpu-07-d5d298"":{""active"":1,""idle"":0,""other"":0},""atlasexp-worker-w00-cpu-08-80f158"":{""active"":1,""idle"":0,""other"":0},""atlasexp-worker-w00-cpu-09-9d4d69"":{""active"":1,""idle"":0,""other"":0},""atlasexp-worker-w00-cpu-10-aae834"":{""active"":1,""idle"":0,""other"":0},""atlasexp-worker-w00-cpu-11-3cca5c"":{""active"":1,""idle"":0,""other"":0}}"
2026-09-30T13:53:09.900423402Z,idle,0.079928,,1,66,0,0.000000,,0,0,0,0,0,,0,0,"{""atlasexp-api-35bc56"":{""active"":0,""idle"":4,""other"":0},""atlasexp-worker-w00-cpu-00-786945"":{""active"":0,""idle"":4,""other"":0},""atlasexp-worker-w00-cpu-01-a1bbaf"":{""active"":1,""idle"":2,""other"":1},""atlasexp-worker-w00-cpu-02-134420"":{""active"":0,""idle"":4,""other"":0},""atlasexp-worker-w00-cpu-03-342832"":{""active"":0,""idle"":4,""other"":0},""atlasexp-worker-w00-cpu-04-255084"":{""active"":0,""idle"":4,""other"":0},""atlasexp-worker-w00-cpu-05-fc50a0"":{""active"":0,""idle"":4,""other"":0},""atlasexp-worker-w00-cpu-06-ca5171"":{""active"":0,""idle"":4,""other"":0},""atlasexp-worker-w00-cpu-07-d5d298"":{""active"":0,""idle"":4,""other"":0},""atlasexp-worker-w00-cpu-08-80f158"":{""active"":0,""idle"":4,""other"":0},""atlasexp-worker-w00-cpu-09-9d4d69"":{""active"":0,""idle"":4,""other"":0},""atlasexp-worker-w00-cpu-10-aae834"":{""active"":0,""idle"":4,""other"":0},""atlasexp-worker-w00-cpu-11-3cca5c"":{""active"":0,""idle"":4,""other"":0},""atlasexp-worker-w00-cpu-12-8941b1"":{""active"":0,""idle"":4,""other"":0},""atlasexp-worker-w00-cpu-13-c5975d"":{""active"":0,""idle"":4,""other"":0},""atlasexp-worker-w00-cpu-14-db3d3a"":{""active"":0,""idle"":4,""other"":0},""atlasexp-worker-w00-cpu-15-19d3d1"":{""active"":0,""idle"":4,""other"":0}}"
2026-09-30T13:53:10.150699664Z,bench-cpu-w16-best-fit-ropen-t1,0.719205,,4,64,3,0.750000,127.506000,0,0,0,0,0,,0,0,"{""atlasexp-api-35bc56"":{""active"":4,""idle"":0,""other"":0},""atlasexp-scheduler-best-fit-4cd3e4"":{""active"":0,""idle"":1,""other"":1},""atlasexp-worker-w00-cpu-00-786945"":{""active"":0,""idle"":4,""other"":0},""atlasexp-worker-w00-cpu-01-a1bbaf"":{""active"":0,""idle"":3,""other"":1},""atlasexp-worker-w00-cpu-02-134420"":{""active"":0,""idle"":4,""other"":0},""atlasexp-worker-w00-cpu-03-342832"":{""active"":0,""idle"":4,""other"":0},""atlasexp-worker-w00-cpu-04-255084"":{""active"":0,""idle"":4,""other"":0},""atlasexp-worker-w00-cpu-05-fc50a0"":{""active"":0,""idle"":4,""other"":0},""atlasexp-worker-w00-cpu-06-ca5171"":{""active"":0,""idle"":4,""other"":0},""atlasexp-worker-w00-cpu-07-d5d298"":{""active"":0,""idle"":4,""other"":0},""atlasexp-worker-w00-cpu-08-80f158"":{""active"":0,""idle"":4,""other"":0},""atlasexp-worker-w00-cpu-09-9d4d69"":{""active"":0,""idle"":4,""other"":0},""atlasexp-worker-w00-cpu-10-aae834"":{""active"":0,""idle"":4,""other"":0},""atlasexp-worker-w00-cpu-11-3cca5c"":{""active"":0,""idle"":4,""other"":0},""atlasexp-worker-w00-cpu-12-8941b1"":{""active"":0,""idle"":4,""other"":0},""atlasexp-worker-w00-cpu-13-c5975d"":{""active"":0,""idle"":4,""other"":0},""atlasexp-worker-w00-cpu-14-db3d3a"":{""active"":0,""idle"":4,""other"":0},""atlasexp-worker-w00-cpu-15-19d3d1"":{""active"":0,""idle"":4,""other"":0}}"
2026-09-30T13:53:10.400162849Z,bench-cpu-w16-best-fit-ropen-t1,0.761635,,4,64,4,1.000000,377.095000,0,0,0,0,0,,0,0,"{""atlasexp-api-35bc56"":{""active"":2,""idle"":0,""other"":2},""atlasexp-scheduler-best-fit-4cd3e4"":{""active"":1,""idle"":1,""other"":0},""atlasexp-worker-w00-cpu-00-786945"":{""active"":0,""idle"":4,""other"":0},""atlasexp-worker-w00-cpu-01-a1bbaf"":{""active"":1,""idle"":3,""other"":0},""atlasexp-worker-w00-cpu-02-134420"":{""active"":0,""idle"":4,""other"":0},""atlasexp-worker-w00-cpu-03-342832"":{""active"":0,""idle"":4,""other"":0},""atlasexp-worker-w00-cpu-04-255084"":{""active"":0,""idle"":4,""other"":0},""atlasexp-worker-w00-cpu-05-fc50a0"":{""active"":0,""idle"":4,""other"":0},""atlasexp-worker-w00-cpu-06-ca5171"":{""active"":0,""idle"":4,""other"":0},""atlasexp-worker-w00-cpu-07-d5d298"":{""active"":0,""idle"":4,""other"":0},""atlasexp-worker-w00-cpu-08-80f158"":{""active"":0,""idle"":4,""other"":0},""atlasexp-worker-w00-cpu-09-9d4d69"":{""active"":0,""idle"":4,""other"":0},""atlasexp-worker-w00-cpu-10-aae834"":{""active"":0,""idle"":4,""other"":0},""atlasexp-worker-w00-cpu-11-3cca5c"":{""active"":0,""idle"":4,""other"":0},""atlasexp-worker-w00-cpu-12-8941b1"":{""active"":0,""idle"":4,""other"":0},""atlasexp-worker-w00-cpu-13-c5975d"":{""active"":0,""idle"":4,""other"":0},""atlasexp-worker-w00-cpu-14-db3d3a"":{""active"":0,""idle"":4,""other"":0},""atlasexp-worker-w00-cpu-15-19d3d1"":{""active"":0,""idle"":4,""other"":0}}"
2026-09-30T13:53:10.649969226Z,bench-cpu-w16-best-fit-ropen-t1,0.720558,,4,61,3,0.750000,626.776000,0,0,0,0,0,,0,0,"{""atlasexp-api-35bc56"":{""active"":2,""idle"":1,""other"":1},""atlasexp-scheduler-best-fit-4cd3e4"":{""active"":0,""idle"":1,""other"":1},""atlasexp-worker-w00-cpu-00-786945"":{""active"":0,""idle"":4,""other"":0},""atlasexp-worker-w00-cpu-01-a1bbaf"":{""active"":1,""idle"":2,""other"":1},""atlasexp-worker-w00-cpu-02-134420"":{""active"":0,""idle"":4,""other"":0},""atlasexp-worker-w00-cpu-03-342832"":{""active"":0,""idle"":3,""other"":1},""atlasexp-worker-w00-cpu-04-255084"":{""active"":0,""idle"":3,""other"":1},""atlasexp-worker-w00-cpu-05-fc50a0"":{""active"":0,""idle"":4,""other"":0},""atlasexp-worker-w00-cpu-06-ca5171"":{""active"":1,""idle"":3,""other"":0},""atlasexp-worker-w00-cpu-07-d5d298"":{""active"":0,""idle"":4,""other"":0},""atlasexp-worker-w00-cpu-08-80f158"":{""active"":0,""idle"":4,""other"":0},""atlasexp-worker-w00-cpu-09-9d4d69"":{""active"":0,""idle"":4,""other"":0},""atlasexp-worker-w00-cpu-10-aae834"":{""active"":0,""idle"":4,""other"":0},""atlasexp-worker-w00-cpu-11-3cca5c"":{""active"":0,""idle"":4,""other"":0},""atlasexp-worker-w00-cpu-12-8941b1"":{""active"":0,""idle"":4,""other"":0},""atlasexp-worker-w00-cpu-13-c5975d"":{""active"":0,""idle"":4,""other"":0},""atlasexp-worker-w00-cpu-14-db3d3a"":{""active"":0,""idle"":4,""other"":0},""atlasexp-worker-w00-cpu-15-19d3d1"":{""active"":0,""idle"":4,""other"":0}}"
2026-09-30T13:53:10.900387066Z,bench-cpu-w16-best-fit-ropen-t1,1.118131,,2,67,0,0.000000,232.494000,0,0,0,0,0,,0,0,"{""atlasexp-api-35bc56"":{""active"":0,""idle"":4,""other"":0},""atlasexp-scheduler-best-fit-4cd3e4"":{""active"":0,""idle"":2,""other"":0},""atlasexp-worker-w00-cpu-00-786945"":{""active"":0,""idle"":4,""other"":0},""atlasexp-worker-w00-cpu-01-a1bbaf"":{""active"":1,""idle"":2,""other"":1},""atlasexp-worker-w00-cpu-02-134420"":{""active"":0,""idle"":4,""other"":0},""atlasexp-worker-w00-cpu-03-342832"":{""active"":0,""idle"":4,""other"":0},""atlasexp-worker-w00-cpu-04-255084"":{""active"":0,""idle"":4,""other"":0},""atlasexp-worker-w00-cpu-05-fc50a0"":{""active"":0,""idle"":4,""other"":0},""atlasexp-worker-w00-cpu-06-ca5171"":{""active"":0,""idle"":4,""other"":0},""atlasexp-worker-w00-cpu-07-d5d298"":{""active"":0,""idle"":4,""other"":0},""atlasexp-worker-w00-cpu-08-80f158"":{""active"":0,""idle"":4,""other"":0},""atlasexp-worker-w00-cpu-09-9d4d69"":{""active"":1,""idle"":3,""other"":0},""atlasexp-worker-w00-cpu-10-aae834"":{""active"":0,""idle"":4,""other"":0},""atlasexp-worker-w00-cpu-11-3cca5c"":{""active"":0,""idle"":4,""other"":0},""atlasexp-worker-w00-cpu-12-8941b1"":{""active"":0,""idle"":4,""other"":0},""atlasexp-worker-w00-cpu-13-c5975d"":{""active"":0,""idle"":4,""other"":0},""atlasexp-worker-w00-cpu-14-db3d3a"":{""active"":0,""idle"":4,""other"":0},""atlasexp-worker-w00-cpu-15-19d3d1"":{""active"":0,""idle"":4,""other"":0}}"
2026-09-30T13:53:11.150126689Z,bench-cpu-w16-best-fit-ropen-t1,0.360375,,1,68,0,0.000000,481.974000,0,0,0,0,0,,0,0,"{""atlasexp-api-35bc56"":{""active"":0,""idle"":4,""other"":0},""atlasexp-scheduler-best-fit-4cd3e4"":{""active"":1,""idle"":1,""other"":0},""atlasexp-worker-w00-cpu-00-786945"":{""active"":0,""idle"":4,""other"":0},""atlasexp-worker-w00-cpu-01-a1bbaf"":{""active"":0,""idle"":4,""other"":0},""atlasexp-worker-w00-cpu-02-134420"":{""active"":0,""idle"":3,""other"":1},""atlasexp-worker-w00-cpu-03-342832"":{""active"":0,""idle"":4,""other"":0},""atlasexp-worker-w00-cpu-04-255084"":{""active"":0,""idle"":4,""other"":0},""atlasexp-worker-w00-cpu-05-fc50a0"":{""active"":0,""idle"":4,""other"":0},""atlasexp-worker-w00-cpu-06-ca5171"":{""active"":0,""idle"":4,""other"":0},""atlasexp-worker-w00-cpu-07-d5d298"":{""active"":0,""idle"":4,""other"":0},""atlasexp-worker-w00-cpu-08-80f158"":{""active"":0,""idle"":4,""other"":0},""atlasexp-worker-w00-cpu-09-9d4d69"":{""active"":0,""idle"":4,""other"":0},""atlasexp-worker-w00-cpu-10-aae834"":{""active"":0,""idle"":4,""other"":0},""atlasexp-worker-w00-cpu-11-3cca5c"":{""active"":0,""idle"":4,""other"":0},""atlasexp-worker-w00-cpu-12-8941b1"":{""active"":0,""idle"":4,""other"":0},""atlasexp-worker-w00-cpu-13-c5975d"":{""active"":0,""idle"":4,""other"":0},""atlasexp-worker-w00-cpu-14-db3d3a"":{""active"":0,""idle"":4,""other"":0},""atlasexp-worker-w00-cpu-15-19d3d1"":{""active"":0,""idle"":4,""other"":0}}"
2026-09-30T13:53:11.399931683Z,bench-cpu-w16-best-fit-ropen-t1,0.560437,,0,70,0,0.000000,731.839000,0,0,0,0,0,,0,0,"{""atlasexp-api-35bc56"":{""active"":0,""idle"":4,""other"":0},""atlasexp-scheduler-best-fit-4cd3e4"":{""active"":0,""idle"":2,""other"":0},""atlasexp-worker-w00-cpu-00-786945"":{""active"":0,""idle"":4,""other"":0},""atlasexp-worker-w00-cpu-01-a1bbaf"":{""active"":0,""idle"":4,""other"":0},""atlasexp-worker-w00-cpu-02-134420"":{""active"":0,""idle"":4,""other"":0},""atlasexp-worker-w00-cpu-03-342832"":{""active"":0,""idle"":4,""other"":0},""atlasexp-worker-w00-cpu-04-255084"":{""active"":0,""idle"":4,""other"":0},""atlasexp-worker-w00-cpu-05-fc50a0"":{""active"":0,""idle"":4,""other"":0},""atlasexp-worker-w00-cpu-06-ca5171"":{""active"":0,""idle"":4,""other"":0},""atlasexp-worker-w00-cpu-07-d5d298"":{""active"":0,""idle"":4,""other"":0},""atlasexp-worker-w00-cpu-08-80f158"":{""active"":0,""idle"":4,""other"":0},""atlasexp-worker-w00-cpu-09-9d4d69"":{""active"":0,""idle"":4,""other"":0},""atlasexp-worker-w00-cpu-10-aae834"":{""active"":0,""idle"":4,""other"":0},""atlasexp-worker-w00-cpu-11-3cca5c"":{""active"":0,""idle"":4,""other"":0},""atlasexp-worker-w00-cpu-12-8941b1"":{""active"":0,""idle"":4,""other"":0},""atlasexp-worker-w00-cpu-13-c5975d"":{""active"":0,""idle"":4,""other"":0},""atlasexp-worker-w00-cpu-14-db3d3a"":{""active"":0,""idle"":4,""other"":0},""atlasexp-worker-w00-cpu-15-19d3d1"":{""active"":0,""idle"":4,""other"":0}}"
2026-09-30T13:53:11.650662509Z,bench-cpu-w16-best-fit-ropen-t1,0.598251,,0,70,0,0.000000,982.562000,0,0,0,0,0,,0,0,"{""atlasexp-api-35bc56"":{""active"":0,""idle"":4,""other"":0},""atlasexp-scheduler-best-fit-4cd3e4"":{""active"":0,""idle"":2,""other"":0},""atlasexp-worker-w00-cpu-00-786945"":{""active"":0,""idle"":4,""other"":0},""atlasexp-worker-w00-cpu-01-a1bbaf"":{""active"":0,""idle"":4,""other"":0},""atlasexp-worker-w00-cpu-02-134420"":{""active"":0,""idle"":4,""other"":0},""atlasexp-worker-w00-cpu-03-342832"":{""active"":0,""idle"":4,""other"":0},""atlasexp-worker-w00-cpu-04-255084"":{""active"":0,""idle"":4,""other"":0},""atlasexp-worker-w00-cpu-05-fc50a0"":{""active"":0,""idle"":4,""other"":0},""atlasexp-worker-w00-cpu-06-ca5171"":{""active"":0,""idle"":4,""other"":0},""atlasexp-worker-w00-cpu-07-d5d298"":{""active"":0,""idle"":4,""other"":0},""atlasexp-worker-w00-cpu-08-80f158"":{""active"":0,""idle"":4,""other"":0},""atlasexp-worker-w00-cpu-09-9d4d69"":{""active"":0,""idle"":4,""other"":0},""atlasexp-worker-w00-cpu-10-aae834"":{""active"":0,""idle"":4,""other"":0},""atlasexp-worker-w00-cpu-11-3cca5c"":{""active"":0,""idle"":4,""other"":0},""atlasexp-worker-w00-cpu-12-8941b1"":{""active"":0,""idle"":4,""other"":0},""atlasexp-worker-w00-cpu-13-c5975d"":{""active"":0,""idle"":4,""other"":0},""atlasexp-worker-w00-cpu-14-db3d3a"":{""active"":0,""idle"":4,""other"":0},""atlasexp-worker-w00-cpu-15-19d3d1"":{""active"":0,""idle"":4,""other"":0}}"
2026-09-30T13:53:11.901037849Z,bench-cpu-w16-best-fit-ropen-t1,0.599101,,2,66,0,0.000000,1233.022000,0,0,0,0,0,,0,0,"{""atlasexp-api-35bc56"":{""active"":0,""idle"":4,""other"":0},""atlasexp-scheduler-best-fit-4cd3e4"":{""active"":1,""idle"":1,""other"":0},""atlasexp-worker-w00-cpu-00-786945"":{""active"":0,""idle"":4,""other"":0},""atlasexp-worker-w00-cpu-01-a1bbaf"":{""active"":0,""idle"":4,""other"":0},""atlasexp-worker-w00-cpu-02-134420"":{""active"":0,""idle"":4,""other"":0},""atlasexp-worker-w00-cpu-03-342832"":{""active"":0,""idle"":3,""other"":1},""atlasexp-worker-w00-cpu-04-255084"":{""active"":1,""idle"":3,""other"":0},""atlasexp-worker-w00-cpu-05-fc50a0"":{""active"":0,""idle"":3,""other"":1},""atlasexp-worker-w00-cpu-06-ca5171"":{""active"":0,""idle"":4,""other"":0},""atlasexp-worker-w00-cpu-07-d5d298"":{""active"":0,""idle"":4,""other"":0},""atlasexp-worker-w00-cpu-08-80f158"":{""active"":0,""idle"":4,""other"":0},""atlasexp-worker-w00-cpu-09-9d4d69"":{""active"":0,""idle"":4,""other"":0},""atlasexp-worker-w00-cpu-10-aae834"":{""active"":0,""idle"":4,""other"":0},""atlasexp-worker-w00-cpu-11-3cca5c"":{""active"":0,""idle"":4,""other"":0},""atlasexp-worker-w00-cpu-12-8941b1"":{""active"":0,""idle"":4,""other"":0},""atlasexp-worker-w00-cpu-13-c5975d"":{""active"":0,""idle"":4,""other"":0},""atlasexp-worker-w00-cpu-14-db3d3a"":{""active"":0,""idle"":4,""other"":0},""atlasexp-worker-w00-cpu-15-19d3d1"":{""active"":0,""idle"":4,""other"":0}}"
2026-09-30T13:53:12.149917174Z,bench-cpu-w16-best-fit-ropen-t1,1.285764,,3,64,0,0.000000,1482.009000,0,0,0,0,0,,0,0,"{""atlasexp-api-35bc56"":{""active"":0,""idle"":4,""other"":0},""atlasexp-scheduler-best-fit-4cd3e4"":{""active"":0,""idle"":1,""other"":1},""atlasexp-worker-w00-cpu-00-786945"":{""active"":0,""idle"":4,""other"":0},""atlasexp-worker-w00-cpu-01-a1bbaf"":{""active"":2,""idle"":2,""other"":0},""atlasexp-worker-w00-cpu-02-134420"":{""active"":0,""idle"":4,""other"":0},""atlasexp-worker-w00-cpu-03-342832"":{""active"":0,""idle"":4,""other"":0},""atlasexp-worker-w00-cpu-04-255084"":{""active"":0,""idle"":4,""other"":0},""atlasexp-worker-w00-cpu-05-fc50a0"":{""active"":0,""idle"":4,""other"":0},""atlasexp-worker-w00-cpu-06-ca5171"":{""active"":0,""idle"":3,""other"":1},""atlasexp-worker-w00-cpu-07-d5d298"":{""active"":0,""idle"":4,""other"":0},""atlasexp-worker-w00-cpu-08-80f158"":{""active"":0,""idle"":4,""other"":0},""atlasexp-worker-w00-cpu-09-9d4d69"":{""active"":0,""idle"":4,""other"":0},""atlasexp-worker-w00-cpu-10-aae834"":{""active"":0,""idle"":4,""other"":0},""atlasexp-worker-w00-cpu-11-3cca5c"":{""active"":0,""idle"":4,""other"":0},""atlasexp-worker-w00-cpu-12-8941b1"":{""active"":1,""idle"":3,""other"":0},""atlasexp-worker-w00-cpu-13-c5975d"":{""active"":0,""idle"":4,""other"":0},""atlasexp-worker-w00-cpu-14-db3d3a"":{""active"":0,""idle"":4,""other"":0},""atlasexp-worker-w00-cpu-15-19d3d1"":{""active"":0,""idle"":3,""other"":1}}"
2026-09-30T13:53:12.400317731Z,bench-cpu-w16-best-fit-ropen-t1,0.878592,,2,66,1,0.500000,1732.197000,0,0,0,0,0,,0,0,"{""atlasexp-api-35bc56"":{""active"":0,""idle"":4,""other"":0},""atlasexp-scheduler-best-fit-4cd3e4"":{""active"":0,""idle"":1,""other"":1},""atlasexp-worker-w00-cpu-00-786945"":{""active"":0,""idle"":4,""other"":0},""atlasexp-worker-w00-cpu-01-a1bbaf"":{""active"":2,""idle"":2,""other"":0},""atlasexp-worker-w00-cpu-02-134420"":{""active"":0,""idle"":4,""other"":0},""atlasexp-worker-w00-cpu-03-342832"":{""active"":0,""idle"":4,""other"":0},""atlasexp-worker-w00-cpu-04-255084"":{""active"":0,""idle"":4,""other"":0},""atlasexp-worker-w00-cpu-05-fc50a0"":{""active"":0,""idle"":4,""other"":0},""atlasexp-worker-w00-cpu-06-ca5171"":{""active"":0,""idle"":4,""other"":0},""atlasexp-worker-w00-cpu-07-d5d298"":{""active"":0,""idle"":4,""other"":0},""atlasexp-worker-w00-cpu-08-80f158"":{""active"":0,""idle"":4,""other"":0},""atlasexp-worker-w00-cpu-09-9d4d69"":{""active"":0,""idle"":4,""other"":0},""atlasexp-worker-w00-cpu-10-aae834"":{""active"":0,""idle"":4,""other"":0},""atlasexp-worker-w00-cpu-11-3cca5c"":{""active"":0,""idle"":3,""other"":1},""atlasexp-worker-w00-cpu-12-8941b1"":{""active"":0,""idle"":4,""other"":0},""atlasexp-worker-w00-cpu-13-c5975d"":{""active"":0,""idle"":4,""other"":0},""atlasexp-worker-w00-cpu-14-db3d3a"":{""active"":0,""idle"":4,""other"":0},""atlasexp-worker-w00-cpu-15-19d3d1"":{""active"":0,""idle"":4,""other"":0}}"
2026-09-30T13:53:12.650567747Z,bench-cpu-w16-best-fit-ropen-t1,1.078921,,2,65,1,0.500000,1982.849000,0,0,0,0,0,,0,0,"{""atlasexp-api-35bc56"":{""active"":0,""idle"":4,""other"":0},""atlasexp-scheduler-best-fit-4cd3e4"":{""active"":0,""idle"":1,""other"":1},""atlasexp-worker-w00-cpu-00-786945"":{""active"":0,""idle"":4,""other"":0},""atlasexp-worker-w00-cpu-01-a1bbaf"":{""active"":2,""idle"":1,""other"":1},""atlasexp-worker-w00-cpu-02-134420"":{""active"":0,""idle"":4,""other"":0},""atlasexp-worker-w00-cpu-03-342832"":{""active"":0,""idle"":4,""other"":0},""atlasexp-worker-w00-cpu-04-255084"":{""active"":0,""idle"":4,""other"":0},""atlasexp-worker-w00-cpu-05-fc50a0"":{""active"":0,""idle"":4,""other"":0},""atlasexp-worker-w00-cpu-06-ca5171"":{""active"":0,""idle"":4,""other"":0},""atlasexp-worker-w00-cpu-07-d5d298"":{""active"":0,""idle"":4,""other"":0},""atlasexp-worker-w00-cpu-08-80f158"":{""active"":0,""idle"":4,""other"":0},""atlasexp-worker-w00-cpu-09-9d4d69"":{""active"":0,""idle"":4,""other"":0},""atlasexp-worker-w00-cpu-10-aae834"":{""active"":0,""idle"":4,""other"":0},""atlasexp-worker-w00-cpu-11-3cca5c"":{""active"":0,""idle"":4,""other"":0},""atlasexp-worker-w00-cpu-12-8941b1"":{""active"":0,""idle"":3,""other"":1},""atlasexp-worker-w00-cpu-13-c5975d"":{""active"":0,""idle"":4,""other"":0},""atlasexp-worker-w00-cpu-14-db3d3a"":{""active"":0,""idle"":4,""other"":0},""atlasexp-worker-w00-cpu-15-19d3d1"":{""active"":0,""idle"":4,""other"":0}}"
2026-09-30T13:53:12.900677771Z,bench-cpu-w16-best-fit-ropen-t1,1.039543,,1,68,0,0.000000,870.101000,0,0,0,0,0,,0,0,"{""atlasexp-api-35bc56"":{""active"":0,""idle"":4,""other"":0},""atlasexp-scheduler-best-fit-4cd3e4"":{""active"":0,""idle"":2,""other"":0},""atlasexp-worker-w00-cpu-00-786945"":{""active"":0,""idle"":4,""other"":0},""atlasexp-worker-w00-cpu-01-a1bbaf"":{""active"":0,""idle"":4,""other"":0},""atlasexp-worker-w00-cpu-02-134420"":{""active"":0,""idle"":4,""other"":0},""atlasexp-worker-w00-cpu-03-342832"":{""active"":0,""idle"":4,""other"":0},""atlasexp-worker-w00-cpu-04-255084"":{""active"":0,""idle"":4,""other"":0},""atlasexp-worker-w00-cpu-05-fc50a0"":{""active"":0,""idle"":4,""other"":0},""atlasexp-worker-w00-cpu-06-ca5171"":{""active"":0,""idle"":4,""other"":0},""atlasexp-worker-w00-cpu-07-d5d298"":{""active"":0,""idle"":4,""other"":0},""atlasexp-worker-w00-cpu-08-80f158"":{""active"":0,""idle"":3,""other"":1},""atlasexp-worker-w00-cpu-09-9d4d69"":{""active"":0,""idle"":4,""other"":0},""atlasexp-worker-w00-cpu-10-aae834"":{""active"":1,""idle"":3,""other"":0},""atlasexp-worker-w00-cpu-11-3cca5c"":{""active"":0,""idle"":4,""other"":0},""atlasexp-worker-w00-cpu-12-8941b1"":{""active"":0,""idle"":4,""other"":0},""atlasexp-worker-w00-cpu-13-c5975d"":{""active"":0,""idle"":4,""other"":0},""atlasexp-worker-w00-cpu-14-db3d3a"":{""active"":0,""idle"":4,""other"":0},""atlasexp-worker-w00-cpu-15-19d3d1"":{""active"":0,""idle"":4,""other"":0}}"
2026-09-30T13:53:13.150193625Z,bench-cpu-w16-best-fit-ropen-t2,0.721397,,8,62,4,0.500000,26.861000,0,0,0,0,0,,0,0,"{""atlasexp-api-35bc56"":{""active"":4,""idle"":0,""other"":0},""atlasexp-scheduler-best-fit-4cd3e4"":{""active"":1,""idle"":1,""other"":0},""atlasexp-worker-w00-cpu-00-786945"":{""active"":0,""idle"":4,""other"":0},""atlasexp-worker-w00-cpu-01-a1bbaf"":{""active"":2,""idle"":2,""other"":0},""atlasexp-worker-w00-cpu-02-134420"":{""active"":0,""idle"":4,""other"":0},""atlasexp-worker-w00-cpu-03-342832"":{""active"":0,""idle"":4,""other"":0},""atlasexp-worker-w00-cpu-04-255084"":{""active"":0,""idle"":4,""other"":0},""atlasexp-worker-w00-cpu-05-fc50a0"":{""active"":0,""idle"":4,""other"":0},""atlasexp-worker-w00-cpu-06-ca5171"":{""active"":0,""idle"":4,""other"":0},""atlasexp-worker-w00-cpu-07-d5d298"":{""active"":0,""idle"":4,""other"":0},""atlasexp-worker-w00-cpu-08-80f158"":{""active"":0,""idle"":4,""other"":0},""atlasexp-worker-w00-cpu-09-9d4d69"":{""active"":0,""idle"":4,""other"":0},""atlasexp-worker-w00-cpu-10-aae834"":{""active"":0,""idle"":4,""other"":0},""atlasexp-worker-w00-cpu-11-3cca5c"":{""active"":0,""idle"":4,""other"":0},""atlasexp-worker-w00-cpu-12-8941b1"":{""active"":1,""idle"":3,""other"":0},""atlasexp-worker-w00-cpu-13-c5975d"":{""active"":0,""idle"":4,""other"":0},""atlasexp-worker-w00-cpu-14-db3d3a"":{""active"":0,""idle"":4,""other"":0},""atlasexp-worker-w00-cpu-15-19d3d1"":{""active"":0,""idle"":4,""other"":0}}"
2026-09-30T13:53:13.400071475Z,bench-cpu-w16-best-fit-ropen-t2,0.840411,,5,63,3,0.600000,276.464000,0,0,0,0,0,,0,0,"{""atlasexp-api-35bc56"":{""active"":3,""idle"":0,""other"":1},""atlasexp-scheduler-best-fit-4cd3e4"":{""active"":1,""idle"":1,""other"":0},""atlasexp-worker-w00-cpu-00-786945"":{""active"":0,""idle"":4,""other"":0},""atlasexp-worker-w00-cpu-01-a1bbaf"":{""active"":1,""idle"":2,""other"":1},""atlasexp-worker-w00-cpu-02-134420"":{""active"":0,""idle"":4,""other"":0},""atlasexp-worker-w00-cpu-03-342832"":{""active"":0,""idle"":4,""other"":0},""atlasexp-worker-w00-cpu-04-255084"":{""active"":0,""idle"":4,""other"":0},""atlasexp-worker-w00-cpu-05-fc50a0"":{""active"":0,""idle"":4,""other"":0},""atlasexp-worker-w00-cpu-06-ca5171"":{""active"":0,""idle"":4,""other"":0},""atlasexp-worker-w00-cpu-07-d5d298"":{""active"":0,""idle"":4,""other"":0},""atlasexp-worker-w00-cpu-08-80f158"":{""active"":0,""idle"":4,""other"":0},""atlasexp-worker-w00-cpu-09-9d4d69"":{""active"":0,""idle"":4,""other"":0},""atlasexp-worker-w00-cpu-10-aae834"":{""active"":0,""idle"":4,""other"":0},""atlasexp-worker-w00-cpu-11-3cca5c"":{""active"":0,""idle"":4,""other"":0},""atlasexp-worker-w00-cpu-12-8941b1"":{""active"":0,""idle"":4,""other"":0},""atlasexp-worker-w00-cpu-13-c5975d"":{""active"":0,""idle"":4,""other"":0},""atlasexp-worker-w00-cpu-14-db3d3a"":{""active"":0,""idle"":4,""other"":0},""atlasexp-worker-w00-cpu-15-19d3d1"":{""active"":0,""idle"":4,""other"":0}}"
2026-09-30T13:53:13.649794517Z,bench-cpu-w16-best-fit-ropen-t2,0.840932,,6,61,3,0.500000,526.757000,0,0,0,0,0,,0,0,"{""atlasexp-api-35bc56"":{""active"":4,""idle"":0,""other"":0},""atlasexp-scheduler-best-fit-4cd3e4"":{""active"":1,""idle"":1,""other"":0},""atlasexp-worker-w00-cpu-00-786945"":{""active"":0,""idle"":4,""other"":0},""atlasexp-worker-w00-cpu-01-a1bbaf"":{""active"":1,""idle"":2,""other"":1},""atlasexp-worker-w00-cpu-02-134420"":{""active"":0,""idle"":4,""other"":0},""atlasexp-worker-w00-cpu-03-342832"":{""active"":0,""idle"":4,""other"":0},""atlasexp-worker-w00-cpu-04-255084"":{""active"":0,""idle"":4,""other"":0},""atlasexp-worker-w00-cpu-05-fc50a0"":{""active"":0,""idle"":4,""other"":0},""atlasexp-worker-w00-cpu-06-ca5171"":{""active"":0,""idle"":3,""other"":1},""atlasexp-worker-w00-cpu-07-d5d298"":{""active"":0,""idle"":4,""other"":0},""atlasexp-worker-w00-cpu-08-80f158"":{""active"":0,""idle"":4,""other"":0},""atlasexp-worker-w00-cpu-09-9d4d69"":{""active"":0,""idle"":4,""other"":0},""atlasexp-worker-w00-cpu-10-aae834"":{""active"":0,""idle"":4,""other"":0},""atlasexp-worker-w00-cpu-11-3cca5c"":{""active"":0,""idle"":4,""other"":0},""atlasexp-worker-w00-cpu-12-8941b1"":{""active"":0,""idle"":3,""other"":1},""atlasexp-worker-w00-cpu-13-c5975d"":{""active"":0,""idle"":4,""other"":0},""atlasexp-worker-w00-cpu-14-db3d3a"":{""active"":0,""idle"":4,""other"":0},""atlasexp-worker-w00-cpu-15-19d3d1"":{""active"":0,""idle"":4,""other"":0}}"
2026-09-30T13:53:13.899696563Z,bench-cpu-w16-best-fit-ropen-t2,1.120439,,2,64,0,0.000000,,0,0,0,0,0,,0,0,"{""atlasexp-api-35bc56"":{""active"":0,""idle"":4,""other"":0},""atlasexp-scheduler-best-fit-4cd3e4"":{""active"":0,""idle"":1,""other"":1},""atlasexp-worker-w00-cpu-00-786945"":{""active"":0,""idle"":4,""other"":0},""atlasexp-worker-w00-cpu-01-a1bbaf"":{""active"":1,""idle"":2,""other"":1},""atlasexp-worker-w00-cpu-02-134420"":{""active"":0,""idle"":4,""other"":0},""atlasexp-worker-w00-cpu-03-342832"":{""active"":1,""idle"":3,""other"":0},""atlasexp-worker-w00-cpu-04-255084"":{""active"":0,""idle"":4,""other"":0},""atlasexp-worker-w00-cpu-05-fc50a0"":{""active"":0,""idle"":4,""other"":0},""atlasexp-worker-w00-cpu-06-ca5171"":{""active"":0,""idle"":3,""other"":1},""atlasexp-worker-w00-cpu-07-d5d298"":{""active"":0,""idle"":4,""other"":0},""atlasexp-worker-w00-cpu-08-80f158"":{""active"":0,""idle"":4,""other"":0},""atlasexp-worker-w00-cpu-09-9d4d69"":{""active"":0,""idle"":4,""other"":0},""atlasexp-worker-w00-cpu-10-aae834"":{""active"":0,""idle"":4,""other"":0},""atlasexp-worker-w00-cpu-11-3cca5c"":{""active"":0,""idle"":4,""other"":0},""atlasexp-worker-w00-cpu-12-8941b1"":{""active"":0,""idle"":4,""other"":0},""atlasexp-worker-w00-cpu-13-c5975d"":{""active"":0,""idle"":4,""other"":0},""atlasexp-worker-w00-cpu-14-db3d3a"":{""active"":0,""idle"":4,""other"":0},""atlasexp-worker-w00-cpu-15-19d3d1"":{""active"":0,""idle"":3,""other"":1}}"
2026-09-30T13:53:14.149778035Z,bench-cpu-w16-best-fit-ropen-t2,0.599805,,2,66,0,0.000000,334.223000,0,0,0,0,0,,0,0,"{""atlasexp-api-35bc56"":{""active"":0,""idle"":4,""other"":0},""atlasexp-scheduler-best-fit-4cd3e4"":{""active"":0,""idle"":1,""other"":1},""atlasexp-worker-w00-cpu-00-786945"":{""active"":0,""idle"":4,""other"":0},""atlasexp-worker-w00-cpu-01-a1bbaf"":{""active"":1,""idle"":3,""other"":0},""atlasexp-worker-w00-cpu-02-134420"":{""active"":0,""idle"":4,""other"":0},""atlasexp-worker-w00-cpu-03-342832"":{""active"":0,""idle"":4,""other"":0},""atlasexp-worker-w00-cpu-04-255084"":{""active"":0,""idle"":4,""other"":0},""atlasexp-worker-w00-cpu-05-fc50a0"":{""active"":1,""idle"":3,""other"":0},""atlasexp-worker-w00-cpu-06-ca5171"":{""active"":0,""idle"":4,""other"":0},""atlasexp-worker-w00-cpu-07-d5d298"":{""active"":0,""idle"":4,""other"":0},""atlasexp-worker-w00-cpu-08-80f158"":{""active"":0,""idle"":4,""other"":0},""atlasexp-worker-w00-cpu-09-9d4d69"":{""active"":0,""idle"":4,""other"":0},""atlasexp-worker-w00-cpu-10-aae834"":{""active"":0,""idle"":4,""other"":0},""atlasexp-worker-w00-cpu-11-3cca5c"":{""active"":0,""idle"":4,""other"":0},""atlasexp-worker-w00-cpu-12-8941b1"":{""active"":0,""idle"":4,""other"":0},""atlasexp-worker-w00-cpu-13-c5975d"":{""active"":0,""idle"":4,""other"":0},""atlasexp-worker-w00-cpu-14-db3d3a"":{""active"":0,""idle"":3,""other"":1},""atlasexp-worker-w00-cpu-15-19d3d1"":{""active"":0,""idle"":4,""other"":0}}"
2026-09-30T13:53:14.400204371Z,bench-cpu-w16-best-fit-ropen-t2,0.519115,,3,67,0,0.000000,584.523000,0,0,0,0,0,,0,0,"{""atlasexp-api-35bc56"":{""active"":0,""idle"":4,""other"":0},""atlasexp-scheduler-best-fit-4cd3e4"":{""active"":1,""idle"":1,""other"":0},""atlasexp-worker-w00-cpu-00-786945"":{""active"":0,""idle"":4,""other"":0},""atlasexp-worker-w00-cpu-01-a1bbaf"":{""active"":2,""idle"":2,""other"":0},""atlasexp-worker-w00-cpu-02-134420"":{""active"":0,""idle"":4,""other"":0},""atlasexp-worker-w00-cpu-03-342832"":{""active"":0,""idle"":4,""other"":0},""atlasexp-worker-w00-cpu-04-255084"":{""active"":0,""idle"":4,""other"":0},""atlasexp-worker-w00-cpu-05-fc50a0"":{""active"":0,""idle"":4,""other"":0},""atlasexp-worker-w00-cpu-06-ca5171"":{""active"":0,""idle"":4,""other"":0},""atlasexp-worker-w00-cpu-07-d5d298"":{""active"":0,""idle"":4,""other"":0},""atlasexp-worker-w00-cpu-08-80f158"":{""active"":0,""idle"":4,""other"":0},""atlasexp-worker-w00-cpu-09-9d4d69"":{""active"":0,""idle"":4,""other"":0},""atlasexp-worker-w00-cpu-10-aae834"":{""active"":0,""idle"":4,""other"":0},""atlasexp-worker-w00-cpu-11-3cca5c"":{""active"":0,""idle"":4,""other"":0},""atlasexp-worker-w00-cpu-12-8941b1"":{""active"":0,""idle"":4,""other"":0},""atlasexp-worker-w00-cpu-13-c5975d"":{""active"":0,""idle"":4,""other"":0},""atlasexp-worker-w00-cpu-14-db3d3a"":{""active"":0,""idle"":4,""other"":0},""atlasexp-worker-w00-cpu-15-19d3d1"":{""active"":0,""idle"":4,""other"":0}}"
2026-09-30T13:53:14.650278127Z,bench-cpu-w16-best-fit-ropen-t2,0.679799,,1,69,0,0.000000,834.692000,0,0,0,0,0,,0,0,"{""atlasexp-api-35bc56"":{""active"":0,""idle"":4,""other"":0},""atlasexp-scheduler-best-fit-4cd3e4"":{""active"":1,""idle"":1,""other"":0},""atlasexp-worker-w00-cpu-00-786945"":{""active"":0,""idle"":4,""other"":0},""atlasexp-worker-w00-cpu-01-a1bbaf"":{""active"":0,""idle"":4,""other"":0},""atlasexp-worker-w00-cpu-02-134420"":{""active"":0,""idle"":4,""other"":0},""atlasexp-worker-w00-cpu-03-342832"":{""active"":0,""idle"":4,""other"":0},""atlasexp-worker-w00-cpu-04-255084"":{""active"":0,""idle"":4,""other"":0},""atlasexp-worker-w00-cpu-05-fc50a0"":{""active"":0,""idle"":4,""other"":0},""atlasexp-worker-w00-cpu-06-ca5171"":{""active"":0,""idle"":4,""other"":0},""atlasexp-worker-w00-cpu-07-d5d298"":{""active"":0,""idle"":4,""other"":0},""atlasexp-worker-w00-cpu-08-80f158"":{""active"":0,""idle"":4,""other"":0},""atlasexp-worker-w00-cpu-09-9d4d69"":{""active"":0,""idle"":4,""other"":0},""atlasexp-worker-w00-cpu-10-aae834"":{""active"":0,""idle"":4,""other"":0},""atlasexp-worker-w00-cpu-11-3cca5c"":{""active"":0,""idle"":4,""other"":0},""atlasexp-worker-w00-cpu-12-8941b1"":{""active"":0,""idle"":4,""other"":0},""atlasexp-worker-w00-cpu-13-c5975d"":{""active"":0,""idle"":4,""other"":0},""atlasexp-worker-w00-cpu-14-db3d3a"":{""active"":0,""idle"":4,""other"":0},""atlasexp-worker-w00-cpu-15-19d3d1"":{""active"":0,""idle"":4,""other"":0}}"
2026-09-30T13:53:14.900343418Z,bench-cpu-w16-best-fit-ropen-t2,0.439885,,2,67,0,0.000000,1084.671000,0,0,0,0,0,,0,0,"{""atlasexp-api-35bc56"":{""active"":0,""idle"":4,""other"":0},""atlasexp-scheduler-best-fit-4cd3e4"":{""active"":1,""idle"":1,""other"":0},""atlasexp-worker-w00-cpu-00-786945"":{""active"":0,""idle"":4,""other"":0},""atlasexp-worker-w00-cpu-01-a1bbaf"":{""active"":1,""idle"":3,""other"":0},""atlasexp-worker-w00-cpu-02-134420"":{""active"":0,""idle"":4,""other"":0},""atlasexp-worker-w00-cpu-03-342832"":{""active"":0,""idle"":4,""other"":0},""atlasexp-worker-w00-cpu-04-255084"":{""active"":0,""idle"":4,""other"":0},""atlasexp-worker-w00-cpu-05-fc50a0"":{""active"":0,""idle"":4,""other"":0},""atlasexp-worker-w00-cpu-06-ca5171"":{""active"":0,""idle"":4,""other"":0},""atlasexp-worker-w00-cpu-07-d5d298"":{""active"":0,""idle"":4,""other"":0},""atlasexp-worker-w00-cpu-08-80f158"":{""active"":0,""idle"":4,""other"":0},""atlasexp-worker-w00-cpu-09-9d4d69"":{""active"":0,""idle"":4,""other"":0},""atlasexp-worker-w00-cpu-10-aae834"":{""active"":0,""idle"":4,""other"":0},""atlasexp-worker-w00-cpu-11-3cca5c"":{""active"":0,""idle"":4,""other"":0},""atlasexp-worker-w00-cpu-12-8941b1"":{""active"":0,""idle"":4,""other"":0},""atlasexp-worker-w00-cpu-13-c5975d"":{""active"":0,""idle"":4,""other"":0},""atlasexp-worker-w00-cpu-14-db3d3a"":{""active"":0,""idle"":4,""other"":0},""atlasexp-worker-w00-cpu-15-19d3d1"":{""active"":0,""idle"":3,""other"":1}}"
2026-09-30T13:53:15.149752443Z,bench-cpu-w16-best-fit-ropen-t2,0.962275,,2,66,0,0.000000,1334.255000,0,0,0,0,0,,0,0,"{""atlasexp-api-35bc56"":{""active"":0,""idle"":4,""other"":0},""atlasexp-scheduler-best-fit-4cd3e4"":{""active"":0,""idle"":2,""other"":0},""atlasexp-worker-w00-cpu-00-786945"":{""active"":0,""idle"":2,""other"":2},""atlasexp-worker-w00-cpu-01-a1bbaf"":{""active"":1,""idle"":3,""other"":0},""atlasexp-worker-w00-cpu-02-134420"":{""active"":0,""idle"":4,""other"":0},""atlasexp-worker-w00-cpu-03-342832"":{""active"":0,""idle"":4,""other"":0},""atlasexp-worker-w00-cpu-04-255084"":{""active"":0,""idle"":4,""other"":0},""atlasexp-worker-w00-cpu-05-fc50a0"":{""active"":0,""idle"":4,""other"":0},""atlasexp-worker-w00-cpu-06-ca5171"":{""active"":0,""idle"":4,""other"":0},""atlasexp-worker-w00-cpu-07-d5d298"":{""active"":0,""idle"":4,""other"":0},""atlasexp-worker-w00-cpu-08-80f158"":{""active"":1,""idle"":3,""other"":0},""atlasexp-worker-w00-cpu-09-9d4d69"":{""active"":0,""idle"":4,""other"":0},""atlasexp-worker-w00-cpu-10-aae834"":{""active"":0,""idle"":4,""other"":0},""atlasexp-worker-w00-cpu-11-3cca5c"":{""active"":0,""idle"":4,""other"":0},""atlasexp-worker-w00-cpu-12-8941b1"":{""active"":0,""idle"":4,""other"":0},""atlasexp-worker-w00-cpu-13-c5975d"":{""active"":0,""idle"":4,""other"":0},""atlasexp-worker-w00-cpu-14-db3d3a"":{""active"":0,""idle"":4,""other"":0},""atlasexp-worker-w00-cpu-15-19d3d1"":{""active"":0,""idle"":4,""other"":0}}"
2026-09-30T13:53:15.400670297Z,bench-cpu-w16-best-fit-ropen-t2,0.797074,,2,65,0,0.000000,1585.186000,0,0,0,0,0,,0,0,"{""atlasexp-api-35bc56"":{""active"":0,""idle"":4,""other"":0},""atlasexp-scheduler-best-fit-4cd3e4"":{""active"":0,""idle"":1,""other"":1},""atlasexp-worker-w00-cpu-00-786945"":{""active"":0,""idle"":4,""other"":0},""atlasexp-worker-w00-cpu-01-a1bbaf"":{""active"":0,""idle"":4,""other"":0},""atlasexp-worker-w00-cpu-02-134420"":{""active"":0,""idle"":4,""other"":0},""atlasexp-worker-w00-cpu-03-342832"":{""active"":0,""idle"":4,""other"":0},""atlasexp-worker-w00-cpu-04-255084"":{""active"":0,""idle"":4,""other"":0},""atlasexp-worker-w00-cpu-05-fc50a0"":{""active"":2,""idle"":2,""other"":0},""atlasexp-worker-w00-cpu-06-ca5171"":{""active"":0,""idle"":4,""other"":0},""atlasexp-worker-w00-cpu-07-d5d298"":{""active"":0,""idle"":3,""other"":1},""atlasexp-worker-w00-cpu-08-80f158"":{""active"":0,""idle"":4,""other"":0},""atlasexp-worker-w00-cpu-09-9d4d69"":{""active"":0,""idle"":4,""other"":0},""atlasexp-worker-w00-cpu-10-aae834"":{""active"":0,""idle"":4,""other"":0},""atlasexp-worker-w00-cpu-11-3cca5c"":{""active"":0,""idle"":4,""other"":0},""atlasexp-worker-w00-cpu-12-8941b1"":{""active"":0,""idle"":4,""other"":0},""atlasexp-worker-w00-cpu-13-c5975d"":{""active"":0,""idle"":4,""other"":0},""atlasexp-worker-w00-cpu-14-db3d3a"":{""active"":0,""idle"":3,""other"":1},""atlasexp-worker-w00-cpu-15-19d3d1"":{""active"":0,""idle"":4,""other"":0}}"
2026-09-30T13:53:15.649947354Z,bench-cpu-w16-best-fit-ropen-t2,1.083132,,2,63,0,0.000000,1834.763000,0,0,0,0,0,,0,0,"{""atlasexp-api-35bc56"":{""active"":0,""idle"":4,""other"":0},""atlasexp-scheduler-best-fit-4cd3e4"":{""active"":0,""idle"":2,""other"":0},""atlasexp-worker-w00-cpu-00-786945"":{""active"":0,""idle"":3,""other"":1},""atlasexp-worker-w00-cpu-01-a1bbaf"":{""active"":1,""idle"":3,""other"":0},""atlasexp-worker-w00-cpu-02-134420"":{""active"":0,""idle"":4,""other"":0},""atlasexp-worker-w00-cpu-03-342832"":{""active"":0,""idle"":4,""other"":0},""atlasexp-worker-w00-cpu-04-255084"":{""active"":0,""idle"":4,""other"":0},""atlasexp-worker-w00-cpu-05-fc50a0"":{""active"":0,""idle"":3,""other"":1},""atlasexp-worker-w00-cpu-06-ca5171"":{""active"":0,""idle"":4,""other"":0},""atlasexp-worker-w00-cpu-07-d5d298"":{""active"":0,""idle"":3,""other"":1},""atlasexp-worker-w00-cpu-08-80f158"":{""active"":0,""idle"":4,""other"":0},""atlasexp-worker-w00-cpu-09-9d4d69"":{""active"":0,""idle"":3,""other"":1},""atlasexp-worker-w00-cpu-10-aae834"":{""active"":0,""idle"":4,""other"":0},""atlasexp-worker-w00-cpu-11-3cca5c"":{""active"":0,""idle"":4,""other"":0},""atlasexp-worker-w00-cpu-12-8941b1"":{""active"":0,""idle"":4,""other"":0},""atlasexp-worker-w00-cpu-13-c5975d"":{""active"":0,""idle"":3,""other"":1},""atlasexp-worker-w00-cpu-14-db3d3a"":{""active"":0,""idle"":4,""other"":0},""atlasexp-worker-w00-cpu-15-19d3d1"":{""active"":1,""idle"":3,""other"":0}}"
2026-09-30T13:53:15.900336612Z,bench-cpu-w16-best-fit-ropen-t2,1.118259,,1,66,0,0.000000,2085.067000,0,0,0,0,0,,0,0,"{""atlasexp-api-35bc56"":{""active"":0,""idle"":4,""other"":0},""atlasexp-scheduler-best-fit-4cd3e4"":{""active"":0,""idle"":1,""other"":1},""atlasexp-worker-w00-cpu-00-786945"":{""active"":0,""idle"":4,""other"":0},""atlasexp-worker-w00-cpu-01-a1bbaf"":{""active"":0,""idle"":4,""other"":0},""atlasexp-worker-w00-cpu-02-134420"":{""active"":0,""idle"":4,""other"":0},""atlasexp-worker-w00-cpu-03-342832"":{""active"":0,""idle"":4,""other"":0},""atlasexp-worker-w00-cpu-04-255084"":{""active"":0,""idle"":4,""other"":0},""atlasexp-worker-w00-cpu-05-fc50a0"":{""active"":0,""idle"":4,""other"":0},""atlasexp-worker-w00-cpu-06-ca5171"":{""active"":0,""idle"":3,""other"":1},""atlasexp-worker-w00-cpu-07-d5d298"":{""active"":0,""idle"":4,""other"":0},""atlasexp-worker-w00-cpu-08-80f158"":{""active"":0,""idle"":4,""other"":0},""atlasexp-worker-w00-cpu-09-9d4d69"":{""active"":0,""idle"":4,""other"":0},""atlasexp-worker-w00-cpu-10-aae834"":{""active"":0,""idle"":4,""other"":0},""atlasexp-worker-w00-cpu-11-3cca5c"":{""active"":0,""idle"":3,""other"":1},""atlasexp-worker-w00-cpu-12-8941b1"":{""active"":0,""idle"":4,""other"":0},""atlasexp-worker-w00-cpu-13-c5975d"":{""active"":1,""idle"":3,""other"":0},""atlasexp-worker-w00-cpu-14-db3d3a"":{""active"":0,""idle"":4,""other"":0},""atlasexp-worker-w00-cpu-15-19d3d1"":{""active"":0,""idle"":4,""other"":0}}"
2026-09-30T13:53:16.150306184Z,bench-cpu-w16-best-fit-ropen-t3,0.560068,,5,64,3,0.600000,26.770000,0,0,0,0,0,,0,0,"{""atlasexp-api-35bc56"":{""active"":4,""idle"":0,""other"":0},""atlasexp-scheduler-best-fit-4cd3e4"":{""active"":1,""idle"":1,""other"":0},""atlasexp-worker-w00-cpu-00-786945"":{""active"":0,""idle"":4,""other"":0},""atlasexp-worker-w00-cpu-01-a1bbaf"":{""active"":0,""idle"":3,""other"":1},""atlasexp-worker-w00-cpu-02-134420"":{""active"":0,""idle"":4,""other"":0},""atlasexp-worker-w00-cpu-03-342832"":{""active"":0,""idle"":4,""other"":0},""atlasexp-worker-w00-cpu-04-255084"":{""active"":0,""idle"":4,""other"":0},""atlasexp-worker-w00-cpu-05-fc50a0"":{""active"":0,""idle"":4,""other"":0},""atlasexp-worker-w00-cpu-06-ca5171"":{""active"":0,""idle"":4,""other"":0},""atlasexp-worker-w00-cpu-07-d5d298"":{""active"":0,""idle"":4,""other"":0},""atlasexp-worker-w00-cpu-08-80f158"":{""active"":0,""idle"":4,""other"":0},""atlasexp-worker-w00-cpu-09-9d4d69"":{""active"":0,""idle"":4,""other"":0},""atlasexp-worker-w00-cpu-10-aae834"":{""active"":0,""idle"":4,""other"":0},""atlasexp-worker-w00-cpu-11-3cca5c"":{""active"":0,""idle"":4,""other"":0},""atlasexp-worker-w00-cpu-12-8941b1"":{""active"":0,""idle"":4,""other"":0},""atlasexp-worker-w00-cpu-13-c5975d"":{""active"":0,""idle"":4,""other"":0},""atlasexp-worker-w00-cpu-14-db3d3a"":{""active"":0,""idle"":4,""other"":0},""atlasexp-worker-w00-cpu-15-19d3d1"":{""active"":0,""idle"":4,""other"":0}}"
2026-09-30T13:53:16.399843969Z,bench-cpu-w16-best-fit-ropen-t3,0.961778,,7,62,5,0.714286,176.181000,0,0,0,0,0,,0,0,"{""atlasexp-api-35bc56"":{""active"":4,""idle"":0,""other"":0},""atlasexp-scheduler-best-fit-4cd3e4"":{""active"":1,""idle"":1,""other"":0},""atlasexp-worker-w00-cpu-00-786945"":{""active"":0,""idle"":4,""other"":0},""atlasexp-worker-w00-cpu-01-a1bbaf"":{""active"":2,""idle"":1,""other"":1},""atlasexp-worker-w00-cpu-02-134420"":{""active"":0,""idle"":4,""other"":0},""atlasexp-worker-w00-cpu-03-342832"":{""active"":0,""idle"":4,""other"":0},""atlasexp-worker-w00-cpu-04-255084"":{""active"":0,""idle"":4,""other"":0},""atlasexp-worker-w00-cpu-05-fc50a0"":{""active"":0,""idle"":4,""other"":0},""atlasexp-worker-w00-cpu-06-ca5171"":{""active"":0,""idle"":4,""other"":0},""atlasexp-worker-w00-cpu-07-d5d298"":{""active"":0,""idle"":4,""other"":0},""atlasexp-worker-w00-cpu-08-80f158"":{""active"":0,""idle"":4,""other"":0},""atlasexp-worker-w00-cpu-09-9d4d69"":{""active"":0,""idle"":4,""other"":0},""atlasexp-worker-w00-cpu-10-aae834"":{""active"":0,""idle"":4,""other"":0},""atlasexp-worker-w00-cpu-11-3cca5c"":{""active"":0,""idle"":4,""other"":0},""atlasexp-worker-w00-cpu-12-8941b1"":{""active"":0,""idle"":4,""other"":0},""atlasexp-worker-w00-cpu-13-c5975d"":{""active"":0,""idle"":4,""other"":0},""atlasexp-worker-w00-cpu-14-db3d3a"":{""active"":0,""idle"":4,""other"":0},""atlasexp-worker-w00-cpu-15-19d3d1"":{""active"":0,""idle"":4,""other"":0}}"
2026-09-30T13:53:16.650348521Z,bench-cpu-w16-best-fit-ropen-t3,0.918147,,5,61,3,0.600000,427.089000,0,0,0,0,0,,0,0,"{""atlasexp-api-35bc56"":{""active"":4,""idle"":0,""other"":0},""atlasexp-scheduler-best-fit-4cd3e4"":{""active"":0,""idle"":1,""other"":1},""atlasexp-worker-w00-cpu-00-786945"":{""active"":0,""idle"":4,""other"":0},""atlasexp-worker-w00-cpu-01-a1bbaf"":{""active"":1,""idle"":3,""other"":0},""atlasexp-worker-w00-cpu-02-134420"":{""active"":0,""idle"":4,""other"":0},""atlasexp-worker-w00-cpu-03-342832"":{""active"":0,""idle"":3,""other"":1},""atlasexp-worker-w00-cpu-04-255084"":{""active"":0,""idle"":4,""other"":0},""atlasexp-worker-w00-cpu-05-fc50a0"":{""active"":0,""idle"":3,""other"":1},""atlasexp-worker-w00-cpu-06-ca5171"":{""active"":0,""idle"":4,""other"":0},""atlasexp-worker-w00-cpu-07-d5d298"":{""active"":0,""idle"":4,""other"":0},""atlasexp-worker-w00-cpu-08-80f158"":{""active"":0,""idle"":3,""other"":1},""atlasexp-worker-w00-cpu-09-9d4d69"":{""active"":0,""idle"":4,""other"":0},""atlasexp-worker-w00-cpu-10-aae834"":{""active"":0,""idle"":4,""other"":0},""atlasexp-worker-w00-cpu-11-3cca5c"":{""active"":0,""idle"":4,""other"":0},""atlasexp-worker-w00-cpu-12-8941b1"":{""active"":0,""idle"":4,""other"":0},""atlasexp-worker-w00-cpu-13-c5975d"":{""active"":0,""idle"":4,""other"":0},""atlasexp-worker-w00-cpu-14-db3d3a"":{""active"":0,""idle"":4,""other"":0},""atlasexp-worker-w00-cpu-15-19d3d1"":{""active"":0,""idle"":4,""other"":0}}"
2026-09-30T13:53:16.900142635Z,bench-cpu-w16-best-fit-ropen-t3,0.920758,,6,61,2,0.333333,676.682000,0,0,0,0,0,,0,0,"{""atlasexp-api-35bc56"":{""active"":4,""idle"":0,""other"":0},""atlasexp-scheduler-best-fit-4cd3e4"":{""active"":0,""idle"":2,""other"":0},""atlasexp-worker-w00-cpu-00-786945"":{""active"":0,""idle"":4,""other"":0},""atlasexp-worker-w00-cpu-01-a1bbaf"":{""active"":1,""idle"":3,""other"":0},""atlasexp-worker-w00-cpu-02-134420"":{""active"":0,""idle"":4,""other"":0},""atlasexp-worker-w00-cpu-03-342832"":{""active"":0,""idle"":4,""other"":0},""atlasexp-worker-w00-cpu-04-255084"":{""active"":0,""idle"":4,""other"":0},""atlasexp-worker-w00-cpu-05-fc50a0"":{""active"":0,""idle"":4,""other"":0},""atlasexp-worker-w00-cpu-06-ca5171"":{""active"":0,""idle"":3,""other"":1},""atlasexp-worker-w00-cpu-07-d5d298"":{""active"":0,""idle"":4,""other"":0},""atlasexp-worker-w00-cpu-08-80f158"":{""active"":0,""idle"":3,""other"":1},""atlasexp-worker-w00-cpu-09-9d4d69"":{""active"":1,""idle"":3,""other"":0},""atlasexp-worker-w00-cpu-10-aae834"":{""active"":0,""idle"":3,""other"":1},""atlasexp-worker-w00-cpu-11-3cca5c"":{""active"":0,""idle"":4,""other"":0},""atlasexp-worker-w00-cpu-12-8941b1"":{""active"":0,""idle"":4,""other"":0},""atlasexp-worker-w00-cpu-13-c5975d"":{""active"":0,""idle"":4,""other"":0},""atlasexp-worker-w00-cpu-14-db3d3a"":{""active"":0,""idle"":4,""other"":0},""atlasexp-worker-w00-cpu-15-19d3d1"":{""active"":0,""idle"":4,""other"":0}}"
2026-09-30T13:53:17.150792657Z,bench-cpu-w16-best-fit-ropen-t3,0.758029,,0,69,0,0.000000,259.731000,0,0,0,0,0,,0,0,"{""atlasexp-api-35bc56"":{""active"":0,""idle"":4,""other"":0},""atlasexp-scheduler-best-fit-4cd3e4"":{""active"":0,""idle"":1,""other"":1},""atlasexp-worker-w00-cpu-00-786945"":{""active"":0,""idle"":4,""other"":0},""atlasexp-worker-w00-cpu-01-a1bbaf"":{""active"":0,""idle"":4,""other"":0},""atlasexp-worker-w00-cpu-02-134420"":{""active"":0,""idle"":4,""other"":0},""atlasexp-worker-w00-cpu-03-342832"":{""active"":0,""idle"":4,""other"":0},""atlasexp-worker-w00-cpu-04-255084"":{""active"":0,""idle"":4,""other"":0},""atlasexp-worker-w00-cpu-05-fc50a0"":{""active"":0,""idle"":4,""other"":0},""atlasexp-worker-w00-cpu-06-ca5171"":{""active"":0,""idle"":4,""other"":0},""atlasexp-worker-w00-cpu-07-d5d298"":{""active"":0,""idle"":4,""other"":0},""atlasexp-worker-w00-cpu-08-80f158"":{""active"":0,""idle"":4,""other"":0},""atlasexp-worker-w00-cpu-09-9d4d69"":{""active"":0,""idle"":4,""other"":0},""atlasexp-worker-w00-cpu-10-aae834"":{""active"":0,""idle"":4,""other"":0},""atlasexp-worker-w00-cpu-11-3cca5c"":{""active"":0,""idle"":4,""other"":0},""atlasexp-worker-w00-cpu-12-8941b1"":{""active"":0,""idle"":4,""other"":0},""atlasexp-worker-w00-cpu-13-c5975d"":{""active"":0,""idle"":4,""other"":0},""atlasexp-worker-w00-cpu-14-db3d3a"":{""active"":0,""idle"":4,""other"":0},""atlasexp-worker-w00-cpu-15-19d3d1"":{""active"":0,""idle"":4,""other"":0}}"
2026-09-30T13:53:17.400492937Z,bench-cpu-w16-best-fit-ropen-t3,0.680816,,0,68,0,0.000000,509.246000,0,0,0,0,0,,0,0,"{""atlasexp-api-35bc56"":{""active"":0,""idle"":4,""other"":0},""atlasexp-scheduler-best-fit-4cd3e4"":{""active"":0,""idle"":1,""other"":1},""atlasexp-worker-w00-cpu-00-786945"":{""active"":0,""idle"":4,""other"":0},""atlasexp-worker-w00-cpu-01-a1bbaf"":{""active"":0,""idle"":4,""other"":0},""atlasexp-worker-w00-cpu-02-134420"":{""active"":0,""idle"":3,""other"":1},""atlasexp-worker-w00-cpu-03-342832"":{""active"":0,""idle"":4,""other"":0},""atlasexp-worker-w00-cpu-04-255084"":{""active"":0,""idle"":4,""other"":0},""atlasexp-worker-w00-cpu-05-fc50a0"":{""active"":0,""idle"":4,""other"":0},""atlasexp-worker-w00-cpu-06-ca5171"":{""active"":0,""idle"":4,""other"":0},""atlasexp-worker-w00-cpu-07-d5d298"":{""active"":0,""idle"":4,""other"":0},""atlasexp-worker-w00-cpu-08-80f158"":{""active"":0,""idle"":4,""other"":0},""atlasexp-worker-w00-cpu-09-9d4d69"":{""active"":0,""idle"":4,""other"":0},""atlasexp-worker-w00-cpu-10-aae834"":{""active"":0,""idle"":4,""other"":0},""atlasexp-worker-w00-cpu-11-3cca5c"":{""active"":0,""idle"":4,""other"":0},""atlasexp-worker-w00-cpu-12-8941b1"":{""active"":0,""idle"":4,""other"":0},""atlasexp-worker-w00-cpu-13-c5975d"":{""active"":0,""idle"":4,""other"":0},""atlasexp-worker-w00-cpu-14-db3d3a"":{""active"":0,""idle"":4,""other"":0},""atlasexp-worker-w00-cpu-15-19d3d1"":{""active"":0,""idle"":4,""other"":0}}"
2026-09-30T13:53:17.649990868Z,bench-cpu-w16-best-fit-ropen-t3,0.521046,,0,66,0,0.000000,758.970000,0,0,0,0,0,,0,0,"{""atlasexp-api-35bc56"":{""active"":0,""idle"":4,""other"":0},""atlasexp-scheduler-best-fit-4cd3e4"":{""active"":0,""idle"":1,""other"":1},""atlasexp-worker-w00-cpu-00-786945"":{""active"":0,""idle"":4,""other"":0},""atlasexp-worker-w00-cpu-01-a1bbaf"":{""active"":0,""idle"":1,""other"":3},""atlasexp-worker-w00-cpu-02-134420"":{""active"":0,""idle"":4,""other"":0},""atlasexp-worker-w00-cpu-03-342832"":{""active"":0,""idle"":4,""other"":0},""atlasexp-worker-w00-cpu-04-255084"":{""active"":0,""idle"":4,""other"":0},""atlasexp-worker-w00-cpu-05-fc50a0"":{""active"":0,""idle"":4,""other"":0},""atlasexp-worker-w00-cpu-06-ca5171"":{""active"":0,""idle"":4,""other"":0},""atlasexp-worker-w00-cpu-07-d5d298"":{""active"":0,""idle"":4,""other"":0},""atlasexp-worker-w00-cpu-08-80f158"":{""active"":0,""idle"":4,""other"":0},""atlasexp-worker-w00-cpu-09-9d4d69"":{""active"":0,""idle"":4,""other"":0},""atlasexp-worker-w00-cpu-10-aae834"":{""active"":0,""idle"":4,""other"":0},""atlasexp-worker-w00-cpu-11-3cca5c"":{""active"":0,""idle"":4,""other"":0},""atlasexp-worker-w00-cpu-12-8941b1"":{""active"":0,""idle"":4,""other"":0},""atlasexp-worker-w00-cpu-13-c5975d"":{""active"":0,""idle"":4,""other"":0},""atlasexp-worker-w00-cpu-14-db3d3a"":{""active"":0,""idle"":4,""other"":0},""atlasexp-worker-w00-cpu-15-19d3d1"":{""active"":0,""idle"":4,""other"":0}}"
2026-09-30T13:53:17.90024393Z,bench-cpu-w16-best-fit-ropen-t3,0.559434,,2,65,0,0.000000,1009.054000,0,0,0,0,0,,0,0,"{""atlasexp-api-35bc56"":{""active"":0,""idle"":4,""other"":0},""atlasexp-scheduler-best-fit-4cd3e4"":{""active"":1,""idle"":1,""other"":0},""atlasexp-worker-w00-cpu-00-786945"":{""active"":0,""idle"":4,""other"":0},""atlasexp-worker-w00-cpu-01-a1bbaf"":{""active"":1,""idle"":2,""other"":1},""atlasexp-worker-w00-cpu-02-134420"":{""active"":0,""idle"":4,""other"":0},""atlasexp-worker-w00-cpu-03-342832"":{""active"":0,""idle"":4,""other"":0},""atlasexp-worker-w00-cpu-04-255084"":{""active"":0,""idle"":3,""other"":1},""atlasexp-worker-w00-cpu-05-fc50a0"":{""active"":0,""idle"":4,""other"":0},""atlasexp-worker-w00-cpu-06-ca5171"":{""active"":0,""idle"":4,""other"":0},""atlasexp-worker-w00-cpu-07-d5d298"":{""active"":0,""idle"":4,""other"":0},""atlasexp-worker-w00-cpu-08-80f158"":{""active"":0,""idle"":4,""other"":0},""atlasexp-worker-w00-cpu-09-9d4d69"":{""active"":0,""idle"":4,""other"":0},""atlasexp-worker-w00-cpu-10-aae834"":{""active"":0,""idle"":4,""other"":0},""atlasexp-worker-w00-cpu-11-3cca5c"":{""active"":0,""idle"":4,""other"":0},""atlasexp-worker-w00-cpu-12-8941b1"":{""active"":0,""idle"":4,""other"":0},""atlasexp-worker-w00-cpu-13-c5975d"":{""active"":0,""idle"":4,""other"":0},""atlasexp-worker-w00-cpu-14-db3d3a"":{""active"":0,""idle"":3,""other"":1},""atlasexp-worker-w00-cpu-15-19d3d1"":{""active"":0,""idle"":4,""other"":0}}"
2026-09-30T13:53:18.150293622Z,bench-cpu-w16-best-fit-ropen-t3,0.719857,,4,64,0,0.000000,1259.438000,0,0,0,0,0,,0,0,"{""atlasexp-api-35bc56"":{""active"":0,""idle"":4,""other"":0},""atlasexp-scheduler-best-fit-4cd3e4"":{""active"":0,""idle"":1,""other"":1},""atlasexp-worker-w00-cpu-00-786945"":{""active"":0,""idle"":4,""other"":0},""atlasexp-worker-w00-cpu-01-a1bbaf"":{""active"":0,""idle"":4,""other"":0},""atlasexp-worker-w00-cpu-02-134420"":{""active"":0,""idle"":4,""other"":0},""atlasexp-worker-w00-cpu-03-342832"":{""active"":0,""idle"":3,""other"":1},""atlasexp-worker-w00-cpu-04-255084"":{""active"":0,""idle"":4,""other"":0},""atlasexp-worker-w00-cpu-05-fc50a0"":{""active"":1,""idle"":3,""other"":0},""atlasexp-worker-w00-cpu-06-ca5171"":{""active"":1,""idle"":3,""other"":0},""atlasexp-worker-w00-cpu-07-d5d298"":{""active"":1,""idle"":3,""other"":0},""atlasexp-worker-w00-cpu-08-80f158"":{""active"":0,""idle"":4,""other"":0},""atlasexp-worker-w00-cpu-09-9d4d69"":{""active"":0,""idle"":4,""other"":0},""atlasexp-worker-w00-cpu-10-aae834"":{""active"":1,""idle"":3,""other"":0},""atlasexp-worker-w00-cpu-11-3cca5c"":{""active"":0,""idle"":4,""other"":0},""atlasexp-worker-w00-cpu-12-8941b1"":{""active"":0,""idle"":4,""other"":0},""atlasexp-worker-w00-cpu-13-c5975d"":{""active"":0,""idle"":4,""other"":0},""atlasexp-worker-w00-cpu-14-db3d3a"":{""active"":0,""idle"":4,""other"":0},""atlasexp-worker-w00-cpu-15-19d3d1"":{""active"":0,""idle"":4,""other"":0}}"
2026-09-30T13:53:18.400513489Z,bench-cpu-w16-best-fit-ropen-t3,1.039086,,1,66,0,0.000000,1509.738000,0,0,0,0,0,,0,0,"{""atlasexp-api-35bc56"":{""active"":0,""idle"":4,""other"":0},""atlasexp-scheduler-best-fit-4cd3e4"":{""active"":1,""idle"":1,""other"":0},""atlasexp-worker-w00-cpu-00-786945"":{""active"":0,""idle"":4,""other"":0},""atlasexp-worker-w00-cpu-01-a1bbaf"":{""active"":0,""idle"":3,""other"":1},""atlasexp-worker-w00-cpu-02-134420"":{""active"":0,""idle"":4,""other"":0},""atlasexp-worker-w00-cpu-03-342832"":{""active"":0,""idle"":4,""other"":0},""atlasexp-worker-w00-cpu-04-255084"":{""active"":0,""idle"":4,""other"":0},""atlasexp-worker-w00-cpu-05-fc50a0"":{""active"":0,""idle"":4,""other"":0},""atlasexp-worker-w00-cpu-06-ca5171"":{""active"":0,""idle"":4,""other"":0},""atlasexp-worker-w00-cpu-07-d5d298"":{""active"":0,""idle"":4,""other"":0},""atlasexp-worker-w00-cpu-08-80f158"":{""active"":0,""idle"":4,""other"":0},""atlasexp-worker-w00-cpu-09-9d4d69"":{""active"":0,""idle"":4,""other"":0},""atlasexp-worker-w00-cpu-10-aae834"":{""active"":0,""idle"":4,""other"":0},""atlasexp-worker-w00-cpu-11-3cca5c"":{""active"":0,""idle"":3,""other"":1},""atlasexp-worker-w00-cpu-12-8941b1"":{""active"":0,""idle"":4,""other"":0},""atlasexp-worker-w00-cpu-13-c5975d"":{""active"":0,""idle"":4,""other"":0},""atlasexp-worker-w00-cpu-14-db3d3a"":{""active"":0,""idle"":4,""other"":0},""atlasexp-worker-w00-cpu-15-19d3d1"":{""active"":0,""idle"":3,""other"":1}}"
2026-09-30T13:53:18.650454369Z,bench-cpu-w16-best-fit-ropen-t3,1.240293,,1,64,0,0.000000,1759.702000,0,0,0,0,0,,0,0,"{""atlasexp-api-35bc56"":{""active"":0,""idle"":4,""other"":0},""atlasexp-scheduler-best-fit-4cd3e4"":{""active"":0,""idle"":1,""other"":1},""atlasexp-worker-w00-cpu-00-786945"":{""active"":0,""idle"":4,""other"":0},""atlasexp-worker-w00-cpu-01-a1bbaf"":{""active"":0,""idle"":2,""other"":2},""atlasexp-worker-w00-cpu-02-134420"":{""active"":0,""idle"":4,""other"":0},""atlasexp-worker-w00-cpu-03-342832"":{""active"":0,""idle"":4,""other"":0},""atlasexp-worker-w00-cpu-04-255084"":{""active"":0,""idle"":3,""other"":1},""atlasexp-worker-w00-cpu-05-fc50a0"":{""active"":0,""idle"":4,""other"":0},""atlasexp-worker-w00-cpu-06-ca5171"":{""active"":0,""idle"":4,""other"":0},""atlasexp-worker-w00-cpu-07-d5d298"":{""active"":0,""idle"":4,""other"":0},""atlasexp-worker-w00-cpu-08-80f158"":{""active"":0,""idle"":3,""other"":1},""atlasexp-worker-w00-cpu-09-9d4d69"":{""active"":0,""idle"":4,""other"":0},""atlasexp-worker-w00-cpu-10-aae834"":{""active"":0,""idle"":4,""other"":0},""atlasexp-worker-w00-cpu-11-3cca5c"":{""active"":0,""idle"":4,""other"":0},""atlasexp-worker-w00-cpu-12-8941b1"":{""active"":0,""idle"":4,""other"":0},""atlasexp-worker-w00-cpu-13-c5975d"":{""active"":1,""idle"":3,""other"":0},""atlasexp-worker-w00-cpu-14-db3d3a"":{""active"":0,""idle"":4,""other"":0},""atlasexp-worker-w00-cpu-15-19d3d1"":{""active"":0,""idle"":4,""other"":0}}"
2026-09-30T13:53:18.900137941Z,bench-cpu-w16-best-fit-ropen-t3,0.961217,,2,64,0,0.000000,2009.105000,0,0,0,0,0,,0,0,"{""atlasexp-api-35bc56"":{""active"":0,""idle"":4,""other"":0},""atlasexp-scheduler-best-fit-4cd3e4"":{""active"":0,""idle"":1,""other"":1},""atlasexp-worker-w00-cpu-00-786945"":{""active"":0,""idle"":4,""other"":0},""atlasexp-worker-w00-cpu-01-a1bbaf"":{""active"":0,""idle"":3,""other"":1},""atlasexp-worker-w00-cpu-02-134420"":{""active"":0,""idle"":4,""other"":0},""atlasexp-worker-w00-cpu-03-342832"":{""active"":0,""idle"":4,""other"":0},""atlasexp-worker-w00-cpu-04-255084"":{""active"":0,""idle"":4,""other"":0},""atlasexp-worker-w00-cpu-05-fc50a0"":{""active"":0,""idle"":4,""other"":0},""atlasexp-worker-w00-cpu-06-ca5171"":{""active"":1,""idle"":3,""other"":0},""atlasexp-worker-w00-cpu-07-d5d298"":{""active"":0,""idle"":4,""other"":0},""atlasexp-worker-w00-cpu-08-80f158"":{""active"":0,""idle"":3,""other"":1},""atlasexp-worker-w00-cpu-09-9d4d69"":{""active"":1,""idle"":3,""other"":0},""atlasexp-worker-w00-cpu-10-aae834"":{""active"":0,""idle"":4,""other"":0},""atlasexp-worker-w00-cpu-11-3cca5c"":{""active"":0,""idle"":4,""other"":0},""atlasexp-worker-w00-cpu-12-8941b1"":{""active"":0,""idle"":4,""other"":0},""atlasexp-worker-w00-cpu-13-c5975d"":{""active"":0,""idle"":4,""other"":0},""atlasexp-worker-w00-cpu-14-db3d3a"":{""active"":0,""idle"":3,""other"":1},""atlasexp-worker-w00-cpu-15-19d3d1"":{""active"":0,""idle"":4,""other"":0}}"
2026-09-30T13:53:19.149736041Z,bench-cpu-w16-best-fit-ropen-t3,1.041675,,1,67,0,0.000000,895.713000,0,0,0,0,0,,0,0,"{""atlasexp-api-35bc56"":{""active"":0,""idle"":4,""other"":0},""atlasexp-scheduler-best-fit-4cd3e4"":{""active"":0,""idle"":2,""other"":0},""atlasexp-worker-w00-cpu-00-786945"":{""active"":0,""idle"":4,""other"":0},""atlasexp-worker-w00-cpu-01-a1bbaf"":{""active"":1,""idle"":2,""other"":1},""atlasexp-worker-w00-cpu-02-134420"":{""active"":0,""idle"":4,""other"":0},""atlasexp-worker-w00-cpu-03-342832"":{""active"":0,""idle"":3,""other"":1},""atlasexp-worker-w00-cpu-04-255084"":{""active"":0,""idle"":4,""other"":0},""atlasexp-worker-w00-cpu-05-fc50a0"":{""active"":0,""idle"":4,""other"":0},""atlasexp-worker-w00-cpu-06-ca5171"":{""active"":0,""idle"":4,""other"":0},""atlasexp-worker-w00-cpu-07-d5d298"":{""active"":0,""idle"":4,""other"":0},""atlasexp-worker-w00-cpu-08-80f158"":{""active"":0,""idle"":4,""other"":0},""atlasexp-worker-w00-cpu-09-9d4d69"":{""active"":0,""idle"":4,""other"":0},""atlasexp-worker-w00-cpu-10-aae834"":{""active"":0,""idle"":4,""other"":0},""atlasexp-worker-w00-cpu-11-3cca5c"":{""active"":0,""idle"":4,""other"":0},""atlasexp-worker-w00-cpu-12-8941b1"":{""active"":0,""idle"":4,""other"":0},""atlasexp-worker-w00-cpu-13-c5975d"":{""active"":0,""idle"":4,""other"":0},""atlasexp-worker-w00-cpu-14-db3d3a"":{""active"":0,""idle"":4,""other"":0},""atlasexp-worker-w00-cpu-15-19d3d1"":{""active"":0,""idle"":4,""other"":0}}"
