at,scenario_id,db_cpu_core_equivalents,proc_cpu_error,active_app_connections,idle_app_connections,lock_waiters,sampled_lock_wait_fraction,oldest_ready_age_ms,gpu_reserved_vram_mb,gpu_capacity_vram_mb,gpu_free_vram_mb,gpu_available_devices,gpu_reserved_devices,gpu_reservation_ratio,subthreshold_available_vram_slack_for_16gb_job_mb,whole_device_stranded_vram_mb,connections_by_application
2026-09-30T13:53:20.764962458Z,startup,,CPU sampler warming up,1,32,0,0.000000,,0,81920,81920,4,0,0.000000,16384,0,"{""atlasexp-api-ceec95"":{""active"":0,""idle"":1,""other"":0},""atlasexp-worker-w00-cpu-00-c06922"":{""active"":0,""idle"":4,""other"":0},""atlasexp-worker-w00-cpu-01-49e970"":{""active"":0,""idle"":4,""other"":0},""atlasexp-worker-w00-cpu-02-66e48e"":{""active"":0,""idle"":4,""other"":0},""atlasexp-worker-w00-cpu-03-1d132d"":{""active"":0,""idle"":4,""other"":0},""atlasexp-worker-w10-gpu-large-00-fcc321"":{""active"":1,""idle"":3,""other"":0},""atlasexp-worker-w10-gpu-large-01-cacb15"":{""active"":0,""idle"":4,""other"":0},""atlasexp-worker-w20-gpu-small-00-5218d4"":{""active"":0,""idle"":4,""other"":0},""atlasexp-worker-w20-gpu-small-01-360b0e"":{""active"":0,""idle"":4,""other"":0}}"
2026-09-30T13:53:21.014615122Z,bench-mixed-w8-first-fit-ropen-t1,0.120167,,4,32,2,0.500000,,0,81920,81920,4,0,0.000000,16384,0,"{""atlasexp-api-ceec95"":{""active"":3,""idle"":0,""other"":1},""atlasexp-scheduler-first-fit-b80245"":{""active"":0,""idle"":2,""other"":0},""atlasexp-worker-w00-cpu-00-c06922"":{""active"":0,""idle"":4,""other"":0},""atlasexp-worker-w00-cpu-01-49e970"":{""active"":0,""idle"":4,""other"":0},""atlasexp-worker-w00-cpu-02-66e48e"":{""active"":0,""idle"":4,""other"":0},""atlasexp-worker-w00-cpu-03-1d132d"":{""active"":0,""idle"":3,""other"":1},""atlasexp-worker-w10-gpu-large-00-fcc321"":{""active"":1,""idle"":3,""other"":0},""atlasexp-worker-w10-gpu-large-01-cacb15"":{""active"":0,""idle"":4,""other"":0},""atlasexp-worker-w20-gpu-small-00-5218d4"":{""active"":0,""idle"":4,""other"":0},""atlasexp-worker-w20-gpu-small-01-360b0e"":{""active"":0,""idle"":4,""other"":0}}"
2026-09-30T13:53:21.265407614Z,bench-mixed-w8-first-fit-ropen-t1,0.518357,,5,31,3,0.600000,262.410000,12288,81920,8192,1,3,0.150000,8192,61440,"{""atlasexp-api-ceec95"":{""active"":4,""idle"":0,""other"":0},""atlasexp-scheduler-first-fit-b80245"":{""active"":0,""idle"":1,""other"":1},""atlasexp-worker-w00-cpu-00-c06922"":{""active"":0,""idle"":4,""other"":0},""atlasexp-worker-w00-cpu-01-49e970"":{""active"":0,""idle"":4,""other"":0},""atlasexp-worker-w00-cpu-02-66e48e"":{""active"":0,""idle"":4,""other"":0},""atlasexp-worker-w00-cpu-03-1d132d"":{""active"":0,""idle"":3,""other"":1},""atlasexp-worker-w10-gpu-large-00-fcc321"":{""active"":0,""idle"":4,""other"":0},""atlasexp-worker-w10-gpu-large-01-cacb15"":{""active"":0,""idle"":4,""other"":0},""atlasexp-worker-w20-gpu-small-00-5218d4"":{""active"":1,""idle"":3,""other"":0},""atlasexp-worker-w20-gpu-small-01-360b0e"":{""active"":0,""idle"":4,""other"":0}}"
2026-09-30T13:53:21.514807606Z,bench-mixed-w8-first-fit-ropen-t1,0.761828,,4,32,4,1.000000,511.634000,0,81920,81920,4,0,0.000000,16384,0,"{""atlasexp-api-ceec95"":{""active"":3,""idle"":0,""other"":1},""atlasexp-scheduler-first-fit-b80245"":{""active"":1,""idle"":1,""other"":0},""atlasexp-worker-w00-cpu-00-c06922"":{""active"":0,""idle"":4,""other"":0},""atlasexp-worker-w00-cpu-01-49e970"":{""active"":0,""idle"":4,""other"":0},""atlasexp-worker-w00-cpu-02-66e48e"":{""active"":0,""idle"":4,""other"":0},""atlasexp-worker-w00-cpu-03-1d132d"":{""active"":0,""idle"":4,""other"":0},""atlasexp-worker-w10-gpu-large-00-fcc321"":{""active"":0,""idle"":4,""other"":0},""atlasexp-worker-w10-gpu-large-01-cacb15"":{""active"":0,""idle"":3,""other"":1},""atlasexp-worker-w20-gpu-small-00-5218d4"":{""active"":0,""idle"":4,""other"":0},""atlasexp-worker-w20-gpu-small-01-360b0e"":{""active"":0,""idle"":4,""other"":0}}"
2026-09-30T13:53:21.765479242Z,bench-mixed-w8-first-fit-ropen-t1,0.638285,,4,34,3,0.750000,762.448000,0,81920,81920,4,0,0.000000,16384,0,"{""atlasexp-api-ceec95"":{""active"":3,""idle"":1,""other"":0},""atlasexp-scheduler-first-fit-b80245"":{""active"":1,""idle"":1,""other"":0},""atlasexp-worker-w00-cpu-00-c06922"":{""active"":0,""idle"":4,""other"":0},""atlasexp-worker-w00-cpu-01-49e970"":{""active"":0,""idle"":4,""other"":0},""atlasexp-worker-w00-cpu-02-66e48e"":{""active"":0,""idle"":4,""other"":0},""atlasexp-worker-w00-cpu-03-1d132d"":{""active"":0,""idle"":4,""other"":0},""atlasexp-worker-w10-gpu-large-00-fcc321"":{""active"":0,""idle"":4,""other"":0},""atlasexp-worker-w10-gpu-large-01-cacb15"":{""active"":0,""idle"":4,""other"":0},""atlasexp-worker-w20-gpu-small-00-5218d4"":{""active"":0,""idle"":4,""other"":0},""atlasexp-worker-w20-gpu-small-01-360b0e"":{""active"":0,""idle"":4,""other"":0}}"
2026-09-30T13:53:22.015263982Z,bench-mixed-w8-first-fit-ropen-t1,0.240207,,0,34,0,0.000000,1012.346000,0,81920,81920,4,0,0.000000,16384,0,"{""atlasexp-api-ceec95"":{""active"":0,""idle"":4,""other"":0},""atlasexp-scheduler-first-fit-b80245"":{""active"":0,""idle"":2,""other"":0},""atlasexp-worker-w00-cpu-00-c06922"":{""active"":0,""idle"":2,""other"":2},""atlasexp-worker-w00-cpu-01-49e970"":{""active"":0,""idle"":4,""other"":0},""atlasexp-worker-w00-cpu-02-66e48e"":{""active"":0,""idle"":4,""other"":0},""atlasexp-worker-w00-cpu-03-1d132d"":{""active"":0,""idle"":4,""other"":0},""atlasexp-worker-w10-gpu-large-00-fcc321"":{""active"":0,""idle"":3,""other"":1},""atlasexp-worker-w10-gpu-large-01-cacb15"":{""active"":0,""idle"":4,""other"":0},""atlasexp-worker-w20-gpu-small-00-5218d4"":{""active"":0,""idle"":4,""other"":0},""atlasexp-worker-w20-gpu-small-01-360b0e"":{""active"":0,""idle"":3,""other"":1}}"
2026-09-30T13:53:22.265203851Z,bench-mixed-w8-first-fit-ropen-t1,0.760183,,2,36,0,0.000000,962.162000,0,81920,81920,4,0,0.000000,16384,0,"{""atlasexp-api-ceec95"":{""active"":0,""idle"":4,""other"":0},""atlasexp-scheduler-first-fit-b80245"":{""active"":0,""idle"":2,""other"":0},""atlasexp-worker-w00-cpu-00-c06922"":{""active"":0,""idle"":4,""other"":0},""atlasexp-worker-w00-cpu-01-49e970"":{""active"":0,""idle"":4,""other"":0},""atlasexp-worker-w00-cpu-02-66e48e"":{""active"":0,""idle"":4,""other"":0},""atlasexp-worker-w00-cpu-03-1d132d"":{""active"":1,""idle"":3,""other"":0},""atlasexp-worker-w10-gpu-large-00-fcc321"":{""active"":0,""idle"":4,""other"":0},""atlasexp-worker-w10-gpu-large-01-cacb15"":{""active"":0,""idle"":4,""other"":0},""atlasexp-worker-w20-gpu-small-00-5218d4"":{""active"":0,""idle"":4,""other"":0},""atlasexp-worker-w20-gpu-small-01-360b0e"":{""active"":1,""idle"":3,""other"":0}}"
2026-09-30T13:53:22.514940601Z,bench-mixed-w8-first-fit-ropen-t1,0.400422,,0,37,0,0.000000,1211.969000,0,81920,81920,4,0,0.000000,16384,0,"{""atlasexp-api-ceec95"":{""active"":0,""idle"":4,""other"":0},""atlasexp-scheduler-first-fit-b80245"":{""active"":0,""idle"":1,""other"":1},""atlasexp-worker-w00-cpu-00-c06922"":{""active"":0,""idle"":4,""other"":0},""atlasexp-worker-w00-cpu-01-49e970"":{""active"":0,""idle"":4,""other"":0},""atlasexp-worker-w00-cpu-02-66e48e"":{""active"":0,""idle"":4,""other"":0},""atlasexp-worker-w00-cpu-03-1d132d"":{""active"":0,""idle"":4,""other"":0},""atlasexp-worker-w10-gpu-large-00-fcc321"":{""active"":0,""idle"":4,""other"":0},""atlasexp-worker-w10-gpu-large-01-cacb15"":{""active"":0,""idle"":4,""other"":0},""atlasexp-worker-w20-gpu-small-00-5218d4"":{""active"":0,""idle"":4,""other"":0},""atlasexp-worker-w20-gpu-small-01-360b0e"":{""active"":0,""idle"":4,""other"":0}}"
2026-09-30T13:53:22.76454749Z,bench-mixed-w8-first-fit-ropen-t1,0.320504,,0,37,0,0.000000,1461.521000,0,81920,81920,4,0,0.000000,16384,0,"{""atlasexp-api-ceec95"":{""active"":0,""idle"":4,""other"":0},""atlasexp-scheduler-first-fit-b80245"":{""active"":0,""idle"":1,""other"":1},""atlasexp-worker-w00-cpu-00-c06922"":{""active"":0,""idle"":4,""other"":0},""atlasexp-worker-w00-cpu-01-49e970"":{""active"":0,""idle"":4,""other"":0},""atlasexp-worker-w00-cpu-02-66e48e"":{""active"":0,""idle"":4,""other"":0},""atlasexp-worker-w00-cpu-03-1d132d"":{""active"":0,""idle"":4,""other"":0},""atlasexp-worker-w10-gpu-large-00-fcc321"":{""active"":0,""idle"":4,""other"":0},""atlasexp-worker-w10-gpu-large-01-cacb15"":{""active"":0,""idle"":4,""other"":0},""atlasexp-worker-w20-gpu-small-00-5218d4"":{""active"":0,""idle"":4,""other"":0},""atlasexp-worker-w20-gpu-small-01-360b0e"":{""active"":0,""idle"":4,""other"":0}}"
2026-09-30T13:53:23.014860977Z,bench-mixed-w8-first-fit-ropen-t1,0.399499,,3,35,0,0.000000,1711.883000,40960,81920,0,0,4,0.500000,0,40960,"{""atlasexp-api-ceec95"":{""active"":0,""idle"":4,""other"":0},""atlasexp-scheduler-first-fit-b80245"":{""active"":1,""idle"":1,""other"":0},""atlasexp-worker-w00-cpu-00-c06922"":{""active"":1,""idle"":3,""other"":0},""atlasexp-worker-w00-cpu-01-49e970"":{""active"":0,""idle"":4,""other"":0},""atlasexp-worker-w00-cpu-02-66e48e"":{""active"":1,""idle"":3,""other"":0},""atlasexp-worker-w00-cpu-03-1d132d"":{""active"":0,""idle"":4,""other"":0},""atlasexp-worker-w10-gpu-large-00-fcc321"":{""active"":0,""idle"":4,""other"":0},""atlasexp-worker-w10-gpu-large-01-cacb15"":{""active"":0,""idle"":4,""other"":0},""atlasexp-worker-w20-gpu-small-00-5218d4"":{""active"":0,""idle"":4,""other"":0},""atlasexp-worker-w20-gpu-small-01-360b0e"":{""active"":0,""idle"":4,""other"":0}}"
2026-09-30T13:53:23.264989179Z,bench-mixed-w8-first-fit-ropen-t1,0.719631,,1,35,0,0.000000,1961.910000,40960,81920,0,0,4,0.500000,0,40960,"{""atlasexp-api-ceec95"":{""active"":0,""idle"":4,""other"":0},""atlasexp-scheduler-first-fit-b80245"":{""active"":0,""idle"":1,""other"":1},""atlasexp-worker-w00-cpu-00-c06922"":{""active"":0,""idle"":4,""other"":0},""atlasexp-worker-w00-cpu-01-49e970"":{""active"":0,""idle"":4,""other"":0},""atlasexp-worker-w00-cpu-02-66e48e"":{""active"":0,""idle"":4,""other"":0},""atlasexp-worker-w00-cpu-03-1d132d"":{""active"":1,""idle"":3,""other"":0},""atlasexp-worker-w10-gpu-large-00-fcc321"":{""active"":0,""idle"":4,""other"":0},""atlasexp-worker-w10-gpu-large-01-cacb15"":{""active"":0,""idle"":4,""other"":0},""atlasexp-worker-w20-gpu-small-00-5218d4"":{""active"":0,""idle"":3,""other"":1},""atlasexp-worker-w20-gpu-small-01-360b0e"":{""active"":0,""idle"":4,""other"":0}}"
2026-09-30T13:53:23.514664333Z,bench-mixed-w8-first-fit-ropen-t1,0.520677,,1,34,0,0.000000,2211.789000,32768,81920,16384,2,2,0.400000,16384,32768,"{""atlasexp-api-ceec95"":{""active"":0,""idle"":4,""other"":0},""atlasexp-scheduler-first-fit-b80245"":{""active"":1,""idle"":1,""other"":0},""atlasexp-worker-w00-cpu-00-c06922"":{""active"":0,""idle"":4,""other"":0},""atlasexp-worker-w00-cpu-01-49e970"":{""active"":0,""idle"":4,""other"":0},""atlasexp-worker-w00-cpu-02-66e48e"":{""active"":0,""idle"":3,""other"":1},""atlasexp-worker-w00-cpu-03-1d132d"":{""active"":0,""idle"":4,""other"":0},""atlasexp-worker-w10-gpu-large-00-fcc321"":{""active"":0,""idle"":3,""other"":1},""atlasexp-worker-w10-gpu-large-01-cacb15"":{""active"":0,""idle"":3,""other"":1},""atlasexp-worker-w20-gpu-small-00-5218d4"":{""active"":0,""idle"":4,""other"":0},""atlasexp-worker-w20-gpu-small-01-360b0e"":{""active"":0,""idle"":4,""other"":0}}"
2026-09-30T13:53:23.764779621Z,bench-mixed-w8-first-fit-ropen-t1,0.639705,,0,38,0,0.000000,2461.816000,40960,81920,0,0,4,0.500000,0,40960,"{""atlasexp-api-ceec95"":{""active"":0,""idle"":4,""other"":0},""atlasexp-scheduler-first-fit-b80245"":{""active"":0,""idle"":2,""other"":0},""atlasexp-worker-w00-cpu-00-c06922"":{""active"":0,""idle"":4,""other"":0},""atlasexp-worker-w00-cpu-01-49e970"":{""active"":0,""idle"":4,""other"":0},""atlasexp-worker-w00-cpu-02-66e48e"":{""active"":0,""idle"":4,""other"":0},""atlasexp-worker-w00-cpu-03-1d132d"":{""active"":0,""idle"":4,""other"":0},""atlasexp-worker-w10-gpu-large-00-fcc321"":{""active"":0,""idle"":4,""other"":0},""atlasexp-worker-w10-gpu-large-01-cacb15"":{""active"":0,""idle"":4,""other"":0},""atlasexp-worker-w20-gpu-small-00-5218d4"":{""active"":0,""idle"":4,""other"":0},""atlasexp-worker-w20-gpu-small-01-360b0e"":{""active"":0,""idle"":4,""other"":0}}"
2026-09-30T13:53:24.014926947Z,bench-mixed-w8-first-fit-ropen-t1,0.559670,,1,36,0,0.000000,1782.321000,16384,81920,49152,3,1,0.200000,16384,16384,"{""atlasexp-api-ceec95"":{""active"":0,""idle"":4,""other"":0},""atlasexp-scheduler-first-fit-b80245"":{""active"":0,""idle"":1,""other"":1},""atlasexp-worker-w00-cpu-00-c06922"":{""active"":0,""idle"":4,""other"":0},""atlasexp-worker-w00-cpu-01-49e970"":{""active"":0,""idle"":4,""other"":0},""atlasexp-worker-w00-cpu-02-66e48e"":{""active"":0,""idle"":4,""other"":0},""atlasexp-worker-w00-cpu-03-1d132d"":{""active"":0,""idle"":4,""other"":0},""atlasexp-worker-w10-gpu-large-00-fcc321"":{""active"":1,""idle"":3,""other"":0},""atlasexp-worker-w10-gpu-large-01-cacb15"":{""active"":0,""idle"":4,""other"":0},""atlasexp-worker-w20-gpu-small-00-5218d4"":{""active"":0,""idle"":4,""other"":0},""atlasexp-worker-w20-gpu-small-01-360b0e"":{""active"":0,""idle"":4,""other"":0}}"
2026-09-30T13:53:24.26529627Z,bench-mixed-w8-first-fit-ropen-t1,0.359469,,0,38,0,0.000000,2032.370000,40960,81920,0,0,4,0.500000,0,40960,"{""atlasexp-api-ceec95"":{""active"":0,""idle"":4,""other"":0},""atlasexp-scheduler-first-fit-b80245"":{""active"":0,""idle"":2,""other"":0},""atlasexp-worker-w00-cpu-00-c06922"":{""active"":0,""idle"":4,""other"":0},""atlasexp-worker-w00-cpu-01-49e970"":{""active"":0,""idle"":4,""other"":0},""atlasexp-worker-w00-cpu-02-66e48e"":{""active"":0,""idle"":4,""other"":0},""atlasexp-worker-w00-cpu-03-1d132d"":{""active"":0,""idle"":4,""other"":0},""atlasexp-worker-w10-gpu-large-00-fcc321"":{""active"":0,""idle"":4,""other"":0},""atlasexp-worker-w10-gpu-large-01-cacb15"":{""active"":0,""idle"":4,""other"":0},""atlasexp-worker-w20-gpu-small-00-5218d4"":{""active"":0,""idle"":4,""other"":0},""atlasexp-worker-w20-gpu-small-01-360b0e"":{""active"":0,""idle"":4,""other"":0}}"
2026-09-30T13:53:24.515112578Z,bench-mixed-w8-first-fit-ropen-t1,0.320235,,0,37,0,0.000000,2282.393000,36864,81920,8192,1,3,0.450000,8192,36864,"{""atlasexp-api-ceec95"":{""active"":0,""idle"":4,""other"":0},""atlasexp-scheduler-first-fit-b80245"":{""active"":0,""idle"":1,""other"":1},""atlasexp-worker-w00-cpu-00-c06922"":{""active"":0,""idle"":4,""other"":0},""atlasexp-worker-w00-cpu-01-49e970"":{""active"":0,""idle"":4,""other"":0},""atlasexp-worker-w00-cpu-02-66e48e"":{""active"":0,""idle"":4,""other"":0},""atlasexp-worker-w00-cpu-03-1d132d"":{""active"":0,""idle"":4,""other"":0},""atlasexp-worker-w10-gpu-large-00-fcc321"":{""active"":0,""idle"":4,""other"":0},""atlasexp-worker-w10-gpu-large-01-cacb15"":{""active"":0,""idle"":4,""other"":0},""atlasexp-worker-w20-gpu-small-00-5218d4"":{""active"":0,""idle"":4,""other"":0},""atlasexp-worker-w20-gpu-small-01-360b0e"":{""active"":0,""idle"":4,""other"":0}}"
2026-09-30T13:53:24.765186919Z,bench-mixed-w8-first-fit-ropen-t1,0.319905,,0,38,0,0.000000,2532.358000,40960,81920,0,0,4,0.500000,0,40960,"{""atlasexp-api-ceec95"":{""active"":0,""idle"":4,""other"":0},""atlasexp-scheduler-first-fit-b80245"":{""active"":0,""idle"":2,""other"":0},""atlasexp-worker-w00-cpu-00-c06922"":{""active"":0,""idle"":4,""other"":0},""atlasexp-worker-w00-cpu-01-49e970"":{""active"":0,""idle"":4,""other"":0},""atlasexp-worker-w00-cpu-02-66e48e"":{""active"":0,""idle"":4,""other"":0},""atlasexp-worker-w00-cpu-03-1d132d"":{""active"":0,""idle"":4,""other"":0},""atlasexp-worker-w10-gpu-large-00-fcc321"":{""active"":0,""idle"":4,""other"":0},""atlasexp-worker-w10-gpu-large-01-cacb15"":{""active"":0,""idle"":4,""other"":0},""atlasexp-worker-w20-gpu-small-00-5218d4"":{""active"":0,""idle"":4,""other"":0},""atlasexp-worker-w20-gpu-small-01-360b0e"":{""active"":0,""idle"":4,""other"":0}}"
2026-09-30T13:53:25.014656411Z,bench-mixed-w8-first-fit-ropen-t1,0.240510,,1,35,0,0.000000,2781.792000,20480,81920,16384,2,2,0.250000,16384,45056,"{""atlasexp-api-ceec95"":{""active"":0,""idle"":4,""other"":0},""atlasexp-scheduler-first-fit-b80245"":{""active"":0,""idle"":1,""other"":1},""atlasexp-worker-w00-cpu-00-c06922"":{""active"":0,""idle"":4,""other"":0},""atlasexp-worker-w00-cpu-01-49e970"":{""active"":0,""idle"":4,""other"":0},""atlasexp-worker-w00-cpu-02-66e48e"":{""active"":0,""idle"":4,""other"":0},""atlasexp-worker-w00-cpu-03-1d132d"":{""active"":0,""idle"":4,""other"":0},""atlasexp-worker-w10-gpu-large-00-fcc321"":{""active"":1,""idle"":2,""other"":1},""atlasexp-worker-w10-gpu-large-01-cacb15"":{""active"":0,""idle"":4,""other"":0},""atlasexp-worker-w20-gpu-small-00-5218d4"":{""active"":0,""idle"":4,""other"":0},""atlasexp-worker-w20-gpu-small-01-360b0e"":{""active"":0,""idle"":4,""other"":0}}"
2026-09-30T13:53:25.264911168Z,bench-mixed-w8-first-fit-ropen-t1,0.319674,,0,36,0,0.000000,3032.067000,12288,81920,8192,1,3,0.150000,8192,61440,"{""atlasexp-api-ceec95"":{""active"":0,""idle"":4,""other"":0},""atlasexp-scheduler-first-fit-b80245"":{""active"":0,""idle"":2,""other"":0},""atlasexp-worker-w00-cpu-00-c06922"":{""active"":0,""idle"":4,""other"":0},""atlasexp-worker-w00-cpu-01-49e970"":{""active"":0,""idle"":4,""other"":0},""atlasexp-worker-w00-cpu-02-66e48e"":{""active"":0,""idle"":4,""other"":0},""atlasexp-worker-w00-cpu-03-1d132d"":{""active"":0,""idle"":3,""other"":1},""atlasexp-worker-w10-gpu-large-00-fcc321"":{""active"":0,""idle"":4,""other"":0},""atlasexp-worker-w10-gpu-large-01-cacb15"":{""active"":0,""idle"":3,""other"":1},""atlasexp-worker-w20-gpu-small-00-5218d4"":{""active"":0,""idle"":4,""other"":0},""atlasexp-worker-w20-gpu-small-01-360b0e"":{""active"":0,""idle"":4,""other"":0}}"
2026-09-30T13:53:25.514458455Z,bench-mixed-w8-first-fit-ropen-t2,0.440798,,5,32,3,0.600000,111.394000,0,81920,81920,4,0,0.000000,16384,0,"{""atlasexp-api-ceec95"":{""active"":4,""idle"":0,""other"":0},""atlasexp-scheduler-first-fit-b80245"":{""active"":1,""idle"":1,""other"":0},""atlasexp-worker-w00-cpu-00-c06922"":{""active"":0,""idle"":4,""other"":0},""atlasexp-worker-w00-cpu-01-49e970"":{""active"":0,""idle"":4,""other"":0},""atlasexp-worker-w00-cpu-02-66e48e"":{""active"":0,""idle"":4,""other"":0},""atlasexp-worker-w00-cpu-03-1d132d"":{""active"":0,""idle"":3,""other"":1},""atlasexp-worker-w10-gpu-large-00-fcc321"":{""active"":0,""idle"":4,""other"":0},""atlasexp-worker-w10-gpu-large-01-cacb15"":{""active"":0,""idle"":4,""other"":0},""atlasexp-worker-w20-gpu-small-00-5218d4"":{""active"":0,""idle"":4,""other"":0},""atlasexp-worker-w20-gpu-small-01-360b0e"":{""active"":0,""idle"":4,""other"":0}}"
2026-09-30T13:53:25.764548203Z,bench-mixed-w8-first-fit-ropen-t2,0.479828,,5,33,4,0.800000,261.565000,0,81920,81920,4,0,0.000000,16384,0,"{""atlasexp-api-ceec95"":{""active"":4,""idle"":0,""other"":0},""atlasexp-scheduler-first-fit-b80245"":{""active"":1,""idle"":1,""other"":0},""atlasexp-worker-w00-cpu-00-c06922"":{""active"":0,""idle"":4,""other"":0},""atlasexp-worker-w00-cpu-01-49e970"":{""active"":0,""idle"":4,""other"":0},""atlasexp-worker-w00-cpu-02-66e48e"":{""active"":0,""idle"":4,""other"":0},""atlasexp-worker-w00-cpu-03-1d132d"":{""active"":0,""idle"":4,""other"":0},""atlasexp-worker-w10-gpu-large-00-fcc321"":{""active"":0,""idle"":4,""other"":0},""atlasexp-worker-w10-gpu-large-01-cacb15"":{""active"":0,""idle"":4,""other"":0},""atlasexp-worker-w20-gpu-small-00-5218d4"":{""active"":0,""idle"":4,""other"":0},""atlasexp-worker-w20-gpu-small-01-360b0e"":{""active"":0,""idle"":4,""other"":0}}"
2026-09-30T13:53:26.014812791Z,bench-mixed-w8-first-fit-ropen-t2,0.399577,,5,33,4,0.800000,512.042000,0,81920,81920,4,0,0.000000,16384,0,"{""atlasexp-api-ceec95"":{""active"":4,""idle"":0,""other"":0},""atlasexp-scheduler-first-fit-b80245"":{""active"":1,""idle"":1,""other"":0},""atlasexp-worker-w00-cpu-00-c06922"":{""active"":0,""idle"":4,""other"":0},""atlasexp-worker-w00-cpu-01-49e970"":{""active"":0,""idle"":4,""other"":0},""atlasexp-worker-w00-cpu-02-66e48e"":{""active"":0,""idle"":4,""other"":0},""atlasexp-worker-w00-cpu-03-1d132d"":{""active"":0,""idle"":4,""other"":0},""atlasexp-worker-w10-gpu-large-00-fcc321"":{""active"":0,""idle"":4,""other"":0},""atlasexp-worker-w10-gpu-large-01-cacb15"":{""active"":0,""idle"":4,""other"":0},""atlasexp-worker-w20-gpu-small-00-5218d4"":{""active"":0,""idle"":4,""other"":0},""atlasexp-worker-w20-gpu-small-01-360b0e"":{""active"":0,""idle"":4,""other"":0}}"
2026-09-30T13:53:26.265154317Z,bench-mixed-w8-first-fit-ropen-t2,0.599181,,5,32,3,0.600000,762.213000,24576,81920,32768,1,3,0.300000,0,24576,"{""atlasexp-api-ceec95"":{""active"":4,""idle"":0,""other"":0},""atlasexp-scheduler-first-fit-b80245"":{""active"":0,""idle"":1,""other"":1},""atlasexp-worker-w00-cpu-00-c06922"":{""active"":0,""idle"":4,""other"":0},""atlasexp-worker-w00-cpu-01-49e970"":{""active"":0,""idle"":4,""other"":0},""atlasexp-worker-w00-cpu-02-66e48e"":{""active"":0,""idle"":4,""other"":0},""atlasexp-worker-w00-cpu-03-1d132d"":{""active"":0,""idle"":4,""other"":0},""atlasexp-worker-w10-gpu-large-00-fcc321"":{""active"":1,""idle"":3,""other"":0},""atlasexp-worker-w10-gpu-large-01-cacb15"":{""active"":0,""idle"":4,""other"":0},""atlasexp-worker-w20-gpu-small-00-5218d4"":{""active"":0,""idle"":4,""other"":0},""atlasexp-worker-w20-gpu-small-01-360b0e"":{""active"":0,""idle"":4,""other"":0}}"
2026-09-30T13:53:26.515475705Z,bench-mixed-w8-first-fit-ropen-t2,0.559281,,1,37,0,0.000000,1012.589000,0,81920,81920,4,0,0.000000,16384,0,"{""atlasexp-api-ceec95"":{""active"":0,""idle"":4,""other"":0},""atlasexp-scheduler-first-fit-b80245"":{""active"":1,""idle"":1,""other"":0},""atlasexp-worker-w00-cpu-00-c06922"":{""active"":0,""idle"":4,""other"":0},""atlasexp-worker-w00-cpu-01-49e970"":{""active"":0,""idle"":4,""other"":0},""atlasexp-worker-w00-cpu-02-66e48e"":{""active"":0,""idle"":4,""other"":0},""atlasexp-worker-w00-cpu-03-1d132d"":{""active"":0,""idle"":4,""other"":0},""atlasexp-worker-w10-gpu-large-00-fcc321"":{""active"":0,""idle"":4,""other"":0},""atlasexp-worker-w10-gpu-large-01-cacb15"":{""active"":0,""idle"":4,""other"":0},""atlasexp-worker-w20-gpu-small-00-5218d4"":{""active"":0,""idle"":4,""other"":0},""atlasexp-worker-w20-gpu-small-01-360b0e"":{""active"":0,""idle"":4,""other"":0}}"
2026-09-30T13:53:26.765310363Z,bench-mixed-w8-first-fit-ropen-t2,0.200132,,0,37,0,0.000000,1262.464000,0,81920,81920,4,0,0.000000,16384,0,"{""atlasexp-api-ceec95"":{""active"":0,""idle"":4,""other"":0},""atlasexp-scheduler-first-fit-b80245"":{""active"":0,""idle"":1,""other"":1},""atlasexp-worker-w00-cpu-00-c06922"":{""active"":0,""idle"":4,""other"":0},""atlasexp-worker-w00-cpu-01-49e970"":{""active"":0,""idle"":4,""other"":0},""atlasexp-worker-w00-cpu-02-66e48e"":{""active"":0,""idle"":4,""other"":0},""atlasexp-worker-w00-cpu-03-1d132d"":{""active"":0,""idle"":4,""other"":0},""atlasexp-worker-w10-gpu-large-00-fcc321"":{""active"":0,""idle"":4,""other"":0},""atlasexp-worker-w10-gpu-large-01-cacb15"":{""active"":0,""idle"":4,""other"":0},""atlasexp-worker-w20-gpu-small-00-5218d4"":{""active"":0,""idle"":4,""other"":0},""atlasexp-worker-w20-gpu-small-01-360b0e"":{""active"":0,""idle"":4,""other"":0}}"
2026-09-30T13:53:27.014514162Z,bench-mixed-w8-first-fit-ropen-t2,0.441406,,0,38,0,0.000000,1511.645000,0,81920,81920,4,0,0.000000,16384,0,"{""atlasexp-api-ceec95"":{""active"":0,""idle"":4,""other"":0},""atlasexp-scheduler-first-fit-b80245"":{""active"":0,""idle"":2,""other"":0},""atlasexp-worker-w00-cpu-00-c06922"":{""active"":0,""idle"":4,""other"":0},""atlasexp-worker-w00-cpu-01-49e970"":{""active"":0,""idle"":4,""other"":0},""atlasexp-worker-w00-cpu-02-66e48e"":{""active"":0,""idle"":4,""other"":0},""atlasexp-worker-w00-cpu-03-1d132d"":{""active"":0,""idle"":4,""other"":0},""atlasexp-worker-w10-gpu-large-00-fcc321"":{""active"":0,""idle"":4,""other"":0},""atlasexp-worker-w10-gpu-large-01-cacb15"":{""active"":0,""idle"":4,""other"":0},""atlasexp-worker-w20-gpu-small-00-5218d4"":{""active"":0,""idle"":4,""other"":0},""atlasexp-worker-w20-gpu-small-01-360b0e"":{""active"":0,""idle"":4,""other"":0}}"
2026-09-30T13:53:27.265064898Z,bench-mixed-w8-first-fit-ropen-t2,0.359209,,1,36,0,0.000000,1762.224000,0,81920,81920,4,0,0.000000,16384,0,"{""atlasexp-api-ceec95"":{""active"":0,""idle"":4,""other"":0},""atlasexp-scheduler-first-fit-b80245"":{""active"":1,""idle"":1,""other"":0},""atlasexp-worker-w00-cpu-00-c06922"":{""active"":0,""idle"":4,""other"":0},""atlasexp-worker-w00-cpu-01-49e970"":{""active"":0,""idle"":4,""other"":0},""atlasexp-worker-w00-cpu-02-66e48e"":{""active"":0,""idle"":4,""other"":0},""atlasexp-worker-w00-cpu-03-1d132d"":{""active"":0,""idle"":4,""other"":0},""atlasexp-worker-w10-gpu-large-00-fcc321"":{""active"":0,""idle"":4,""other"":0},""atlasexp-worker-w10-gpu-large-01-cacb15"":{""active"":0,""idle"":3,""other"":1},""atlasexp-worker-w20-gpu-small-00-5218d4"":{""active"":0,""idle"":4,""other"":0},""atlasexp-worker-w20-gpu-small-01-360b0e"":{""active"":0,""idle"":4,""other"":0}}"
2026-09-30T13:53:27.514990778Z,bench-mixed-w8-first-fit-ropen-t2,0.280083,,1,36,0,0.000000,2012.037000,0,81920,81920,4,0,0.000000,16384,0,"{""atlasexp-api-ceec95"":{""active"":0,""idle"":4,""other"":0},""atlasexp-scheduler-first-fit-b80245"":{""active"":1,""idle"":1,""other"":0},""atlasexp-worker-w00-cpu-00-c06922"":{""active"":0,""idle"":4,""other"":0},""atlasexp-worker-w00-cpu-01-49e970"":{""active"":0,""idle"":4,""other"":0},""atlasexp-worker-w00-cpu-02-66e48e"":{""active"":0,""idle"":3,""other"":1},""atlasexp-worker-w00-cpu-03-1d132d"":{""active"":0,""idle"":4,""other"":0},""atlasexp-worker-w10-gpu-large-00-fcc321"":{""active"":0,""idle"":4,""other"":0},""atlasexp-worker-w10-gpu-large-01-cacb15"":{""active"":0,""idle"":4,""other"":0},""atlasexp-worker-w20-gpu-small-00-5218d4"":{""active"":0,""idle"":4,""other"":0},""atlasexp-worker-w20-gpu-small-01-360b0e"":{""active"":0,""idle"":4,""other"":0}}"
2026-09-30T13:53:27.765152397Z,bench-mixed-w8-first-fit-ropen-t2,0.319793,,3,33,0,0.000000,2262.141000,28672,81920,0,0,4,0.350000,0,53248,"{""atlasexp-api-ceec95"":{""active"":0,""idle"":4,""other"":0},""atlasexp-scheduler-first-fit-b80245"":{""active"":1,""idle"":1,""other"":0},""atlasexp-worker-w00-cpu-00-c06922"":{""active"":0,""idle"":4,""other"":0},""atlasexp-worker-w00-cpu-01-49e970"":{""active"":0,""idle"":4,""other"":0},""atlasexp-worker-w00-cpu-02-66e48e"":{""active"":0,""idle"":4,""other"":0},""atlasexp-worker-w00-cpu-03-1d132d"":{""active"":0,""idle"":3,""other"":1},""atlasexp-worker-w10-gpu-large-00-fcc321"":{""active"":0,""idle"":4,""other"":0},""atlasexp-worker-w10-gpu-large-01-cacb15"":{""active"":1,""idle"":3,""other"":0},""atlasexp-worker-w20-gpu-small-00-5218d4"":{""active"":0,""idle"":3,""other"":1},""atlasexp-worker-w20-gpu-small-01-360b0e"":{""active"":1,""idle"":3,""other"":0}}"
2026-09-30T13:53:28.015101991Z,bench-mixed-w8-first-fit-ropen-t2,0.520105,,1,36,0,0.000000,2512.372000,0,81920,81920,4,0,0.000000,16384,0,"{""atlasexp-api-ceec95"":{""active"":0,""idle"":4,""other"":0},""atlasexp-scheduler-first-fit-b80245"":{""active"":1,""idle"":1,""other"":0},""atlasexp-worker-w00-cpu-00-c06922"":{""active"":0,""idle"":3,""other"":1},""atlasexp-worker-w00-cpu-01-49e970"":{""active"":0,""idle"":4,""other"":0},""atlasexp-worker-w00-cpu-02-66e48e"":{""active"":0,""idle"":4,""other"":0},""atlasexp-worker-w00-cpu-03-1d132d"":{""active"":0,""idle"":4,""other"":0},""atlasexp-worker-w10-gpu-large-00-fcc321"":{""active"":0,""idle"":4,""other"":0},""atlasexp-worker-w10-gpu-large-01-cacb15"":{""active"":0,""idle"":4,""other"":0},""atlasexp-worker-w20-gpu-small-00-5218d4"":{""active"":0,""idle"":4,""other"":0},""atlasexp-worker-w20-gpu-small-01-360b0e"":{""active"":0,""idle"":4,""other"":0}}"
2026-09-30T13:53:28.264833696Z,bench-mixed-w8-first-fit-ropen-t2,0.520559,,1,35,0,0.000000,1920.782000,16384,81920,0,0,4,0.200000,0,65536,"{""atlasexp-api-ceec95"":{""active"":0,""idle"":4,""other"":0},""atlasexp-scheduler-first-fit-b80245"":{""active"":0,""idle"":1,""other"":1},""atlasexp-worker-w00-cpu-00-c06922"":{""active"":0,""idle"":4,""other"":0},""atlasexp-worker-w00-cpu-01-49e970"":{""active"":0,""idle"":4,""other"":0},""atlasexp-worker-w00-cpu-02-66e48e"":{""active"":0,""idle"":4,""other"":0},""atlasexp-worker-w00-cpu-03-1d132d"":{""active"":0,""idle"":4,""other"":0},""atlasexp-worker-w10-gpu-large-00-fcc321"":{""active"":1,""idle"":3,""other"":0},""atlasexp-worker-w10-gpu-large-01-cacb15"":{""active"":0,""idle"":4,""other"":0},""atlasexp-worker-w20-gpu-small-00-5218d4"":{""active"":0,""idle"":4,""other"":0},""atlasexp-worker-w20-gpu-small-01-360b0e"":{""active"":0,""idle"":3,""other"":1}}"
2026-09-30T13:53:28.514989184Z,bench-mixed-w8-first-fit-ropen-t2,0.439727,,3,33,0,0.000000,2170.978000,20480,81920,40960,2,2,0.250000,8192,20480,"{""atlasexp-api-ceec95"":{""active"":0,""idle"":4,""other"":0},""atlasexp-scheduler-first-fit-b80245"":{""active"":0,""idle"":1,""other"":1},""atlasexp-worker-w00-cpu-00-c06922"":{""active"":0,""idle"":3,""other"":1},""atlasexp-worker-w00-cpu-01-49e970"":{""active"":0,""idle"":4,""other"":0},""atlasexp-worker-w00-cpu-02-66e48e"":{""active"":0,""idle"":4,""other"":0},""atlasexp-worker-w00-cpu-03-1d132d"":{""active"":1,""idle"":3,""other"":0},""atlasexp-worker-w10-gpu-large-00-fcc321"":{""active"":0,""idle"":4,""other"":0},""atlasexp-worker-w10-gpu-large-01-cacb15"":{""active"":0,""idle"":4,""other"":0},""atlasexp-worker-w20-gpu-small-00-5218d4"":{""active"":1,""idle"":3,""other"":0},""atlasexp-worker-w20-gpu-small-01-360b0e"":{""active"":1,""idle"":3,""other"":0}}"
2026-09-30T13:53:28.765245927Z,bench-mixed-w8-first-fit-ropen-t2,0.559425,,7,28,1,0.142857,2421.601000,28672,81920,0,0,4,0.350000,0,53248,"{""atlasexp-api-ceec95"":{""active"":0,""idle"":4,""other"":0},""atlasexp-scheduler-first-fit-b80245"":{""active"":0,""idle"":1,""other"":1},""atlasexp-worker-w00-cpu-00-c06922"":{""active"":0,""idle"":4,""other"":0},""atlasexp-worker-w00-cpu-01-49e970"":{""active"":2,""idle"":2,""other"":0},""atlasexp-worker-w00-cpu-02-66e48e"":{""active"":1,""idle"":3,""other"":0},""atlasexp-worker-w00-cpu-03-1d132d"":{""active"":0,""idle"":3,""other"":1},""atlasexp-worker-w10-gpu-large-00-fcc321"":{""active"":2,""idle"":1,""other"":1},""atlasexp-worker-w10-gpu-large-01-cacb15"":{""active"":0,""idle"":4,""other"":0},""atlasexp-worker-w20-gpu-small-00-5218d4"":{""active"":1,""idle"":3,""other"":0},""atlasexp-worker-w20-gpu-small-01-360b0e"":{""active"":1,""idle"":3,""other"":0}}"
2026-09-30T13:53:29.015509901Z,bench-mixed-w8-first-fit-ropen-t2,0.479494,,3,33,0,0.000000,2671.696000,20480,81920,40960,2,2,0.250000,8192,20480,"{""atlasexp-api-ceec95"":{""active"":0,""idle"":4,""other"":0},""atlasexp-scheduler-first-fit-b80245"":{""active"":0,""idle"":1,""other"":1},""atlasexp-worker-w00-cpu-00-c06922"":{""active"":0,""idle"":4,""other"":0},""atlasexp-worker-w00-cpu-01-49e970"":{""active"":0,""idle"":3,""other"":1},""atlasexp-worker-w00-cpu-02-66e48e"":{""active"":0,""idle"":4,""other"":0},""atlasexp-worker-w00-cpu-03-1d132d"":{""active"":1,""idle"":3,""other"":0},""atlasexp-worker-w10-gpu-large-00-fcc321"":{""active"":1,""idle"":3,""other"":0},""atlasexp-worker-w10-gpu-large-01-cacb15"":{""active"":0,""idle"":4,""other"":0},""atlasexp-worker-w20-gpu-small-00-5218d4"":{""active"":1,""idle"":3,""other"":0},""atlasexp-worker-w20-gpu-small-01-360b0e"":{""active"":0,""idle"":4,""other"":0}}"
2026-09-30T13:53:29.264717467Z,bench-mixed-w8-first-fit-ropen-t2,0.361145,,0,37,0,0.000000,2920.735000,4096,81920,73728,3,1,0.050000,8192,4096,"{""atlasexp-api-ceec95"":{""active"":0,""idle"":4,""other"":0},""atlasexp-scheduler-first-fit-b80245"":{""active"":0,""idle"":2,""other"":0},""atlasexp-worker-w00-cpu-00-c06922"":{""active"":0,""idle"":3,""other"":1},""atlasexp-worker-w00-cpu-01-49e970"":{""active"":0,""idle"":4,""other"":0},""atlasexp-worker-w00-cpu-02-66e48e"":{""active"":0,""idle"":4,""other"":0},""atlasexp-worker-w00-cpu-03-1d132d"":{""active"":0,""idle"":4,""other"":0},""atlasexp-worker-w10-gpu-large-00-fcc321"":{""active"":0,""idle"":4,""other"":0},""atlasexp-worker-w10-gpu-large-01-cacb15"":{""active"":0,""idle"":4,""other"":0},""atlasexp-worker-w20-gpu-small-00-5218d4"":{""active"":0,""idle"":4,""other"":0},""atlasexp-worker-w20-gpu-small-01-360b0e"":{""active"":0,""idle"":4,""other"":0}}"
2026-09-30T13:53:29.515378129Z,bench-mixed-w8-first-fit-ropen-t2,0.279262,,1,36,0,0.000000,3171.339000,20480,81920,40960,2,2,0.250000,8192,20480,"{""atlasexp-api-ceec95"":{""active"":0,""idle"":4,""other"":0},""atlasexp-scheduler-first-fit-b80245"":{""active"":1,""idle"":1,""other"":0},""atlasexp-worker-w00-cpu-00-c06922"":{""active"":0,""idle"":4,""other"":0},""atlasexp-worker-w00-cpu-01-49e970"":{""active"":0,""idle"":4,""other"":0},""atlasexp-worker-w00-cpu-02-66e48e"":{""active"":0,""idle"":4,""other"":0},""atlasexp-worker-w00-cpu-03-1d132d"":{""active"":0,""idle"":4,""other"":0},""atlasexp-worker-w10-gpu-large-00-fcc321"":{""active"":0,""idle"":3,""other"":1},""atlasexp-worker-w10-gpu-large-01-cacb15"":{""active"":0,""idle"":4,""other"":0},""atlasexp-worker-w20-gpu-small-00-5218d4"":{""active"":0,""idle"":4,""other"":0},""atlasexp-worker-w20-gpu-small-01-360b0e"":{""active"":0,""idle"":4,""other"":0}}"
2026-09-30T13:53:29.765398645Z,bench-mixed-w8-first-fit-ropen-t2,0.439964,,1,36,0,0.000000,3421.319000,16384,81920,49152,3,1,0.200000,16384,16384,"{""atlasexp-api-ceec95"":{""active"":0,""idle"":4,""other"":0},""atlasexp-scheduler-first-fit-b80245"":{""active"":0,""idle"":2,""other"":0},""atlasexp-worker-w00-cpu-00-c06922"":{""active"":0,""idle"":4,""other"":0},""atlasexp-worker-w00-cpu-01-49e970"":{""active"":0,""idle"":4,""other"":0},""atlasexp-worker-w00-cpu-02-66e48e"":{""active"":0,""idle"":4,""other"":0},""atlasexp-worker-w00-cpu-03-1d132d"":{""active"":0,""idle"":3,""other"":1},""atlasexp-worker-w10-gpu-large-00-fcc321"":{""active"":1,""idle"":3,""other"":0},""atlasexp-worker-w10-gpu-large-01-cacb15"":{""active"":0,""idle"":4,""other"":0},""atlasexp-worker-w20-gpu-small-00-5218d4"":{""active"":0,""idle"":4,""other"":0},""atlasexp-worker-w20-gpu-small-01-360b0e"":{""active"":0,""idle"":4,""other"":0}}"
2026-09-30T13:53:30.015440041Z,bench-mixed-w8-first-fit-ropen-t2,0.239960,,1,37,0,0.000000,3671.430000,4096,81920,49152,3,1,0.050000,16384,28672,"{""atlasexp-api-ceec95"":{""active"":0,""idle"":4,""other"":0},""atlasexp-scheduler-first-fit-b80245"":{""active"":1,""idle"":1,""other"":0},""atlasexp-worker-w00-cpu-00-c06922"":{""active"":0,""idle"":4,""other"":0},""atlasexp-worker-w00-cpu-01-49e970"":{""active"":0,""idle"":4,""other"":0},""atlasexp-worker-w00-cpu-02-66e48e"":{""active"":0,""idle"":4,""other"":0},""atlasexp-worker-w00-cpu-03-1d132d"":{""active"":0,""idle"":4,""other"":0},""atlasexp-worker-w10-gpu-large-00-fcc321"":{""active"":0,""idle"":4,""other"":0},""atlasexp-worker-w10-gpu-large-01-cacb15"":{""active"":0,""idle"":4,""other"":0},""atlasexp-worker-w20-gpu-small-00-5218d4"":{""active"":0,""idle"":4,""other"":0},""atlasexp-worker-w20-gpu-small-01-360b0e"":{""active"":0,""idle"":4,""other"":0}}"
2026-09-30T13:53:30.264664508Z,bench-mixed-w8-first-fit-ropen-t2,0.280871,,0,37,0,0.000000,3920.903000,24576,81920,32768,1,3,0.300000,0,24576,"{""atlasexp-api-ceec95"":{""active"":0,""idle"":4,""other"":0},""atlasexp-scheduler-first-fit-b80245"":{""active"":0,""idle"":2,""other"":0},""atlasexp-worker-w00-cpu-00-c06922"":{""active"":0,""idle"":3,""other"":1},""atlasexp-worker-w00-cpu-01-49e970"":{""active"":0,""idle"":4,""other"":0},""atlasexp-worker-w00-cpu-02-66e48e"":{""active"":0,""idle"":4,""other"":0},""atlasexp-worker-w00-cpu-03-1d132d"":{""active"":0,""idle"":4,""other"":0},""atlasexp-worker-w10-gpu-large-00-fcc321"":{""active"":0,""idle"":4,""other"":0},""atlasexp-worker-w10-gpu-large-01-cacb15"":{""active"":0,""idle"":4,""other"":0},""atlasexp-worker-w20-gpu-small-00-5218d4"":{""active"":0,""idle"":4,""other"":0},""atlasexp-worker-w20-gpu-small-01-360b0e"":{""active"":0,""idle"":4,""other"":0}}"
2026-09-30T13:53:30.515182814Z,bench-mixed-w8-first-fit-ropen-t2,0.439090,,1,37,0,0.000000,4171.156000,16384,81920,49152,3,1,0.200000,16384,16384,"{""atlasexp-api-ceec95"":{""active"":0,""idle"":4,""other"":0},""atlasexp-scheduler-first-fit-b80245"":{""active"":1,""idle"":1,""other"":0},""atlasexp-worker-w00-cpu-00-c06922"":{""active"":0,""idle"":4,""other"":0},""atlasexp-worker-w00-cpu-01-49e970"":{""active"":0,""idle"":4,""other"":0},""atlasexp-worker-w00-cpu-02-66e48e"":{""active"":0,""idle"":4,""other"":0},""atlasexp-worker-w00-cpu-03-1d132d"":{""active"":0,""idle"":4,""other"":0},""atlasexp-worker-w10-gpu-large-00-fcc321"":{""active"":0,""idle"":4,""other"":0},""atlasexp-worker-w10-gpu-large-01-cacb15"":{""active"":0,""idle"":4,""other"":0},""atlasexp-worker-w20-gpu-small-00-5218d4"":{""active"":0,""idle"":4,""other"":0},""atlasexp-worker-w20-gpu-small-01-360b0e"":{""active"":0,""idle"":4,""other"":0}}"
2026-09-30T13:53:30.764696683Z,bench-mixed-w8-first-fit-ropen-t2,0.240468,,0,36,0,0.000000,2867.882000,16384,81920,49152,3,1,0.200000,16384,16384,"{""atlasexp-api-ceec95"":{""active"":0,""idle"":4,""other"":0},""atlasexp-scheduler-first-fit-b80245"":{""active"":0,""idle"":2,""other"":0},""atlasexp-worker-w00-cpu-00-c06922"":{""active"":0,""idle"":4,""other"":0},""atlasexp-worker-w00-cpu-01-49e970"":{""active"":0,""idle"":4,""other"":0},""atlasexp-worker-w00-cpu-02-66e48e"":{""active"":0,""idle"":4,""other"":0},""atlasexp-worker-w00-cpu-03-1d132d"":{""active"":0,""idle"":4,""other"":0},""atlasexp-worker-w10-gpu-large-00-fcc321"":{""active"":0,""idle"":4,""other"":0},""atlasexp-worker-w10-gpu-large-01-cacb15"":{""active"":0,""idle"":4,""other"":0},""atlasexp-worker-w20-gpu-small-00-5218d4"":{""active"":0,""idle"":2,""other"":2},""atlasexp-worker-w20-gpu-small-01-360b0e"":{""active"":0,""idle"":4,""other"":0}}"
2026-09-30T13:53:31.014887106Z,bench-mixed-w8-first-fit-ropen-t3,0.279787,,4,32,3,0.750000,,0,81920,81920,4,0,0.000000,16384,0,"{""atlasexp-api-ceec95"":{""active"":3,""idle"":1,""other"":0},""atlasexp-scheduler-first-fit-b80245"":{""active"":1,""idle"":1,""other"":0},""atlasexp-worker-w00-cpu-00-c06922"":{""active"":0,""idle"":3,""other"":1},""atlasexp-worker-w00-cpu-01-49e970"":{""active"":0,""idle"":4,""other"":0},""atlasexp-worker-w00-cpu-02-66e48e"":{""active"":0,""idle"":4,""other"":0},""atlasexp-worker-w00-cpu-03-1d132d"":{""active"":0,""idle"":3,""other"":1},""atlasexp-worker-w10-gpu-large-00-fcc321"":{""active"":0,""idle"":4,""other"":0},""atlasexp-worker-w10-gpu-large-01-cacb15"":{""active"":0,""idle"":4,""other"":0},""atlasexp-worker-w20-gpu-small-00-5218d4"":{""active"":0,""idle"":4,""other"":0},""atlasexp-worker-w20-gpu-small-01-360b0e"":{""active"":0,""idle"":4,""other"":0}}"
2026-09-30T13:53:31.264448182Z,bench-mixed-w8-first-fit-ropen-t3,0.520915,,4,33,3,0.750000,261.055000,4096,81920,49152,3,1,0.050000,16384,28672,"{""atlasexp-api-ceec95"":{""active"":4,""idle"":0,""other"":0},""atlasexp-scheduler-first-fit-b80245"":{""active"":0,""idle"":1,""other"":1},""atlasexp-worker-w00-cpu-00-c06922"":{""active"":0,""idle"":4,""other"":0},""atlasexp-worker-w00-cpu-01-49e970"":{""active"":0,""idle"":4,""other"":0},""atlasexp-worker-w00-cpu-02-66e48e"":{""active"":0,""idle"":4,""other"":0},""atlasexp-worker-w00-cpu-03-1d132d"":{""active"":0,""idle"":4,""other"":0},""atlasexp-worker-w10-gpu-large-00-fcc321"":{""active"":0,""idle"":4,""other"":0},""atlasexp-worker-w10-gpu-large-01-cacb15"":{""active"":0,""idle"":4,""other"":0},""atlasexp-worker-w20-gpu-small-00-5218d4"":{""active"":0,""idle"":4,""other"":0},""atlasexp-worker-w20-gpu-small-01-360b0e"":{""active"":0,""idle"":4,""other"":0}}"
2026-09-30T13:53:31.515437769Z,bench-mixed-w8-first-fit-ropen-t3,0.398423,,5,33,3,0.600000,512.199000,0,81920,81920,4,0,0.000000,16384,0,"{""atlasexp-api-ceec95"":{""active"":4,""idle"":0,""other"":0},""atlasexp-scheduler-first-fit-b80245"":{""active"":1,""idle"":1,""other"":0},""atlasexp-worker-w00-cpu-00-c06922"":{""active"":0,""idle"":4,""other"":0},""atlasexp-worker-w00-cpu-01-49e970"":{""active"":0,""idle"":4,""other"":0},""atlasexp-worker-w00-cpu-02-66e48e"":{""active"":0,""idle"":4,""other"":0},""atlasexp-worker-w00-cpu-03-1d132d"":{""active"":0,""idle"":4,""other"":0},""atlasexp-worker-w10-gpu-large-00-fcc321"":{""active"":0,""idle"":4,""other"":0},""atlasexp-worker-w10-gpu-large-01-cacb15"":{""active"":0,""idle"":4,""other"":0},""atlasexp-worker-w20-gpu-small-00-5218d4"":{""active"":0,""idle"":4,""other"":0},""atlasexp-worker-w20-gpu-small-01-360b0e"":{""active"":0,""idle"":4,""other"":0}}"
2026-09-30T13:53:31.76541868Z,bench-mixed-w8-first-fit-ropen-t3,0.440034,,3,33,3,1.000000,762.294000,0,81920,81920,4,0,0.000000,16384,0,"{""atlasexp-api-ceec95"":{""active"":3,""idle"":0,""other"":1},""atlasexp-scheduler-first-fit-b80245"":{""active"":0,""idle"":2,""other"":0},""atlasexp-worker-w00-cpu-00-c06922"":{""active"":0,""idle"":3,""other"":1},""atlasexp-worker-w00-cpu-01-49e970"":{""active"":0,""idle"":4,""other"":0},""atlasexp-worker-w00-cpu-02-66e48e"":{""active"":0,""idle"":4,""other"":0},""atlasexp-worker-w00-cpu-03-1d132d"":{""active"":0,""idle"":4,""other"":0},""atlasexp-worker-w10-gpu-large-00-fcc321"":{""active"":0,""idle"":4,""other"":0},""atlasexp-worker-w10-gpu-large-01-cacb15"":{""active"":0,""idle"":4,""other"":0},""atlasexp-worker-w20-gpu-small-00-5218d4"":{""active"":0,""idle"":4,""other"":0},""atlasexp-worker-w20-gpu-small-01-360b0e"":{""active"":0,""idle"":4,""other"":0}}"
2026-09-30T13:53:32.014980869Z,bench-mixed-w8-first-fit-ropen-t3,0.320561,,4,34,3,0.750000,1011.620000,0,81920,81920,4,0,0.000000,16384,0,"{""atlasexp-api-ceec95"":{""active"":4,""idle"":0,""other"":0},""atlasexp-scheduler-first-fit-b80245"":{""active"":0,""idle"":2,""other"":0},""atlasexp-worker-w00-cpu-00-c06922"":{""active"":0,""idle"":4,""other"":0},""atlasexp-worker-w00-cpu-01-49e970"":{""active"":0,""idle"":4,""other"":0},""atlasexp-worker-w00-cpu-02-66e48e"":{""active"":0,""idle"":4,""other"":0},""atlasexp-worker-w00-cpu-03-1d132d"":{""active"":0,""idle"":4,""other"":0},""atlasexp-worker-w10-gpu-large-00-fcc321"":{""active"":0,""idle"":4,""other"":0},""atlasexp-worker-w10-gpu-large-01-cacb15"":{""active"":0,""idle"":4,""other"":0},""atlasexp-worker-w20-gpu-small-00-5218d4"":{""active"":0,""idle"":4,""other"":0},""atlasexp-worker-w20-gpu-small-01-360b0e"":{""active"":0,""idle"":4,""other"":0}}"
2026-09-30T13:53:32.264483178Z,bench-mixed-w8-first-fit-ropen-t3,0.440878,,5,33,4,0.800000,1261.148000,0,81920,81920,4,0,0.000000,16384,0,"{""atlasexp-api-ceec95"":{""active"":4,""idle"":0,""other"":0},""atlasexp-scheduler-first-fit-b80245"":{""active"":1,""idle"":1,""other"":0},""atlasexp-worker-w00-cpu-00-c06922"":{""active"":0,""idle"":4,""other"":0},""atlasexp-worker-w00-cpu-01-49e970"":{""active"":0,""idle"":4,""other"":0},""atlasexp-worker-w00-cpu-02-66e48e"":{""active"":0,""idle"":4,""other"":0},""atlasexp-worker-w00-cpu-03-1d132d"":{""active"":0,""idle"":4,""other"":0},""atlasexp-worker-w10-gpu-large-00-fcc321"":{""active"":0,""idle"":4,""other"":0},""atlasexp-worker-w10-gpu-large-01-cacb15"":{""active"":0,""idle"":4,""other"":0},""atlasexp-worker-w20-gpu-small-00-5218d4"":{""active"":0,""idle"":4,""other"":0},""atlasexp-worker-w20-gpu-small-01-360b0e"":{""active"":0,""idle"":4,""other"":0}}"
2026-09-30T13:53:32.515061546Z,bench-mixed-w8-first-fit-ropen-t3,0.478892,,2,34,0,0.000000,1221.943000,4096,81920,49152,3,1,0.050000,16384,28672,"{""atlasexp-api-ceec95"":{""active"":0,""idle"":4,""other"":0},""atlasexp-scheduler-first-fit-b80245"":{""active"":0,""idle"":1,""other"":1},""atlasexp-worker-w00-cpu-00-c06922"":{""active"":0,""idle"":4,""other"":0},""atlasexp-worker-w00-cpu-01-49e970"":{""active"":0,""idle"":3,""other"":1},""atlasexp-worker-w00-cpu-02-66e48e"":{""active"":1,""idle"":3,""other"":0},""atlasexp-worker-w00-cpu-03-1d132d"":{""active"":0,""idle"":4,""other"":0},""atlasexp-worker-w10-gpu-large-00-fcc321"":{""active"":1,""idle"":3,""other"":0},""atlasexp-worker-w10-gpu-large-01-cacb15"":{""active"":0,""idle"":4,""other"":0},""atlasexp-worker-w20-gpu-small-00-5218d4"":{""active"":0,""idle"":4,""other"":0},""atlasexp-worker-w20-gpu-small-01-360b0e"":{""active"":0,""idle"":4,""other"":0}}"
2026-09-30T13:53:32.76543478Z,bench-mixed-w8-first-fit-ropen-t3,0.559165,,0,34,0,0.000000,1472.428000,0,81920,81920,4,0,0.000000,16384,0,"{""atlasexp-api-ceec95"":{""active"":0,""idle"":4,""other"":0},""atlasexp-scheduler-first-fit-b80245"":{""active"":0,""idle"":1,""other"":1},""atlasexp-worker-w00-cpu-00-c06922"":{""active"":0,""idle"":3,""other"":1},""atlasexp-worker-w00-cpu-01-49e970"":{""active"":0,""idle"":4,""other"":0},""atlasexp-worker-w00-cpu-02-66e48e"":{""active"":0,""idle"":4,""other"":0},""atlasexp-worker-w00-cpu-03-1d132d"":{""active"":0,""idle"":3,""other"":1},""atlasexp-worker-w10-gpu-large-00-fcc321"":{""active"":0,""idle"":4,""other"":0},""atlasexp-worker-w10-gpu-large-01-cacb15"":{""active"":0,""idle"":4,""other"":0},""atlasexp-worker-w20-gpu-small-00-5218d4"":{""active"":0,""idle"":3,""other"":1},""atlasexp-worker-w20-gpu-small-01-360b0e"":{""active"":0,""idle"":4,""other"":0}}"
2026-09-30T13:53:33.014981049Z,bench-mixed-w8-first-fit-ropen-t3,0.400727,,1,35,0,0.000000,1721.925000,0,81920,81920,4,0,0.000000,16384,0,"{""atlasexp-api-ceec95"":{""active"":0,""idle"":4,""other"":0},""atlasexp-scheduler-first-fit-b80245"":{""active"":0,""idle"":1,""other"":1},""atlasexp-worker-w00-cpu-00-c06922"":{""active"":0,""idle"":4,""other"":0},""atlasexp-worker-w00-cpu-01-49e970"":{""active"":0,""idle"":4,""other"":0},""atlasexp-worker-w00-cpu-02-66e48e"":{""active"":1,""idle"":3,""other"":0},""atlasexp-worker-w00-cpu-03-1d132d"":{""active"":0,""idle"":4,""other"":0},""atlasexp-worker-w10-gpu-large-00-fcc321"":{""active"":0,""idle"":4,""other"":0},""atlasexp-worker-w10-gpu-large-01-cacb15"":{""active"":0,""idle"":3,""other"":1},""atlasexp-worker-w20-gpu-small-00-5218d4"":{""active"":0,""idle"":4,""other"":0},""atlasexp-worker-w20-gpu-small-01-360b0e"":{""active"":0,""idle"":4,""other"":0}}"
2026-09-30T13:53:33.264683168Z,bench-mixed-w8-first-fit-ropen-t3,0.240286,,0,37,0,0.000000,1971.734000,0,81920,81920,4,0,0.000000,16384,0,"{""atlasexp-api-ceec95"":{""active"":0,""idle"":4,""other"":0},""atlasexp-scheduler-first-fit-b80245"":{""active"":0,""idle"":1,""other"":1},""atlasexp-worker-w00-cpu-00-c06922"":{""active"":0,""idle"":4,""other"":0},""atlasexp-worker-w00-cpu-01-49e970"":{""active"":0,""idle"":4,""other"":0},""atlasexp-worker-w00-cpu-02-66e48e"":{""active"":0,""idle"":4,""other"":0},""atlasexp-worker-w00-cpu-03-1d132d"":{""active"":0,""idle"":4,""other"":0},""atlasexp-worker-w10-gpu-large-00-fcc321"":{""active"":0,""idle"":4,""other"":0},""atlasexp-worker-w10-gpu-large-01-cacb15"":{""active"":0,""idle"":4,""other"":0},""atlasexp-worker-w20-gpu-small-00-5218d4"":{""active"":0,""idle"":4,""other"":0},""atlasexp-worker-w20-gpu-small-01-360b0e"":{""active"":0,""idle"":4,""other"":0}}"
2026-09-30T13:53:33.515221571Z,bench-mixed-w8-first-fit-ropen-t3,0.319312,,1,37,0,0.000000,2222.014000,0,81920,81920,4,0,0.000000,16384,0,"{""atlasexp-api-ceec95"":{""active"":0,""idle"":4,""other"":0},""atlasexp-scheduler-first-fit-b80245"":{""active"":1,""idle"":1,""other"":0},""atlasexp-worker-w00-cpu-00-c06922"":{""active"":0,""idle"":4,""other"":0},""atlasexp-worker-w00-cpu-01-49e970"":{""active"":0,""idle"":4,""other"":0},""atlasexp-worker-w00-cpu-02-66e48e"":{""active"":0,""idle"":4,""other"":0},""atlasexp-worker-w00-cpu-03-1d132d"":{""active"":0,""idle"":4,""other"":0},""atlasexp-worker-w10-gpu-large-00-fcc321"":{""active"":0,""idle"":4,""other"":0},""atlasexp-worker-w10-gpu-large-01-cacb15"":{""active"":0,""idle"":4,""other"":0},""atlasexp-worker-w20-gpu-small-00-5218d4"":{""active"":0,""idle"":4,""other"":0},""atlasexp-worker-w20-gpu-small-01-360b0e"":{""active"":0,""idle"":4,""other"":0}}"
2026-09-30T13:53:33.765149433Z,bench-mixed-w8-first-fit-ropen-t3,0.280081,,1,37,0,0.000000,2472.163000,0,81920,81920,4,0,0.000000,16384,0,"{""atlasexp-api-ceec95"":{""active"":0,""idle"":4,""other"":0},""atlasexp-scheduler-first-fit-b80245"":{""active"":1,""idle"":1,""other"":0},""atlasexp-worker-w00-cpu-00-c06922"":{""active"":0,""idle"":4,""other"":0},""atlasexp-worker-w00-cpu-01-49e970"":{""active"":0,""idle"":4,""other"":0},""atlasexp-worker-w00-cpu-02-66e48e"":{""active"":0,""idle"":4,""other"":0},""atlasexp-worker-w00-cpu-03-1d132d"":{""active"":0,""idle"":4,""other"":0},""atlasexp-worker-w10-gpu-large-00-fcc321"":{""active"":0,""idle"":4,""other"":0},""atlasexp-worker-w10-gpu-large-01-cacb15"":{""active"":0,""idle"":4,""other"":0},""atlasexp-worker-w20-gpu-small-00-5218d4"":{""active"":0,""idle"":4,""other"":0},""atlasexp-worker-w20-gpu-small-01-360b0e"":{""active"":0,""idle"":4,""other"":0}}"
2026-09-30T13:53:34.014695593Z,bench-mixed-w8-first-fit-ropen-t3,0.440800,,1,37,0,0.000000,2721.855000,28672,81920,0,0,4,0.350000,0,53248,"{""atlasexp-api-ceec95"":{""active"":0,""idle"":4,""other"":0},""atlasexp-scheduler-first-fit-b80245"":{""active"":1,""idle"":1,""other"":0},""atlasexp-worker-w00-cpu-00-c06922"":{""active"":0,""idle"":4,""other"":0},""atlasexp-worker-w00-cpu-01-49e970"":{""active"":0,""idle"":4,""other"":0},""atlasexp-worker-w00-cpu-02-66e48e"":{""active"":0,""idle"":4,""other"":0},""atlasexp-worker-w00-cpu-03-1d132d"":{""active"":0,""idle"":4,""other"":0},""atlasexp-worker-w10-gpu-large-00-fcc321"":{""active"":0,""idle"":4,""other"":0},""atlasexp-worker-w10-gpu-large-01-cacb15"":{""active"":0,""idle"":4,""other"":0},""atlasexp-worker-w20-gpu-small-00-5218d4"":{""active"":0,""idle"":4,""other"":0},""atlasexp-worker-w20-gpu-small-01-360b0e"":{""active"":0,""idle"":4,""other"":0}}"
2026-09-30T13:53:34.265015543Z,bench-mixed-w8-first-fit-ropen-t3,0.399489,,1,34,0,0.000000,2971.903000,16384,81920,49152,3,1,0.200000,16384,16384,"{""atlasexp-api-ceec95"":{""active"":0,""idle"":4,""other"":0},""atlasexp-scheduler-first-fit-b80245"":{""active"":0,""idle"":1,""other"":1},""atlasexp-worker-w00-cpu-00-c06922"":{""active"":0,""idle"":4,""other"":0},""atlasexp-worker-w00-cpu-01-49e970"":{""active"":0,""idle"":4,""other"":0},""atlasexp-worker-w00-cpu-02-66e48e"":{""active"":0,""idle"":3,""other"":1},""atlasexp-worker-w00-cpu-03-1d132d"":{""active"":0,""idle"":3,""other"":1},""atlasexp-worker-w10-gpu-large-00-fcc321"":{""active"":0,""idle"":4,""other"":0},""atlasexp-worker-w10-gpu-large-01-cacb15"":{""active"":0,""idle"":4,""other"":0},""atlasexp-worker-w20-gpu-small-00-5218d4"":{""active"":0,""idle"":4,""other"":0},""atlasexp-worker-w20-gpu-small-01-360b0e"":{""active"":1,""idle"":3,""other"":0}}"
2026-09-30T13:53:34.514751795Z,bench-mixed-w8-first-fit-ropen-t3,0.640676,,2,34,0,0.000000,3221.496000,24576,81920,32768,1,3,0.300000,0,24576,"{""atlasexp-api-ceec95"":{""active"":0,""idle"":4,""other"":0},""atlasexp-scheduler-first-fit-b80245"":{""active"":1,""idle"":1,""other"":0},""atlasexp-worker-w00-cpu-00-c06922"":{""active"":0,""idle"":4,""other"":0},""atlasexp-worker-w00-cpu-01-49e970"":{""active"":0,""idle"":2,""other"":2},""atlasexp-worker-w00-cpu-02-66e48e"":{""active"":0,""idle"":4,""other"":0},""atlasexp-worker-w00-cpu-03-1d132d"":{""active"":1,""idle"":3,""other"":0},""atlasexp-worker-w10-gpu-large-00-fcc321"":{""active"":0,""idle"":4,""other"":0},""atlasexp-worker-w10-gpu-large-01-cacb15"":{""active"":0,""idle"":4,""other"":0},""atlasexp-worker-w20-gpu-small-00-5218d4"":{""active"":0,""idle"":4,""other"":0},""atlasexp-worker-w20-gpu-small-01-360b0e"":{""active"":0,""idle"":4,""other"":0}}"
2026-09-30T13:53:34.764959416Z,bench-mixed-w8-first-fit-ropen-t3,0.359701,,5,32,0,0.000000,2151.203000,16384,81920,0,0,4,0.200000,0,65536,"{""atlasexp-api-ceec95"":{""active"":0,""idle"":4,""other"":0},""atlasexp-scheduler-first-fit-b80245"":{""active"":0,""idle"":1,""other"":1},""atlasexp-worker-w00-cpu-00-c06922"":{""active"":1,""idle"":3,""other"":0},""atlasexp-worker-w00-cpu-01-49e970"":{""active"":1,""idle"":3,""other"":0},""atlasexp-worker-w00-cpu-02-66e48e"":{""active"":2,""idle"":2,""other"":0},""atlasexp-worker-w00-cpu-03-1d132d"":{""active"":1,""idle"":3,""other"":0},""atlasexp-worker-w10-gpu-large-00-fcc321"":{""active"":0,""idle"":4,""other"":0},""atlasexp-worker-w10-gpu-large-01-cacb15"":{""active"":0,""idle"":4,""other"":0},""atlasexp-worker-w20-gpu-small-00-5218d4"":{""active"":0,""idle"":4,""other"":0},""atlasexp-worker-w20-gpu-small-01-360b0e"":{""active"":0,""idle"":4,""other"":0}}"
2026-09-30T13:53:35.01512035Z,bench-mixed-w8-first-fit-ropen-t3,0.519665,,3,35,0,0.000000,2401.306000,16384,81920,49152,3,1,0.200000,16384,16384,"{""atlasexp-api-ceec95"":{""active"":0,""idle"":4,""other"":0},""atlasexp-scheduler-first-fit-b80245"":{""active"":0,""idle"":2,""other"":0},""atlasexp-worker-w00-cpu-00-c06922"":{""active"":0,""idle"":4,""other"":0},""atlasexp-worker-w00-cpu-01-49e970"":{""active"":1,""idle"":3,""other"":0},""atlasexp-worker-w00-cpu-02-66e48e"":{""active"":1,""idle"":3,""other"":0},""atlasexp-worker-w00-cpu-03-1d132d"":{""active"":0,""idle"":4,""other"":0},""atlasexp-worker-w10-gpu-large-00-fcc321"":{""active"":0,""idle"":4,""other"":0},""atlasexp-worker-w10-gpu-large-01-cacb15"":{""active"":1,""idle"":3,""other"":0},""atlasexp-worker-w20-gpu-small-00-5218d4"":{""active"":0,""idle"":4,""other"":0},""atlasexp-worker-w20-gpu-small-01-360b0e"":{""active"":0,""idle"":4,""other"":0}}"
2026-09-30T13:53:35.265263621Z,bench-mixed-w8-first-fit-ropen-t3,0.519702,,2,33,0,0.000000,2651.395000,28672,81920,0,0,4,0.350000,0,53248,"{""atlasexp-api-ceec95"":{""active"":0,""idle"":4,""other"":0},""atlasexp-scheduler-first-fit-b80245"":{""active"":0,""idle"":1,""other"":1},""atlasexp-worker-w00-cpu-00-c06922"":{""active"":0,""idle"":4,""other"":0},""atlasexp-worker-w00-cpu-01-49e970"":{""active"":0,""idle"":4,""other"":0},""atlasexp-worker-w00-cpu-02-66e48e"":{""active"":0,""idle"":3,""other"":1},""atlasexp-worker-w00-cpu-03-1d132d"":{""active"":1,""idle"":2,""other"":1},""atlasexp-worker-w10-gpu-large-00-fcc321"":{""active"":0,""idle"":4,""other"":0},""atlasexp-worker-w10-gpu-large-01-cacb15"":{""active"":0,""idle"":4,""other"":0},""atlasexp-worker-w20-gpu-small-00-5218d4"":{""active"":1,""idle"":3,""other"":0},""atlasexp-worker-w20-gpu-small-01-360b0e"":{""active"":0,""idle"":4,""other"":0}}"
2026-09-30T13:53:35.515236304Z,bench-mixed-w8-first-fit-ropen-t3,0.320035,,1,37,0,0.000000,2901.276000,24576,81920,8192,1,3,0.300000,8192,49152,"{""atlasexp-api-ceec95"":{""active"":0,""idle"":4,""other"":0},""atlasexp-scheduler-first-fit-b80245"":{""active"":1,""idle"":1,""other"":0},""atlasexp-worker-w00-cpu-00-c06922"":{""active"":0,""idle"":4,""other"":0},""atlasexp-worker-w00-cpu-01-49e970"":{""active"":0,""idle"":4,""other"":0},""atlasexp-worker-w00-cpu-02-66e48e"":{""active"":0,""idle"":4,""other"":0},""atlasexp-worker-w00-cpu-03-1d132d"":{""active"":0,""idle"":4,""other"":0},""atlasexp-worker-w10-gpu-large-00-fcc321"":{""active"":0,""idle"":4,""other"":0},""atlasexp-worker-w10-gpu-large-01-cacb15"":{""active"":0,""idle"":4,""other"":0},""atlasexp-worker-w20-gpu-small-00-5218d4"":{""active"":0,""idle"":4,""other"":0},""atlasexp-worker-w20-gpu-small-01-360b0e"":{""active"":0,""idle"":4,""other"":0}}"
2026-09-30T13:53:35.765407377Z,bench-mixed-w8-first-fit-ropen-t3,0.199863,,11,27,1,0.090909,3151.630000,20480,81920,40960,2,2,0.250000,8192,20480,"{""atlasexp-api-ceec95"":{""active"":0,""idle"":4,""other"":0},""atlasexp-scheduler-first-fit-b80245"":{""active"":1,""idle"":1,""other"":0},""atlasexp-worker-w00-cpu-00-c06922"":{""active"":1,""idle"":3,""other"":0},""atlasexp-worker-w00-cpu-01-49e970"":{""active"":1,""idle"":3,""other"":0},""atlasexp-worker-w00-cpu-02-66e48e"":{""active"":1,""idle"":3,""other"":0},""atlasexp-worker-w00-cpu-03-1d132d"":{""active"":1,""idle"":3,""other"":0},""atlasexp-worker-w10-gpu-large-00-fcc321"":{""active"":2,""idle"":2,""other"":0},""atlasexp-worker-w10-gpu-large-01-cacb15"":{""active"":1,""idle"":3,""other"":0},""atlasexp-worker-w20-gpu-small-00-5218d4"":{""active"":2,""idle"":2,""other"":0},""atlasexp-worker-w20-gpu-small-01-360b0e"":{""active"":1,""idle"":3,""other"":0}}"
2026-09-30T13:53:36.015531352Z,bench-mixed-w8-first-fit-ropen-t3,0.319841,,2,36,0,0.000000,3402.021000,16384,81920,49152,3,1,0.200000,16384,16384,"{""atlasexp-api-ceec95"":{""active"":0,""idle"":4,""other"":0},""atlasexp-scheduler-first-fit-b80245"":{""active"":1,""idle"":1,""other"":0},""atlasexp-worker-w00-cpu-00-c06922"":{""active"":0,""idle"":4,""other"":0},""atlasexp-worker-w00-cpu-01-49e970"":{""active"":0,""idle"":4,""other"":0},""atlasexp-worker-w00-cpu-02-66e48e"":{""active"":0,""idle"":4,""other"":0},""atlasexp-worker-w00-cpu-03-1d132d"":{""active"":0,""idle"":4,""other"":0},""atlasexp-worker-w10-gpu-large-00-fcc321"":{""active"":1,""idle"":3,""other"":0},""atlasexp-worker-w10-gpu-large-01-cacb15"":{""active"":0,""idle"":4,""other"":0},""atlasexp-worker-w20-gpu-small-00-5218d4"":{""active"":0,""idle"":4,""other"":0},""atlasexp-worker-w20-gpu-small-01-360b0e"":{""active"":0,""idle"":4,""other"":0}}"
2026-09-30T13:53:36.265156726Z,bench-mixed-w8-first-fit-ropen-t3,0.280420,,0,38,0,0.000000,3651.165000,36864,81920,8192,1,3,0.450000,8192,36864,"{""atlasexp-api-ceec95"":{""active"":0,""idle"":4,""other"":0},""atlasexp-scheduler-first-fit-b80245"":{""active"":0,""idle"":2,""other"":0},""atlasexp-worker-w00-cpu-00-c06922"":{""active"":0,""idle"":4,""other"":0},""atlasexp-worker-w00-cpu-01-49e970"":{""active"":0,""idle"":4,""other"":0},""atlasexp-worker-w00-cpu-02-66e48e"":{""active"":0,""idle"":4,""other"":0},""atlasexp-worker-w00-cpu-03-1d132d"":{""active"":0,""idle"":4,""other"":0},""atlasexp-worker-w10-gpu-large-00-fcc321"":{""active"":0,""idle"":4,""other"":0},""atlasexp-worker-w10-gpu-large-01-cacb15"":{""active"":0,""idle"":4,""other"":0},""atlasexp-worker-w20-gpu-small-00-5218d4"":{""active"":0,""idle"":4,""other"":0},""atlasexp-worker-w20-gpu-small-01-360b0e"":{""active"":0,""idle"":4,""other"":0}}"
2026-09-30T13:53:36.51501791Z,bench-mixed-w8-first-fit-ropen-t3,0.240133,,1,37,0,0.000000,3901.431000,4096,81920,49152,3,1,0.050000,16384,28672,"{""atlasexp-api-ceec95"":{""active"":0,""idle"":4,""other"":0},""atlasexp-scheduler-first-fit-b80245"":{""active"":1,""idle"":1,""other"":0},""atlasexp-worker-w00-cpu-00-c06922"":{""active"":0,""idle"":4,""other"":0},""atlasexp-worker-w00-cpu-01-49e970"":{""active"":0,""idle"":4,""other"":0},""atlasexp-worker-w00-cpu-02-66e48e"":{""active"":0,""idle"":4,""other"":0},""atlasexp-worker-w00-cpu-03-1d132d"":{""active"":0,""idle"":4,""other"":0},""atlasexp-worker-w10-gpu-large-00-fcc321"":{""active"":0,""idle"":4,""other"":0},""atlasexp-worker-w10-gpu-large-01-cacb15"":{""active"":0,""idle"":4,""other"":0},""atlasexp-worker-w20-gpu-small-00-5218d4"":{""active"":0,""idle"":4,""other"":0},""atlasexp-worker-w20-gpu-small-01-360b0e"":{""active"":0,""idle"":4,""other"":0}}"
2026-09-30T13:53:36.765070493Z,bench-mixed-w8-first-fit-ropen-t3,0.079983,,0,38,0,0.000000,,0,81920,81920,4,0,0.000000,16384,0,"{""atlasexp-api-ceec95"":{""active"":0,""idle"":4,""other"":0},""atlasexp-scheduler-first-fit-b80245"":{""active"":0,""idle"":2,""other"":0},""atlasexp-worker-w00-cpu-00-c06922"":{""active"":0,""idle"":4,""other"":0},""atlasexp-worker-w00-cpu-01-49e970"":{""active"":0,""idle"":4,""other"":0},""atlasexp-worker-w00-cpu-02-66e48e"":{""active"":0,""idle"":4,""other"":0},""atlasexp-worker-w00-cpu-03-1d132d"":{""active"":0,""idle"":4,""other"":0},""atlasexp-worker-w10-gpu-large-00-fcc321"":{""active"":0,""idle"":4,""other"":0},""atlasexp-worker-w10-gpu-large-01-cacb15"":{""active"":0,""idle"":4,""other"":0},""atlasexp-worker-w20-gpu-small-00-5218d4"":{""active"":0,""idle"":4,""other"":0},""atlasexp-worker-w20-gpu-small-01-360b0e"":{""active"":0,""idle"":4,""other"":0}}"
2026-09-30T13:53:37.014645201Z,bench-mixed-w8-best-fit-ropen-t1,0.360613,,4,33,3,0.750000,,0,81920,81920,4,0,0.000000,16384,0,"{""atlasexp-api-ceec95"":{""active"":4,""idle"":0,""other"":0},""atlasexp-scheduler-best-fit-5de7cb"":{""active"":0,""idle"":1,""other"":0},""atlasexp-worker-w00-cpu-00-c06922"":{""active"":0,""idle"":4,""other"":0},""atlasexp-worker-w00-cpu-01-49e970"":{""active"":0,""idle"":4,""other"":0},""atlasexp-worker-w00-cpu-02-66e48e"":{""active"":0,""idle"":4,""other"":0},""atlasexp-worker-w00-cpu-03-1d132d"":{""active"":0,""idle"":4,""other"":0},""atlasexp-worker-w10-gpu-large-00-fcc321"":{""active"":0,""idle"":4,""other"":0},""atlasexp-worker-w10-gpu-large-01-cacb15"":{""active"":0,""idle"":4,""other"":0},""atlasexp-worker-w20-gpu-small-00-5218d4"":{""active"":0,""idle"":4,""other"":0},""atlasexp-worker-w20-gpu-small-01-360b0e"":{""active"":0,""idle"":4,""other"":0}}"
2026-09-30T13:53:37.265160908Z,bench-mixed-w8-best-fit-ropen-t1,0.399177,,5,33,4,0.800000,216.784000,0,81920,81920,4,0,0.000000,16384,0,"{""atlasexp-api-ceec95"":{""active"":4,""idle"":0,""other"":0},""atlasexp-scheduler-best-fit-5de7cb"":{""active"":1,""idle"":1,""other"":0},""atlasexp-worker-w00-cpu-00-c06922"":{""active"":0,""idle"":4,""other"":0},""atlasexp-worker-w00-cpu-01-49e970"":{""active"":0,""idle"":4,""other"":0},""atlasexp-worker-w00-cpu-02-66e48e"":{""active"":0,""idle"":4,""other"":0},""atlasexp-worker-w00-cpu-03-1d132d"":{""active"":0,""idle"":4,""other"":0},""atlasexp-worker-w10-gpu-large-00-fcc321"":{""active"":0,""idle"":4,""other"":0},""atlasexp-worker-w10-gpu-large-01-cacb15"":{""active"":0,""idle"":4,""other"":0},""atlasexp-worker-w20-gpu-small-00-5218d4"":{""active"":0,""idle"":4,""other"":0},""atlasexp-worker-w20-gpu-small-01-360b0e"":{""active"":0,""idle"":4,""other"":0}}"
2026-09-30T13:53:37.514478868Z,bench-mixed-w8-best-fit-ropen-t1,0.601641,,8,29,3,0.375000,466.249000,12288,81920,8192,1,3,0.150000,8192,61440,"{""atlasexp-api-ceec95"":{""active"":4,""idle"":0,""other"":0},""atlasexp-scheduler-best-fit-5de7cb"":{""active"":1,""idle"":1,""other"":0},""atlasexp-worker-w00-cpu-00-c06922"":{""active"":0,""idle"":3,""other"":1},""atlasexp-worker-w00-cpu-01-49e970"":{""active"":1,""idle"":3,""other"":0},""atlasexp-worker-w00-cpu-02-66e48e"":{""active"":1,""idle"":3,""other"":0},""atlasexp-worker-w00-cpu-03-1d132d"":{""active"":1,""idle"":3,""other"":0},""atlasexp-worker-w10-gpu-large-00-fcc321"":{""active"":0,""idle"":4,""other"":0},""atlasexp-worker-w10-gpu-large-01-cacb15"":{""active"":0,""idle"":4,""other"":0},""atlasexp-worker-w20-gpu-small-00-5218d4"":{""active"":0,""idle"":4,""other"":0},""atlasexp-worker-w20-gpu-small-01-360b0e"":{""active"":0,""idle"":4,""other"":0}}"
2026-09-30T13:53:37.765522792Z,bench-mixed-w8-best-fit-ropen-t1,0.478004,,5,29,3,0.600000,717.215000,0,81920,81920,4,0,0.000000,16384,0,"{""atlasexp-api-ceec95"":{""active"":4,""idle"":0,""other"":0},""atlasexp-scheduler-best-fit-5de7cb"":{""active"":0,""idle"":1,""other"":1},""atlasexp-worker-w00-cpu-00-c06922"":{""active"":0,""idle"":4,""other"":0},""atlasexp-worker-w00-cpu-01-49e970"":{""active"":0,""idle"":4,""other"":0},""atlasexp-worker-w00-cpu-02-66e48e"":{""active"":0,""idle"":2,""other"":2},""atlasexp-worker-w00-cpu-03-1d132d"":{""active"":0,""idle"":4,""other"":0},""atlasexp-worker-w10-gpu-large-00-fcc321"":{""active"":0,""idle"":4,""other"":0},""atlasexp-worker-w10-gpu-large-01-cacb15"":{""active"":0,""idle"":4,""other"":0},""atlasexp-worker-w20-gpu-small-00-5218d4"":{""active"":1,""idle"":3,""other"":0},""atlasexp-worker-w20-gpu-small-01-360b0e"":{""active"":0,""idle"":3,""other"":1}}"
2026-09-30T13:53:38.014812133Z,bench-mixed-w8-best-fit-ropen-t1,0.521482,,3,33,3,1.000000,966.708000,0,81920,81920,4,0,0.000000,16384,0,"{""atlasexp-api-ceec95"":{""active"":3,""idle"":0,""other"":1},""atlasexp-scheduler-best-fit-5de7cb"":{""active"":0,""idle"":1,""other"":1},""atlasexp-worker-w00-cpu-00-c06922"":{""active"":0,""idle"":4,""other"":0},""atlasexp-worker-w00-cpu-01-49e970"":{""active"":0,""idle"":4,""other"":0},""atlasexp-worker-w00-cpu-02-66e48e"":{""active"":0,""idle"":4,""other"":0},""atlasexp-worker-w00-cpu-03-1d132d"":{""active"":0,""idle"":4,""other"":0},""atlasexp-worker-w10-gpu-large-00-fcc321"":{""active"":0,""idle"":4,""other"":0},""atlasexp-worker-w10-gpu-large-01-cacb15"":{""active"":0,""idle"":4,""other"":0},""atlasexp-worker-w20-gpu-small-00-5218d4"":{""active"":0,""idle"":4,""other"":0},""atlasexp-worker-w20-gpu-small-01-360b0e"":{""active"":0,""idle"":4,""other"":0}}"
2026-09-30T13:53:38.26454426Z,bench-mixed-w8-best-fit-ropen-t1,0.480515,,5,33,4,0.800000,1216.230000,0,81920,81920,4,0,0.000000,16384,0,"{""atlasexp-api-ceec95"":{""active"":4,""idle"":0,""other"":0},""atlasexp-scheduler-best-fit-5de7cb"":{""active"":1,""idle"":1,""other"":0},""atlasexp-worker-w00-cpu-00-c06922"":{""active"":0,""idle"":4,""other"":0},""atlasexp-worker-w00-cpu-01-49e970"":{""active"":0,""idle"":4,""other"":0},""atlasexp-worker-w00-cpu-02-66e48e"":{""active"":0,""idle"":4,""other"":0},""atlasexp-worker-w00-cpu-03-1d132d"":{""active"":0,""idle"":4,""other"":0},""atlasexp-worker-w10-gpu-large-00-fcc321"":{""active"":0,""idle"":4,""other"":0},""atlasexp-worker-w10-gpu-large-01-cacb15"":{""active"":0,""idle"":4,""other"":0},""atlasexp-worker-w20-gpu-small-00-5218d4"":{""active"":0,""idle"":4,""other"":0},""atlasexp-worker-w20-gpu-small-01-360b0e"":{""active"":0,""idle"":4,""other"":0}}"
2026-09-30T13:53:38.515487684Z,bench-mixed-w8-best-fit-ropen-t1,0.159398,,0,37,0,0.000000,1467.255000,0,81920,81920,4,0,0.000000,16384,0,"{""atlasexp-api-ceec95"":{""active"":0,""idle"":4,""other"":0},""atlasexp-scheduler-best-fit-5de7cb"":{""active"":0,""idle"":1,""other"":1},""atlasexp-worker-w00-cpu-00-c06922"":{""active"":0,""idle"":4,""other"":0},""atlasexp-worker-w00-cpu-01-49e970"":{""active"":0,""idle"":4,""other"":0},""atlasexp-worker-w00-cpu-02-66e48e"":{""active"":0,""idle"":4,""other"":0},""atlasexp-worker-w00-cpu-03-1d132d"":{""active"":0,""idle"":4,""other"":0},""atlasexp-worker-w10-gpu-large-00-fcc321"":{""active"":0,""idle"":4,""other"":0},""atlasexp-worker-w10-gpu-large-01-cacb15"":{""active"":0,""idle"":4,""other"":0},""atlasexp-worker-w20-gpu-small-00-5218d4"":{""active"":0,""idle"":4,""other"":0},""atlasexp-worker-w20-gpu-small-01-360b0e"":{""active"":0,""idle"":4,""other"":0}}"
2026-09-30T13:53:38.765008144Z,bench-mixed-w8-best-fit-ropen-t1,0.280538,,0,37,0,0.000000,1248.515000,20480,81920,40960,2,2,0.250000,8192,20480,"{""atlasexp-api-ceec95"":{""active"":0,""idle"":4,""other"":0},""atlasexp-scheduler-best-fit-5de7cb"":{""active"":0,""idle"":1,""other"":1},""atlasexp-worker-w00-cpu-00-c06922"":{""active"":0,""idle"":4,""other"":0},""atlasexp-worker-w00-cpu-01-49e970"":{""active"":0,""idle"":4,""other"":0},""atlasexp-worker-w00-cpu-02-66e48e"":{""active"":0,""idle"":4,""other"":0},""atlasexp-worker-w00-cpu-03-1d132d"":{""active"":0,""idle"":4,""other"":0},""atlasexp-worker-w10-gpu-large-00-fcc321"":{""active"":0,""idle"":4,""other"":0},""atlasexp-worker-w10-gpu-large-01-cacb15"":{""active"":0,""idle"":4,""other"":0},""atlasexp-worker-w20-gpu-small-00-5218d4"":{""active"":0,""idle"":4,""other"":0},""atlasexp-worker-w20-gpu-small-01-360b0e"":{""active"":0,""idle"":4,""other"":0}}"
2026-09-30T13:53:39.015476993Z,bench-mixed-w8-best-fit-ropen-t1,0.519027,,0,38,0,0.000000,1499.058000,0,81920,81920,4,0,0.000000,16384,0,"{""atlasexp-api-ceec95"":{""active"":0,""idle"":4,""other"":0},""atlasexp-scheduler-best-fit-5de7cb"":{""active"":0,""idle"":2,""other"":0},""atlasexp-worker-w00-cpu-00-c06922"":{""active"":0,""idle"":4,""other"":0},""atlasexp-worker-w00-cpu-01-49e970"":{""active"":0,""idle"":4,""other"":0},""atlasexp-worker-w00-cpu-02-66e48e"":{""active"":0,""idle"":4,""other"":0},""atlasexp-worker-w00-cpu-03-1d132d"":{""active"":0,""idle"":4,""other"":0},""atlasexp-worker-w10-gpu-large-00-fcc321"":{""active"":0,""idle"":4,""other"":0},""atlasexp-worker-w10-gpu-large-01-cacb15"":{""active"":0,""idle"":4,""other"":0},""atlasexp-worker-w20-gpu-small-00-5218d4"":{""active"":0,""idle"":4,""other"":0},""atlasexp-worker-w20-gpu-small-01-360b0e"":{""active"":0,""idle"":4,""other"":0}}"
2026-09-30T13:53:39.264680149Z,bench-mixed-w8-best-fit-ropen-t1,0.200640,,0,35,0,0.000000,1748.283000,0,81920,81920,4,0,0.000000,16384,0,"{""atlasexp-api-ceec95"":{""active"":0,""idle"":4,""other"":0},""atlasexp-scheduler-best-fit-5de7cb"":{""active"":0,""idle"":1,""other"":1},""atlasexp-worker-w00-cpu-00-c06922"":{""active"":0,""idle"":4,""other"":0},""atlasexp-worker-w00-cpu-01-49e970"":{""active"":0,""idle"":4,""other"":0},""atlasexp-worker-w00-cpu-02-66e48e"":{""active"":0,""idle"":4,""other"":0},""atlasexp-worker-w00-cpu-03-1d132d"":{""active"":0,""idle"":3,""other"":1},""atlasexp-worker-w10-gpu-large-00-fcc321"":{""active"":0,""idle"":4,""other"":0},""atlasexp-worker-w10-gpu-large-01-cacb15"":{""active"":0,""idle"":3,""other"":1},""atlasexp-worker-w20-gpu-small-00-5218d4"":{""active"":0,""idle"":4,""other"":0},""atlasexp-worker-w20-gpu-small-01-360b0e"":{""active"":0,""idle"":4,""other"":0}}"
2026-09-30T13:53:39.515290543Z,bench-mixed-w8-best-fit-ropen-t1,0.279318,,0,37,0,0.000000,1998.724000,0,81920,81920,4,0,0.000000,16384,0,"{""atlasexp-api-ceec95"":{""active"":0,""idle"":4,""other"":0},""atlasexp-scheduler-best-fit-5de7cb"":{""active"":0,""idle"":1,""other"":1},""atlasexp-worker-w00-cpu-00-c06922"":{""active"":0,""idle"":4,""other"":0},""atlasexp-worker-w00-cpu-01-49e970"":{""active"":0,""idle"":4,""other"":0},""atlasexp-worker-w00-cpu-02-66e48e"":{""active"":0,""idle"":4,""other"":0},""atlasexp-worker-w00-cpu-03-1d132d"":{""active"":0,""idle"":4,""other"":0},""atlasexp-worker-w10-gpu-large-00-fcc321"":{""active"":0,""idle"":4,""other"":0},""atlasexp-worker-w10-gpu-large-01-cacb15"":{""active"":0,""idle"":4,""other"":0},""atlasexp-worker-w20-gpu-small-00-5218d4"":{""active"":0,""idle"":4,""other"":0},""atlasexp-worker-w20-gpu-small-01-360b0e"":{""active"":0,""idle"":4,""other"":0}}"
2026-09-30T13:53:39.765103036Z,bench-mixed-w8-best-fit-ropen-t1,0.400300,,0,37,0,0.000000,2248.564000,0,81920,81920,4,0,0.000000,16384,0,"{""atlasexp-api-ceec95"":{""active"":0,""idle"":4,""other"":0},""atlasexp-scheduler-best-fit-5de7cb"":{""active"":0,""idle"":1,""other"":1},""atlasexp-worker-w00-cpu-00-c06922"":{""active"":0,""idle"":4,""other"":0},""atlasexp-worker-w00-cpu-01-49e970"":{""active"":0,""idle"":4,""other"":0},""atlasexp-worker-w00-cpu-02-66e48e"":{""active"":0,""idle"":4,""other"":0},""atlasexp-worker-w00-cpu-03-1d132d"":{""active"":0,""idle"":4,""other"":0},""atlasexp-worker-w10-gpu-large-00-fcc321"":{""active"":0,""idle"":4,""other"":0},""atlasexp-worker-w10-gpu-large-01-cacb15"":{""active"":0,""idle"":4,""other"":0},""atlasexp-worker-w20-gpu-small-00-5218d4"":{""active"":0,""idle"":4,""other"":0},""atlasexp-worker-w20-gpu-small-01-360b0e"":{""active"":0,""idle"":4,""other"":0}}"
2026-09-30T13:53:40.015337128Z,bench-mixed-w8-best-fit-ropen-t1,0.239775,,2,35,0,0.000000,2498.951000,28672,81920,0,0,4,0.350000,0,53248,"{""atlasexp-api-ceec95"":{""active"":0,""idle"":4,""other"":0},""atlasexp-scheduler-best-fit-5de7cb"":{""active"":1,""idle"":1,""other"":0},""atlasexp-worker-w00-cpu-00-c06922"":{""active"":0,""idle"":4,""other"":0},""atlasexp-worker-w00-cpu-01-49e970"":{""active"":0,""idle"":4,""other"":0},""atlasexp-worker-w00-cpu-02-66e48e"":{""active"":0,""idle"":3,""other"":1},""atlasexp-worker-w00-cpu-03-1d132d"":{""active"":0,""idle"":4,""other"":0},""atlasexp-worker-w10-gpu-large-00-fcc321"":{""active"":0,""idle"":4,""other"":0},""atlasexp-worker-w10-gpu-large-01-cacb15"":{""active"":0,""idle"":4,""other"":0},""atlasexp-worker-w20-gpu-small-00-5218d4"":{""active"":0,""idle"":4,""other"":0},""atlasexp-worker-w20-gpu-small-01-360b0e"":{""active"":1,""idle"":3,""other"":0}}"
2026-09-30T13:53:40.264863466Z,bench-mixed-w8-best-fit-ropen-t1,0.921746,,5,32,0,0.000000,2748.227000,4096,81920,73728,3,1,0.050000,8192,4096,"{""atlasexp-api-ceec95"":{""active"":0,""idle"":4,""other"":0},""atlasexp-scheduler-best-fit-5de7cb"":{""active"":1,""idle"":1,""other"":0},""atlasexp-worker-w00-cpu-00-c06922"":{""active"":2,""idle"":2,""other"":0},""atlasexp-worker-w00-cpu-01-49e970"":{""active"":0,""idle"":3,""other"":1},""atlasexp-worker-w00-cpu-02-66e48e"":{""active"":0,""idle"":4,""other"":0},""atlasexp-worker-w00-cpu-03-1d132d"":{""active"":1,""idle"":3,""other"":0},""atlasexp-worker-w10-gpu-large-00-fcc321"":{""active"":0,""idle"":4,""other"":0},""atlasexp-worker-w10-gpu-large-01-cacb15"":{""active"":0,""idle"":4,""other"":0},""atlasexp-worker-w20-gpu-small-00-5218d4"":{""active"":1,""idle"":3,""other"":0},""atlasexp-worker-w20-gpu-small-01-360b0e"":{""active"":0,""idle"":4,""other"":0}}"
2026-09-30T13:53:40.51515789Z,bench-mixed-w8-best-fit-ropen-t1,0.399529,,1,35,0,0.000000,2998.793000,0,81920,81920,4,0,0.000000,16384,0,"{""atlasexp-api-ceec95"":{""active"":0,""idle"":4,""other"":0},""atlasexp-scheduler-best-fit-5de7cb"":{""active"":0,""idle"":1,""other"":1},""atlasexp-worker-w00-cpu-00-c06922"":{""active"":1,""idle"":3,""other"":0},""atlasexp-worker-w00-cpu-01-49e970"":{""active"":0,""idle"":4,""other"":0},""atlasexp-worker-w00-cpu-02-66e48e"":{""active"":0,""idle"":4,""other"":0},""atlasexp-worker-w00-cpu-03-1d132d"":{""active"":0,""idle"":4,""other"":0},""atlasexp-worker-w10-gpu-large-00-fcc321"":{""active"":0,""idle"":4,""other"":0},""atlasexp-worker-w10-gpu-large-01-cacb15"":{""active"":0,""idle"":4,""other"":0},""atlasexp-worker-w20-gpu-small-00-5218d4"":{""active"":0,""idle"":4,""other"":0},""atlasexp-worker-w20-gpu-small-01-360b0e"":{""active"":0,""idle"":3,""other"":1}}"
2026-09-30T13:53:40.765537162Z,bench-mixed-w8-best-fit-ropen-t1,0.599091,,1,37,0,0.000000,3249.057000,32768,81920,16384,2,2,0.400000,16384,32768,"{""atlasexp-api-ceec95"":{""active"":0,""idle"":4,""other"":0},""atlasexp-scheduler-best-fit-5de7cb"":{""active"":1,""idle"":1,""other"":0},""atlasexp-worker-w00-cpu-00-c06922"":{""active"":0,""idle"":4,""other"":0},""atlasexp-worker-w00-cpu-01-49e970"":{""active"":0,""idle"":4,""other"":0},""atlasexp-worker-w00-cpu-02-66e48e"":{""active"":0,""idle"":4,""other"":0},""atlasexp-worker-w00-cpu-03-1d132d"":{""active"":0,""idle"":4,""other"":0},""atlasexp-worker-w10-gpu-large-00-fcc321"":{""active"":0,""idle"":4,""other"":0},""atlasexp-worker-w10-gpu-large-01-cacb15"":{""active"":0,""idle"":4,""other"":0},""atlasexp-worker-w20-gpu-small-00-5218d4"":{""active"":0,""idle"":4,""other"":0},""atlasexp-worker-w20-gpu-small-01-360b0e"":{""active"":0,""idle"":4,""other"":0}}"
2026-09-30T13:53:41.015369372Z,bench-mixed-w8-best-fit-ropen-t1,0.480322,,4,33,1,0.250000,2115.947000,40960,81920,0,0,4,0.500000,0,40960,"{""atlasexp-api-ceec95"":{""active"":0,""idle"":4,""other"":0},""atlasexp-scheduler-best-fit-5de7cb"":{""active"":0,""idle"":2,""other"":0},""atlasexp-worker-w00-cpu-00-c06922"":{""active"":0,""idle"":4,""other"":0},""atlasexp-worker-w00-cpu-01-49e970"":{""active"":0,""idle"":3,""other"":1},""atlasexp-worker-w00-cpu-02-66e48e"":{""active"":0,""idle"":4,""other"":0},""atlasexp-worker-w00-cpu-03-1d132d"":{""active"":1,""idle"":3,""other"":0},""atlasexp-worker-w10-gpu-large-00-fcc321"":{""active"":2,""idle"":2,""other"":0},""atlasexp-worker-w10-gpu-large-01-cacb15"":{""active"":1,""idle"":3,""other"":0},""atlasexp-worker-w20-gpu-small-00-5218d4"":{""active"":0,""idle"":4,""other"":0},""atlasexp-worker-w20-gpu-small-01-360b0e"":{""active"":0,""idle"":4,""other"":0}}"
2026-09-30T13:53:41.265368254Z,bench-mixed-w8-best-fit-ropen-t1,0.320001,,1,36,0,0.000000,2365.680000,28672,81920,0,0,4,0.350000,0,53248,"{""atlasexp-api-ceec95"":{""active"":0,""idle"":4,""other"":0},""atlasexp-scheduler-best-fit-5de7cb"":{""active"":0,""idle"":2,""other"":0},""atlasexp-worker-w00-cpu-00-c06922"":{""active"":0,""idle"":4,""other"":0},""atlasexp-worker-w00-cpu-01-49e970"":{""active"":0,""idle"":4,""other"":0},""atlasexp-worker-w00-cpu-02-66e48e"":{""active"":1,""idle"":3,""other"":0},""atlasexp-worker-w00-cpu-03-1d132d"":{""active"":0,""idle"":4,""other"":0},""atlasexp-worker-w10-gpu-large-00-fcc321"":{""active"":0,""idle"":4,""other"":0},""atlasexp-worker-w10-gpu-large-01-cacb15"":{""active"":0,""idle"":4,""other"":0},""atlasexp-worker-w20-gpu-small-00-5218d4"":{""active"":0,""idle"":3,""other"":1},""atlasexp-worker-w20-gpu-small-01-360b0e"":{""active"":0,""idle"":4,""other"":0}}"
2026-09-30T13:53:41.514467324Z,bench-mixed-w8-best-fit-ropen-t1,0.321157,,1,36,0,0.000000,2614.719000,16384,81920,0,0,4,0.200000,0,65536,"{""atlasexp-api-ceec95"":{""active"":0,""idle"":4,""other"":0},""atlasexp-scheduler-best-fit-5de7cb"":{""active"":0,""idle"":2,""other"":0},""atlasexp-worker-w00-cpu-00-c06922"":{""active"":0,""idle"":4,""other"":0},""atlasexp-worker-w00-cpu-01-49e970"":{""active"":0,""idle"":4,""other"":0},""atlasexp-worker-w00-cpu-02-66e48e"":{""active"":0,""idle"":4,""other"":0},""atlasexp-worker-w00-cpu-03-1d132d"":{""active"":0,""idle"":3,""other"":1},""atlasexp-worker-w10-gpu-large-00-fcc321"":{""active"":0,""idle"":4,""other"":0},""atlasexp-worker-w10-gpu-large-01-cacb15"":{""active"":0,""idle"":4,""other"":0},""atlasexp-worker-w20-gpu-small-00-5218d4"":{""active"":0,""idle"":4,""other"":0},""atlasexp-worker-w20-gpu-small-01-360b0e"":{""active"":1,""idle"":3,""other"":0}}"
2026-09-30T13:53:41.764556865Z,bench-mixed-w8-best-fit-ropen-t1,0.319885,,3,32,0,0.000000,2864.870000,40960,81920,0,0,4,0.500000,0,40960,"{""atlasexp-api-ceec95"":{""active"":0,""idle"":4,""other"":0},""atlasexp-scheduler-best-fit-5de7cb"":{""active"":0,""idle"":2,""other"":0},""atlasexp-worker-w00-cpu-00-c06922"":{""active"":0,""idle"":4,""other"":0},""atlasexp-worker-w00-cpu-01-49e970"":{""active"":0,""idle"":4,""other"":0},""atlasexp-worker-w00-cpu-02-66e48e"":{""active"":0,""idle"":4,""other"":0},""atlasexp-worker-w00-cpu-03-1d132d"":{""active"":0,""idle"":4,""other"":0},""atlasexp-worker-w10-gpu-large-00-fcc321"":{""active"":0,""idle"":4,""other"":0},""atlasexp-worker-w10-gpu-large-01-cacb15"":{""active"":1,""idle"":3,""other"":0},""atlasexp-worker-w20-gpu-small-00-5218d4"":{""active"":1,""idle"":0,""other"":3},""atlasexp-worker-w20-gpu-small-01-360b0e"":{""active"":1,""idle"":3,""other"":0}}"
2026-09-30T13:53:42.015408801Z,bench-mixed-w8-best-fit-ropen-t1,0.159457,,0,37,0,0.000000,3115.634000,28672,81920,0,0,4,0.350000,0,53248,"{""atlasexp-api-ceec95"":{""active"":0,""idle"":4,""other"":0},""atlasexp-scheduler-best-fit-5de7cb"":{""active"":0,""idle"":2,""other"":0},""atlasexp-worker-w00-cpu-00-c06922"":{""active"":0,""idle"":4,""other"":0},""atlasexp-worker-w00-cpu-01-49e970"":{""active"":0,""idle"":4,""other"":0},""atlasexp-worker-w00-cpu-02-66e48e"":{""active"":0,""idle"":4,""other"":0},""atlasexp-worker-w00-cpu-03-1d132d"":{""active"":0,""idle"":4,""other"":0},""atlasexp-worker-w10-gpu-large-00-fcc321"":{""active"":0,""idle"":4,""other"":0},""atlasexp-worker-w10-gpu-large-01-cacb15"":{""active"":0,""idle"":3,""other"":1},""atlasexp-worker-w20-gpu-small-00-5218d4"":{""active"":0,""idle"":4,""other"":0},""atlasexp-worker-w20-gpu-small-01-360b0e"":{""active"":0,""idle"":4,""other"":0}}"
2026-09-30T13:53:42.265184938Z,bench-mixed-w8-best-fit-ropen-t1,0.520466,,2,33,0,0.000000,3365.436000,20480,81920,40960,2,2,0.250000,8192,20480,"{""atlasexp-api-ceec95"":{""active"":0,""idle"":4,""other"":0},""atlasexp-scheduler-best-fit-5de7cb"":{""active"":0,""idle"":2,""other"":0},""atlasexp-worker-w00-cpu-00-c06922"":{""active"":0,""idle"":4,""other"":0},""atlasexp-worker-w00-cpu-01-49e970"":{""active"":0,""idle"":4,""other"":0},""atlasexp-worker-w00-cpu-02-66e48e"":{""active"":0,""idle"":3,""other"":1},""atlasexp-worker-w00-cpu-03-1d132d"":{""active"":0,""idle"":4,""other"":0},""atlasexp-worker-w10-gpu-large-00-fcc321"":{""active"":1,""idle"":3,""other"":0},""atlasexp-worker-w10-gpu-large-01-cacb15"":{""active"":0,""idle"":3,""other"":1},""atlasexp-worker-w20-gpu-small-00-5218d4"":{""active"":0,""idle"":3,""other"":1},""atlasexp-worker-w20-gpu-small-01-360b0e"":{""active"":1,""idle"":3,""other"":0}}"
2026-09-30T13:53:42.515474082Z,bench-mixed-w8-best-fit-ropen-t1,0.439492,,1,35,1,1.000000,3615.753000,40960,81920,0,0,4,0.500000,0,40960,"{""atlasexp-api-ceec95"":{""active"":0,""idle"":4,""other"":0},""atlasexp-scheduler-best-fit-5de7cb"":{""active"":0,""idle"":2,""other"":0},""atlasexp-worker-w00-cpu-00-c06922"":{""active"":0,""idle"":4,""other"":0},""atlasexp-worker-w00-cpu-01-49e970"":{""active"":0,""idle"":4,""other"":0},""atlasexp-worker-w00-cpu-02-66e48e"":{""active"":0,""idle"":3,""other"":1},""atlasexp-worker-w00-cpu-03-1d132d"":{""active"":0,""idle"":4,""other"":0},""atlasexp-worker-w10-gpu-large-00-fcc321"":{""active"":1,""idle"":2,""other"":1},""atlasexp-worker-w10-gpu-large-01-cacb15"":{""active"":0,""idle"":4,""other"":0},""atlasexp-worker-w20-gpu-small-00-5218d4"":{""active"":0,""idle"":4,""other"":0},""atlasexp-worker-w20-gpu-small-01-360b0e"":{""active"":0,""idle"":4,""other"":0}}"
2026-09-30T13:53:42.764808081Z,bench-mixed-w8-best-fit-ropen-t2,0.561496,,5,30,4,0.800000,,0,81920,81920,4,0,0.000000,16384,0,"{""atlasexp-api-ceec95"":{""active"":4,""idle"":0,""other"":0},""atlasexp-scheduler-best-fit-5de7cb"":{""active"":1,""idle"":1,""other"":0},""atlasexp-worker-w00-cpu-00-c06922"":{""active"":0,""idle"":4,""other"":0},""atlasexp-worker-w00-cpu-01-49e970"":{""active"":0,""idle"":4,""other"":0},""atlasexp-worker-w00-cpu-02-66e48e"":{""active"":0,""idle"":4,""other"":0},""atlasexp-worker-w00-cpu-03-1d132d"":{""active"":0,""idle"":4,""other"":0},""atlasexp-worker-w10-gpu-large-00-fcc321"":{""active"":0,""idle"":4,""other"":0},""atlasexp-worker-w10-gpu-large-01-cacb15"":{""active"":0,""idle"":4,""other"":0},""atlasexp-worker-w20-gpu-small-00-5218d4"":{""active"":0,""idle"":2,""other"":2},""atlasexp-worker-w20-gpu-small-01-360b0e"":{""active"":0,""idle"":3,""other"":1}}"
2026-09-30T13:53:43.01497162Z,bench-mixed-w8-best-fit-ropen-t2,0.279817,,5,31,3,0.600000,266.640000,0,81920,81920,4,0,0.000000,16384,0,"{""atlasexp-api-ceec95"":{""active"":3,""idle"":0,""other"":1},""atlasexp-scheduler-best-fit-5de7cb"":{""active"":1,""idle"":1,""other"":0},""atlasexp-worker-w00-cpu-00-c06922"":{""active"":1,""idle"":3,""other"":0},""atlasexp-worker-w00-cpu-01-49e970"":{""active"":0,""idle"":4,""other"":0},""atlasexp-worker-w00-cpu-02-66e48e"":{""active"":0,""idle"":4,""other"":0},""atlasexp-worker-w00-cpu-03-1d132d"":{""active"":0,""idle"":4,""other"":0},""atlasexp-worker-w10-gpu-large-00-fcc321"":{""active"":0,""idle"":3,""other"":1},""atlasexp-worker-w10-gpu-large-01-cacb15"":{""active"":0,""idle"":4,""other"":0},""atlasexp-worker-w20-gpu-small-00-5218d4"":{""active"":0,""idle"":4,""other"":0},""atlasexp-worker-w20-gpu-small-01-360b0e"":{""active"":0,""idle"":4,""other"":0}}"
2026-09-30T13:53:43.265517233Z,bench-mixed-w8-best-fit-ropen-t2,0.439042,,4,33,3,0.750000,191.713000,0,81920,81920,4,0,0.000000,16384,0,"{""atlasexp-api-ceec95"":{""active"":4,""idle"":0,""other"":0},""atlasexp-scheduler-best-fit-5de7cb"":{""active"":0,""idle"":1,""other"":1},""atlasexp-worker-w00-cpu-00-c06922"":{""active"":0,""idle"":4,""other"":0},""atlasexp-worker-w00-cpu-01-49e970"":{""active"":0,""idle"":4,""other"":0},""atlasexp-worker-w00-cpu-02-66e48e"":{""active"":0,""idle"":4,""other"":0},""atlasexp-worker-w00-cpu-03-1d132d"":{""active"":0,""idle"":4,""other"":0},""atlasexp-worker-w10-gpu-large-00-fcc321"":{""active"":0,""idle"":4,""other"":0},""atlasexp-worker-w10-gpu-large-01-cacb15"":{""active"":0,""idle"":4,""other"":0},""atlasexp-worker-w20-gpu-small-00-5218d4"":{""active"":0,""idle"":4,""other"":0},""atlasexp-worker-w20-gpu-small-01-360b0e"":{""active"":0,""idle"":4,""other"":0}}"
2026-09-30T13:53:43.515269292Z,bench-mixed-w8-best-fit-ropen-t2,0.480477,,5,33,4,0.800000,441.648000,0,81920,81920,4,0,0.000000,16384,0,"{""atlasexp-api-ceec95"":{""active"":4,""idle"":0,""other"":0},""atlasexp-scheduler-best-fit-5de7cb"":{""active"":1,""idle"":1,""other"":0},""atlasexp-worker-w00-cpu-00-c06922"":{""active"":0,""idle"":4,""other"":0},""atlasexp-worker-w00-cpu-01-49e970"":{""active"":0,""idle"":4,""other"":0},""atlasexp-worker-w00-cpu-02-66e48e"":{""active"":0,""idle"":4,""other"":0},""atlasexp-worker-w00-cpu-03-1d132d"":{""active"":0,""idle"":4,""other"":0},""atlasexp-worker-w10-gpu-large-00-fcc321"":{""active"":0,""idle"":4,""other"":0},""atlasexp-worker-w10-gpu-large-01-cacb15"":{""active"":0,""idle"":4,""other"":0},""atlasexp-worker-w20-gpu-small-00-5218d4"":{""active"":0,""idle"":4,""other"":0},""atlasexp-worker-w20-gpu-small-01-360b0e"":{""active"":0,""idle"":4,""other"":0}}"
2026-09-30T13:53:43.765310423Z,bench-mixed-w8-best-fit-ropen-t2,0.279954,,5,33,4,0.800000,691.542000,0,81920,81920,4,0,0.000000,16384,0,"{""atlasexp-api-ceec95"":{""active"":4,""idle"":0,""other"":0},""atlasexp-scheduler-best-fit-5de7cb"":{""active"":1,""idle"":1,""other"":0},""atlasexp-worker-w00-cpu-00-c06922"":{""active"":0,""idle"":4,""other"":0},""atlasexp-worker-w00-cpu-01-49e970"":{""active"":0,""idle"":4,""other"":0},""atlasexp-worker-w00-cpu-02-66e48e"":{""active"":0,""idle"":4,""other"":0},""atlasexp-worker-w00-cpu-03-1d132d"":{""active"":0,""idle"":4,""other"":0},""atlasexp-worker-w10-gpu-large-00-fcc321"":{""active"":0,""idle"":4,""other"":0},""atlasexp-worker-w10-gpu-large-01-cacb15"":{""active"":0,""idle"":4,""other"":0},""atlasexp-worker-w20-gpu-small-00-5218d4"":{""active"":0,""idle"":4,""other"":0},""atlasexp-worker-w20-gpu-small-01-360b0e"":{""active"":0,""idle"":4,""other"":0}}"
2026-09-30T13:53:44.015160677Z,bench-mixed-w8-best-fit-ropen-t2,0.440264,,6,32,4,0.666667,941.348000,0,81920,81920,4,0,0.000000,16384,0,"{""atlasexp-api-ceec95"":{""active"":4,""idle"":0,""other"":0},""atlasexp-scheduler-best-fit-5de7cb"":{""active"":1,""idle"":1,""other"":0},""atlasexp-worker-w00-cpu-00-c06922"":{""active"":0,""idle"":4,""other"":0},""atlasexp-worker-w00-cpu-01-49e970"":{""active"":0,""idle"":4,""other"":0},""atlasexp-worker-w00-cpu-02-66e48e"":{""active"":0,""idle"":4,""other"":0},""atlasexp-worker-w00-cpu-03-1d132d"":{""active"":0,""idle"":4,""other"":0},""atlasexp-worker-w10-gpu-large-00-fcc321"":{""active"":0,""idle"":4,""other"":0},""atlasexp-worker-w10-gpu-large-01-cacb15"":{""active"":0,""idle"":4,""other"":0},""atlasexp-worker-w20-gpu-small-00-5218d4"":{""active"":0,""idle"":4,""other"":0},""atlasexp-worker-w20-gpu-small-01-360b0e"":{""active"":1,""idle"":3,""other"":0}}"
2026-09-30T13:53:44.265377946Z,bench-mixed-w8-best-fit-ropen-t2,0.399653,,0,34,0,0.000000,1191.821000,4096,81920,73728,3,1,0.050000,8192,4096,"{""atlasexp-api-ceec95"":{""active"":0,""idle"":4,""other"":0},""atlasexp-scheduler-best-fit-5de7cb"":{""active"":0,""idle"":1,""other"":1},""atlasexp-worker-w00-cpu-00-c06922"":{""active"":0,""idle"":3,""other"":1},""atlasexp-worker-w00-cpu-01-49e970"":{""active"":0,""idle"":4,""other"":0},""atlasexp-worker-w00-cpu-02-66e48e"":{""active"":0,""idle"":4,""other"":0},""atlasexp-worker-w00-cpu-03-1d132d"":{""active"":0,""idle"":2,""other"":2},""atlasexp-worker-w10-gpu-large-00-fcc321"":{""active"":0,""idle"":4,""other"":0},""atlasexp-worker-w10-gpu-large-01-cacb15"":{""active"":0,""idle"":4,""other"":0},""atlasexp-worker-w20-gpu-small-00-5218d4"":{""active"":0,""idle"":4,""other"":0},""atlasexp-worker-w20-gpu-small-01-360b0e"":{""active"":0,""idle"":4,""other"":0}}"
2026-09-30T13:53:44.514946485Z,bench-mixed-w8-best-fit-ropen-t2,0.560968,,1,35,0,0.000000,1441.041000,0,81920,81920,4,0,0.000000,16384,0,"{""atlasexp-api-ceec95"":{""active"":0,""idle"":4,""other"":0},""atlasexp-scheduler-best-fit-5de7cb"":{""active"":1,""idle"":1,""other"":0},""atlasexp-worker-w00-cpu-00-c06922"":{""active"":0,""idle"":4,""other"":0},""atlasexp-worker-w00-cpu-01-49e970"":{""active"":0,""idle"":4,""other"":0},""atlasexp-worker-w00-cpu-02-66e48e"":{""active"":0,""idle"":3,""other"":1},""atlasexp-worker-w00-cpu-03-1d132d"":{""active"":0,""idle"":4,""other"":0},""atlasexp-worker-w10-gpu-large-00-fcc321"":{""active"":0,""idle"":3,""other"":1},""atlasexp-worker-w10-gpu-large-01-cacb15"":{""active"":0,""idle"":4,""other"":0},""atlasexp-worker-w20-gpu-small-00-5218d4"":{""active"":0,""idle"":4,""other"":0},""atlasexp-worker-w20-gpu-small-01-360b0e"":{""active"":0,""idle"":4,""other"":0}}"
2026-09-30T13:53:44.7647928Z,bench-mixed-w8-best-fit-ropen-t2,0.280172,,0,37,0,0.000000,1690.950000,0,81920,81920,4,0,0.000000,16384,0,"{""atlasexp-api-ceec95"":{""active"":0,""idle"":4,""other"":0},""atlasexp-scheduler-best-fit-5de7cb"":{""active"":0,""idle"":1,""other"":1},""atlasexp-worker-w00-cpu-00-c06922"":{""active"":0,""idle"":4,""other"":0},""atlasexp-worker-w00-cpu-01-49e970"":{""active"":0,""idle"":4,""other"":0},""atlasexp-worker-w00-cpu-02-66e48e"":{""active"":0,""idle"":4,""other"":0},""atlasexp-worker-w00-cpu-03-1d132d"":{""active"":0,""idle"":4,""other"":0},""atlasexp-worker-w10-gpu-large-00-fcc321"":{""active"":0,""idle"":4,""other"":0},""atlasexp-worker-w10-gpu-large-01-cacb15"":{""active"":0,""idle"":4,""other"":0},""atlasexp-worker-w20-gpu-small-00-5218d4"":{""active"":0,""idle"":4,""other"":0},""atlasexp-worker-w20-gpu-small-01-360b0e"":{""active"":0,""idle"":4,""other"":0}}"
2026-09-30T13:53:45.015420707Z,bench-mixed-w8-best-fit-ropen-t2,0.319198,,1,37,0,0.000000,1941.728000,0,81920,81920,4,0,0.000000,16384,0,"{""atlasexp-api-ceec95"":{""active"":0,""idle"":4,""other"":0},""atlasexp-scheduler-best-fit-5de7cb"":{""active"":1,""idle"":1,""other"":0},""atlasexp-worker-w00-cpu-00-c06922"":{""active"":0,""idle"":4,""other"":0},""atlasexp-worker-w00-cpu-01-49e970"":{""active"":0,""idle"":4,""other"":0},""atlasexp-worker-w00-cpu-02-66e48e"":{""active"":0,""idle"":4,""other"":0},""atlasexp-worker-w00-cpu-03-1d132d"":{""active"":0,""idle"":4,""other"":0},""atlasexp-worker-w10-gpu-large-00-fcc321"":{""active"":0,""idle"":4,""other"":0},""atlasexp-worker-w10-gpu-large-01-cacb15"":{""active"":0,""idle"":4,""other"":0},""atlasexp-worker-w20-gpu-small-00-5218d4"":{""active"":0,""idle"":4,""other"":0},""atlasexp-worker-w20-gpu-small-01-360b0e"":{""active"":0,""idle"":4,""other"":0}}"
2026-09-30T13:53:45.265501893Z,bench-mixed-w8-best-fit-ropen-t2,0.279909,,2,36,0,0.000000,2191.860000,0,81920,81920,4,0,0.000000,16384,0,"{""atlasexp-api-ceec95"":{""active"":0,""idle"":4,""other"":0},""atlasexp-scheduler-best-fit-5de7cb"":{""active"":1,""idle"":1,""other"":0},""atlasexp-worker-w00-cpu-00-c06922"":{""active"":0,""idle"":4,""other"":0},""atlasexp-worker-w00-cpu-01-49e970"":{""active"":0,""idle"":4,""other"":0},""atlasexp-worker-w00-cpu-02-66e48e"":{""active"":0,""idle"":4,""other"":0},""atlasexp-worker-w00-cpu-03-1d132d"":{""active"":0,""idle"":4,""other"":0},""atlasexp-worker-w10-gpu-large-00-fcc321"":{""active"":1,""idle"":3,""other"":0},""atlasexp-worker-w10-gpu-large-01-cacb15"":{""active"":0,""idle"":4,""other"":0},""atlasexp-worker-w20-gpu-small-00-5218d4"":{""active"":0,""idle"":4,""other"":0},""atlasexp-worker-w20-gpu-small-01-360b0e"":{""active"":0,""idle"":4,""other"":0}}"
2026-09-30T13:53:45.515242712Z,bench-mixed-w8-best-fit-ropen-t2,0.200208,,0,36,0,0.000000,2441.555000,0,81920,81920,4,0,0.000000,16384,0,"{""atlasexp-api-ceec95"":{""active"":0,""idle"":4,""other"":0},""atlasexp-scheduler-best-fit-5de7cb"":{""active"":0,""idle"":1,""other"":1},""atlasexp-worker-w00-cpu-00-c06922"":{""active"":0,""idle"":4,""other"":0},""atlasexp-worker-w00-cpu-01-49e970"":{""active"":0,""idle"":3,""other"":1},""atlasexp-worker-w00-cpu-02-66e48e"":{""active"":0,""idle"":4,""other"":0},""atlasexp-worker-w00-cpu-03-1d132d"":{""active"":0,""idle"":4,""other"":0},""atlasexp-worker-w10-gpu-large-00-fcc321"":{""active"":0,""idle"":4,""other"":0},""atlasexp-worker-w10-gpu-large-01-cacb15"":{""active"":0,""idle"":4,""other"":0},""atlasexp-worker-w20-gpu-small-00-5218d4"":{""active"":0,""idle"":4,""other"":0},""atlasexp-worker-w20-gpu-small-01-360b0e"":{""active"":0,""idle"":4,""other"":0}}"
2026-09-30T13:53:45.76455553Z,bench-mixed-w8-best-fit-ropen-t2,0.481323,,0,36,0,0.000000,2690.654000,28672,81920,0,0,4,0.350000,0,53248,"{""atlasexp-api-ceec95"":{""active"":0,""idle"":4,""other"":0},""atlasexp-scheduler-best-fit-5de7cb"":{""active"":0,""idle"":1,""other"":1},""atlasexp-worker-w00-cpu-00-c06922"":{""active"":0,""idle"":4,""other"":0},""atlasexp-worker-w00-cpu-01-49e970"":{""active"":0,""idle"":4,""other"":0},""atlasexp-worker-w00-cpu-02-66e48e"":{""active"":0,""idle"":4,""other"":0},""atlasexp-worker-w00-cpu-03-1d132d"":{""active"":0,""idle"":4,""other"":0},""atlasexp-worker-w10-gpu-large-00-fcc321"":{""active"":0,""idle"":4,""other"":0},""atlasexp-worker-w10-gpu-large-01-cacb15"":{""active"":0,""idle"":4,""other"":0},""atlasexp-worker-w20-gpu-small-00-5218d4"":{""active"":0,""idle"":4,""other"":0},""atlasexp-worker-w20-gpu-small-01-360b0e"":{""active"":0,""idle"":3,""other"":1}}"
2026-09-30T13:53:46.014939001Z,bench-mixed-w8-best-fit-ropen-t2,0.359449,,1,36,0,0.000000,2941.186000,0,81920,81920,4,0,0.000000,16384,0,"{""atlasexp-api-ceec95"":{""active"":0,""idle"":4,""other"":0},""atlasexp-scheduler-best-fit-5de7cb"":{""active"":0,""idle"":2,""other"":0},""atlasexp-worker-w00-cpu-00-c06922"":{""active"":0,""idle"":4,""other"":0},""atlasexp-worker-w00-cpu-01-49e970"":{""active"":0,""idle"":3,""other"":1},""atlasexp-worker-w00-cpu-02-66e48e"":{""active"":0,""idle"":4,""other"":0},""atlasexp-worker-w00-cpu-03-1d132d"":{""active"":0,""idle"":4,""other"":0},""atlasexp-worker-w10-gpu-large-00-fcc321"":{""active"":0,""idle"":4,""other"":0},""atlasexp-worker-w10-gpu-large-01-cacb15"":{""active"":1,""idle"":3,""other"":0},""atlasexp-worker-w20-gpu-small-00-5218d4"":{""active"":0,""idle"":4,""other"":0},""atlasexp-worker-w20-gpu-small-01-360b0e"":{""active"":0,""idle"":4,""other"":0}}"
2026-09-30T13:53:46.264667948Z,bench-mixed-w8-best-fit-ropen-t2,0.600651,,2,34,0,0.000000,3190.967000,16384,81920,49152,3,1,0.200000,16384,16384,"{""atlasexp-api-ceec95"":{""active"":0,""idle"":4,""other"":0},""atlasexp-scheduler-best-fit-5de7cb"":{""active"":1,""idle"":1,""other"":0},""atlasexp-worker-w00-cpu-00-c06922"":{""active"":0,""idle"":3,""other"":1},""atlasexp-worker-w00-cpu-01-49e970"":{""active"":0,""idle"":4,""other"":0},""atlasexp-worker-w00-cpu-02-66e48e"":{""active"":0,""idle"":4,""other"":0},""atlasexp-worker-w00-cpu-03-1d132d"":{""active"":0,""idle"":4,""other"":0},""atlasexp-worker-w10-gpu-large-00-fcc321"":{""active"":0,""idle"":4,""other"":0},""atlasexp-worker-w10-gpu-large-01-cacb15"":{""active"":1,""idle"":2,""other"":1},""atlasexp-worker-w20-gpu-small-00-5218d4"":{""active"":0,""idle"":4,""other"":0},""atlasexp-worker-w20-gpu-small-01-360b0e"":{""active"":0,""idle"":4,""other"":0}}"
2026-09-30T13:53:46.515503623Z,bench-mixed-w8-best-fit-ropen-t2,0.598001,,4,30,1,0.250000,2131.322000,16384,81920,49152,3,1,0.200000,16384,16384,"{""atlasexp-api-ceec95"":{""active"":0,""idle"":4,""other"":0},""atlasexp-scheduler-best-fit-5de7cb"":{""active"":0,""idle"":2,""other"":0},""atlasexp-worker-w00-cpu-00-c06922"":{""active"":0,""idle"":3,""other"":1},""atlasexp-worker-w00-cpu-01-49e970"":{""active"":0,""idle"":4,""other"":0},""atlasexp-worker-w00-cpu-02-66e48e"":{""active"":1,""idle"":3,""other"":0},""atlasexp-worker-w00-cpu-03-1d132d"":{""active"":0,""idle"":3,""other"":1},""atlasexp-worker-w10-gpu-large-00-fcc321"":{""active"":1,""idle"":2,""other"":1},""atlasexp-worker-w10-gpu-large-01-cacb15"":{""active"":1,""idle"":3,""other"":0},""atlasexp-worker-w20-gpu-small-00-5218d4"":{""active"":0,""idle"":4,""other"":0},""atlasexp-worker-w20-gpu-small-01-360b0e"":{""active"":1,""idle"":2,""other"":1}}"
2026-09-30T13:53:46.764944933Z,bench-mixed-w8-best-fit-ropen-t2,0.280627,,2,36,0,0.000000,2380.551000,4096,81920,49152,3,1,0.050000,16384,28672,"{""atlasexp-api-ceec95"":{""active"":0,""idle"":4,""other"":0},""atlasexp-scheduler-best-fit-5de7cb"":{""active"":1,""idle"":1,""other"":0},""atlasexp-worker-w00-cpu-00-c06922"":{""active"":0,""idle"":4,""other"":0},""atlasexp-worker-w00-cpu-01-49e970"":{""active"":1,""idle"":3,""other"":0},""atlasexp-worker-w00-cpu-02-66e48e"":{""active"":0,""idle"":4,""other"":0},""atlasexp-worker-w00-cpu-03-1d132d"":{""active"":0,""idle"":4,""other"":0},""atlasexp-worker-w10-gpu-large-00-fcc321"":{""active"":0,""idle"":4,""other"":0},""atlasexp-worker-w10-gpu-large-01-cacb15"":{""active"":0,""idle"":4,""other"":0},""atlasexp-worker-w20-gpu-small-00-5218d4"":{""active"":0,""idle"":4,""other"":0},""atlasexp-worker-w20-gpu-small-01-360b0e"":{""active"":0,""idle"":4,""other"":0}}"
2026-09-30T13:53:47.014888801Z,bench-mixed-w8-best-fit-ropen-t2,0.520117,,2,35,0,0.000000,2630.660000,40960,81920,0,0,4,0.500000,0,40960,"{""atlasexp-api-ceec95"":{""active"":0,""idle"":4,""other"":0},""atlasexp-scheduler-best-fit-5de7cb"":{""active"":0,""idle"":1,""other"":1},""atlasexp-worker-w00-cpu-00-c06922"":{""active"":1,""idle"":3,""other"":0},""atlasexp-worker-w00-cpu-01-49e970"":{""active"":0,""idle"":4,""other"":0},""atlasexp-worker-w00-cpu-02-66e48e"":{""active"":0,""idle"":4,""other"":0},""atlasexp-worker-w00-cpu-03-1d132d"":{""active"":1,""idle"":3,""other"":0},""atlasexp-worker-w10-gpu-large-00-fcc321"":{""active"":0,""idle"":4,""other"":0},""atlasexp-worker-w10-gpu-large-01-cacb15"":{""active"":0,""idle"":4,""other"":0},""atlasexp-worker-w20-gpu-small-00-5218d4"":{""active"":0,""idle"":4,""other"":0},""atlasexp-worker-w20-gpu-small-01-360b0e"":{""active"":0,""idle"":4,""other"":0}}"
2026-09-30T13:53:47.265277992Z,bench-mixed-w8-best-fit-ropen-t2,0.279565,,0,36,0,0.000000,2880.951000,20480,81920,40960,2,2,0.250000,8192,20480,"{""atlasexp-api-ceec95"":{""active"":0,""idle"":4,""other"":0},""atlasexp-scheduler-best-fit-5de7cb"":{""active"":0,""idle"":1,""other"":1},""atlasexp-worker-w00-cpu-00-c06922"":{""active"":0,""idle"":4,""other"":0},""atlasexp-worker-w00-cpu-01-49e970"":{""active"":0,""idle"":3,""other"":1},""atlasexp-worker-w00-cpu-02-66e48e"":{""active"":0,""idle"":4,""other"":0},""atlasexp-worker-w00-cpu-03-1d132d"":{""active"":0,""idle"":4,""other"":0},""atlasexp-worker-w10-gpu-large-00-fcc321"":{""active"":0,""idle"":4,""other"":0},""atlasexp-worker-w10-gpu-large-01-cacb15"":{""active"":0,""idle"":4,""other"":0},""atlasexp-worker-w20-gpu-small-00-5218d4"":{""active"":0,""idle"":4,""other"":0},""atlasexp-worker-w20-gpu-small-01-360b0e"":{""active"":0,""idle"":4,""other"":0}}"
2026-09-30T13:53:47.514457972Z,bench-mixed-w8-best-fit-ropen-t2,0.481580,,0,37,0,0.000000,3130.072000,40960,81920,0,0,4,0.500000,0,40960,"{""atlasexp-api-ceec95"":{""active"":0,""idle"":4,""other"":0},""atlasexp-scheduler-best-fit-5de7cb"":{""active"":0,""idle"":2,""other"":0},""atlasexp-worker-w00-cpu-00-c06922"":{""active"":0,""idle"":4,""other"":0},""atlasexp-worker-w00-cpu-01-49e970"":{""active"":0,""idle"":4,""other"":0},""atlasexp-worker-w00-cpu-02-66e48e"":{""active"":0,""idle"":4,""other"":0},""atlasexp-worker-w00-cpu-03-1d132d"":{""active"":0,""idle"":4,""other"":0},""atlasexp-worker-w10-gpu-large-00-fcc321"":{""active"":0,""idle"":4,""other"":0},""atlasexp-worker-w10-gpu-large-01-cacb15"":{""active"":0,""idle"":4,""other"":0},""atlasexp-worker-w20-gpu-small-00-5218d4"":{""active"":0,""idle"":3,""other"":1},""atlasexp-worker-w20-gpu-small-01-360b0e"":{""active"":0,""idle"":4,""other"":0}}"
2026-09-30T13:53:47.765314447Z,bench-mixed-w8-best-fit-ropen-t2,0.119590,,1,35,0,0.000000,3380.986000,8192,81920,65536,2,2,0.100000,0,8192,"{""atlasexp-api-ceec95"":{""active"":0,""idle"":4,""other"":0},""atlasexp-scheduler-best-fit-5de7cb"":{""active"":0,""idle"":1,""other"":1},""atlasexp-worker-w00-cpu-00-c06922"":{""active"":0,""idle"":4,""other"":0},""atlasexp-worker-w00-cpu-01-49e970"":{""active"":0,""idle"":4,""other"":0},""atlasexp-worker-w00-cpu-02-66e48e"":{""active"":0,""idle"":4,""other"":0},""atlasexp-worker-w00-cpu-03-1d132d"":{""active"":0,""idle"":4,""other"":0},""atlasexp-worker-w10-gpu-large-00-fcc321"":{""active"":0,""idle"":4,""other"":0},""atlasexp-worker-w10-gpu-large-01-cacb15"":{""active"":0,""idle"":4,""other"":0},""atlasexp-worker-w20-gpu-small-00-5218d4"":{""active"":0,""idle"":3,""other"":1},""atlasexp-worker-w20-gpu-small-01-360b0e"":{""active"":1,""idle"":3,""other"":0}}"
2026-09-30T13:53:48.01456529Z,bench-mixed-w8-best-fit-ropen-t2,0.401202,,0,38,0,0.000000,3630.360000,40960,81920,0,0,4,0.500000,0,40960,"{""atlasexp-api-ceec95"":{""active"":0,""idle"":4,""other"":0},""atlasexp-scheduler-best-fit-5de7cb"":{""active"":0,""idle"":2,""other"":0},""atlasexp-worker-w00-cpu-00-c06922"":{""active"":0,""idle"":4,""other"":0},""atlasexp-worker-w00-cpu-01-49e970"":{""active"":0,""idle"":4,""other"":0},""atlasexp-worker-w00-cpu-02-66e48e"":{""active"":0,""idle"":4,""other"":0},""atlasexp-worker-w00-cpu-03-1d132d"":{""active"":0,""idle"":4,""other"":0},""atlasexp-worker-w10-gpu-large-00-fcc321"":{""active"":0,""idle"":4,""other"":0},""atlasexp-worker-w10-gpu-large-01-cacb15"":{""active"":0,""idle"":4,""other"":0},""atlasexp-worker-w20-gpu-small-00-5218d4"":{""active"":0,""idle"":4,""other"":0},""atlasexp-worker-w20-gpu-small-01-360b0e"":{""active"":0,""idle"":4,""other"":0}}"
2026-09-30T13:53:48.26547799Z,bench-mixed-w8-best-fit-ropen-t2,0.199272,,0,37,0,0.000000,3881.103000,8192,81920,65536,2,2,0.100000,0,8192,"{""atlasexp-api-ceec95"":{""active"":0,""idle"":4,""other"":0},""atlasexp-scheduler-best-fit-5de7cb"":{""active"":0,""idle"":1,""other"":1},""atlasexp-worker-w00-cpu-00-c06922"":{""active"":0,""idle"":4,""other"":0},""atlasexp-worker-w00-cpu-01-49e970"":{""active"":0,""idle"":4,""other"":0},""atlasexp-worker-w00-cpu-02-66e48e"":{""active"":0,""idle"":4,""other"":0},""atlasexp-worker-w00-cpu-03-1d132d"":{""active"":0,""idle"":4,""other"":0},""atlasexp-worker-w10-gpu-large-00-fcc321"":{""active"":0,""idle"":4,""other"":0},""atlasexp-worker-w10-gpu-large-01-cacb15"":{""active"":0,""idle"":4,""other"":0},""atlasexp-worker-w20-gpu-small-00-5218d4"":{""active"":0,""idle"":4,""other"":0},""atlasexp-worker-w20-gpu-small-01-360b0e"":{""active"":0,""idle"":4,""other"":0}}"
2026-09-30T13:53:48.515520293Z,bench-mixed-w8-best-fit-ropen-t2,0.119980,,1,37,0,0.000000,,0,81920,81920,4,0,0.000000,16384,0,"{""atlasexp-api-ceec95"":{""active"":0,""idle"":4,""other"":0},""atlasexp-scheduler-best-fit-5de7cb"":{""active"":0,""idle"":2,""other"":0},""atlasexp-worker-w00-cpu-00-c06922"":{""active"":1,""idle"":3,""other"":0},""atlasexp-worker-w00-cpu-01-49e970"":{""active"":0,""idle"":4,""other"":0},""atlasexp-worker-w00-cpu-02-66e48e"":{""active"":0,""idle"":4,""other"":0},""atlasexp-worker-w00-cpu-03-1d132d"":{""active"":0,""idle"":4,""other"":0},""atlasexp-worker-w10-gpu-large-00-fcc321"":{""active"":0,""idle"":4,""other"":0},""atlasexp-worker-w10-gpu-large-01-cacb15"":{""active"":0,""idle"":4,""other"":0},""atlasexp-worker-w20-gpu-small-00-5218d4"":{""active"":0,""idle"":4,""other"":0},""atlasexp-worker-w20-gpu-small-01-360b0e"":{""active"":0,""idle"":4,""other"":0}}"
2026-09-30T13:53:48.76453849Z,bench-mixed-w8-best-fit-ropen-t3,0.481892,,6,30,4,0.666667,116.308000,0,81920,81920,4,0,0.000000,16384,0,"{""atlasexp-api-ceec95"":{""active"":4,""idle"":0,""other"":0},""atlasexp-scheduler-best-fit-5de7cb"":{""active"":1,""idle"":1,""other"":0},""atlasexp-worker-w00-cpu-00-c06922"":{""active"":0,""idle"":4,""other"":0},""atlasexp-worker-w00-cpu-01-49e970"":{""active"":1,""idle"":2,""other"":1},""atlasexp-worker-w00-cpu-02-66e48e"":{""active"":0,""idle"":4,""other"":0},""atlasexp-worker-w00-cpu-03-1d132d"":{""active"":0,""idle"":4,""other"":0},""atlasexp-worker-w10-gpu-large-00-fcc321"":{""active"":0,""idle"":4,""other"":0},""atlasexp-worker-w10-gpu-large-01-cacb15"":{""active"":0,""idle"":4,""other"":0},""atlasexp-worker-w20-gpu-small-00-5218d4"":{""active"":0,""idle"":3,""other"":1},""atlasexp-worker-w20-gpu-small-01-360b0e"":{""active"":0,""idle"":4,""other"":0}}"
2026-09-30T13:53:49.015223965Z,bench-mixed-w8-best-fit-ropen-t3,0.558469,,5,33,4,0.800000,367.107000,0,81920,81920,4,0,0.000000,16384,0,"{""atlasexp-api-ceec95"":{""active"":4,""idle"":0,""other"":0},""atlasexp-scheduler-best-fit-5de7cb"":{""active"":1,""idle"":1,""other"":0},""atlasexp-worker-w00-cpu-00-c06922"":{""active"":0,""idle"":4,""other"":0},""atlasexp-worker-w00-cpu-01-49e970"":{""active"":0,""idle"":4,""other"":0},""atlasexp-worker-w00-cpu-02-66e48e"":{""active"":0,""idle"":4,""other"":0},""atlasexp-worker-w00-cpu-03-1d132d"":{""active"":0,""idle"":4,""other"":0},""atlasexp-worker-w10-gpu-large-00-fcc321"":{""active"":0,""idle"":4,""other"":0},""atlasexp-worker-w10-gpu-large-01-cacb15"":{""active"":0,""idle"":4,""other"":0},""atlasexp-worker-w20-gpu-small-00-5218d4"":{""active"":0,""idle"":4,""other"":0},""atlasexp-worker-w20-gpu-small-01-360b0e"":{""active"":0,""idle"":4,""other"":0}}"
2026-09-30T13:53:49.265055955Z,bench-mixed-w8-best-fit-ropen-t3,0.520350,,4,33,3,0.750000,616.977000,0,81920,81920,4,0,0.000000,16384,0,"{""atlasexp-api-ceec95"":{""active"":2,""idle"":1,""other"":1},""atlasexp-scheduler-best-fit-5de7cb"":{""active"":1,""idle"":1,""other"":0},""atlasexp-worker-w00-cpu-00-c06922"":{""active"":0,""idle"":4,""other"":0},""atlasexp-worker-w00-cpu-01-49e970"":{""active"":0,""idle"":4,""other"":0},""atlasexp-worker-w00-cpu-02-66e48e"":{""active"":0,""idle"":4,""other"":0},""atlasexp-worker-w00-cpu-03-1d132d"":{""active"":1,""idle"":3,""other"":0},""atlasexp-worker-w10-gpu-large-00-fcc321"":{""active"":0,""idle"":4,""other"":0},""atlasexp-worker-w10-gpu-large-01-cacb15"":{""active"":0,""idle"":4,""other"":0},""atlasexp-worker-w20-gpu-small-00-5218d4"":{""active"":0,""idle"":4,""other"":0},""atlasexp-worker-w20-gpu-small-01-360b0e"":{""active"":0,""idle"":4,""other"":0}}"
2026-09-30T13:53:49.515189278Z,bench-mixed-w8-best-fit-ropen-t3,0.399787,,4,33,4,1.000000,867.160000,0,81920,81920,4,0,0.000000,16384,0,"{""atlasexp-api-ceec95"":{""active"":3,""idle"":0,""other"":1},""atlasexp-scheduler-best-fit-5de7cb"":{""active"":1,""idle"":1,""other"":0},""atlasexp-worker-w00-cpu-00-c06922"":{""active"":0,""idle"":4,""other"":0},""atlasexp-worker-w00-cpu-01-49e970"":{""active"":0,""idle"":4,""other"":0},""atlasexp-worker-w00-cpu-02-66e48e"":{""active"":0,""idle"":4,""other"":0},""atlasexp-worker-w00-cpu-03-1d132d"":{""active"":0,""idle"":4,""other"":0},""atlasexp-worker-w10-gpu-large-00-fcc321"":{""active"":0,""idle"":4,""other"":0},""atlasexp-worker-w10-gpu-large-01-cacb15"":{""active"":0,""idle"":4,""other"":0},""atlasexp-worker-w20-gpu-small-00-5218d4"":{""active"":0,""idle"":4,""other"":0},""atlasexp-worker-w20-gpu-small-01-360b0e"":{""active"":0,""idle"":4,""other"":0}}"
2026-09-30T13:53:49.764740503Z,bench-mixed-w8-best-fit-ropen-t3,0.440791,,5,32,4,0.800000,1116.536000,0,81920,81920,4,0,0.000000,16384,0,"{""atlasexp-api-ceec95"":{""active"":4,""idle"":0,""other"":0},""atlasexp-scheduler-best-fit-5de7cb"":{""active"":1,""idle"":1,""other"":0},""atlasexp-worker-w00-cpu-00-c06922"":{""active"":0,""idle"":4,""other"":0},""atlasexp-worker-w00-cpu-01-49e970"":{""active"":0,""idle"":4,""other"":0},""atlasexp-worker-w00-cpu-02-66e48e"":{""active"":0,""idle"":4,""other"":0},""atlasexp-worker-w00-cpu-03-1d132d"":{""active"":0,""idle"":3,""other"":1},""atlasexp-worker-w10-gpu-large-00-fcc321"":{""active"":0,""idle"":4,""other"":0},""atlasexp-worker-w10-gpu-large-01-cacb15"":{""active"":0,""idle"":4,""other"":0},""atlasexp-worker-w20-gpu-small-00-5218d4"":{""active"":0,""idle"":4,""other"":0},""atlasexp-worker-w20-gpu-small-01-360b0e"":{""active"":0,""idle"":4,""other"":0}}"
2026-09-30T13:53:50.015373339Z,bench-mixed-w8-best-fit-ropen-t3,0.279293,,2,31,0,0.000000,1367.167000,0,81920,81920,4,0,0.000000,16384,0,"{""atlasexp-api-ceec95"":{""active"":0,""idle"":4,""other"":0},""atlasexp-scheduler-best-fit-5de7cb"":{""active"":1,""idle"":1,""other"":0},""atlasexp-worker-w00-cpu-00-c06922"":{""active"":0,""idle"":4,""other"":0},""atlasexp-worker-w00-cpu-01-49e970"":{""active"":0,""idle"":4,""other"":0},""atlasexp-worker-w00-cpu-02-66e48e"":{""active"":0,""idle"":2,""other"":2},""atlasexp-worker-w00-cpu-03-1d132d"":{""active"":0,""idle"":4,""other"":0},""atlasexp-worker-w10-gpu-large-00-fcc321"":{""active"":0,""idle"":4,""other"":0},""atlasexp-worker-w10-gpu-large-01-cacb15"":{""active"":1,""idle"":3,""other"":0},""atlasexp-worker-w20-gpu-small-00-5218d4"":{""active"":0,""idle"":1,""other"":3},""atlasexp-worker-w20-gpu-small-01-360b0e"":{""active"":0,""idle"":4,""other"":0}}"
2026-09-30T13:53:50.264712622Z,bench-mixed-w8-best-fit-ropen-t3,0.320848,,0,38,0,0.000000,1616.504000,0,81920,81920,4,0,0.000000,16384,0,"{""atlasexp-api-ceec95"":{""active"":0,""idle"":4,""other"":0},""atlasexp-scheduler-best-fit-5de7cb"":{""active"":0,""idle"":2,""other"":0},""atlasexp-worker-w00-cpu-00-c06922"":{""active"":0,""idle"":4,""other"":0},""atlasexp-worker-w00-cpu-01-49e970"":{""active"":0,""idle"":4,""other"":0},""atlasexp-worker-w00-cpu-02-66e48e"":{""active"":0,""idle"":4,""other"":0},""atlasexp-worker-w00-cpu-03-1d132d"":{""active"":0,""idle"":4,""other"":0},""atlasexp-worker-w10-gpu-large-00-fcc321"":{""active"":0,""idle"":4,""other"":0},""atlasexp-worker-w10-gpu-large-01-cacb15"":{""active"":0,""idle"":4,""other"":0},""atlasexp-worker-w20-gpu-small-00-5218d4"":{""active"":0,""idle"":4,""other"":0},""atlasexp-worker-w20-gpu-small-01-360b0e"":{""active"":0,""idle"":4,""other"":0}}"
2026-09-30T13:53:50.515406053Z,bench-mixed-w8-best-fit-ropen-t3,0.438783,,3,33,0,0.000000,1313.113000,0,81920,81920,4,0,0.000000,16384,0,"{""atlasexp-api-ceec95"":{""active"":0,""idle"":4,""other"":0},""atlasexp-scheduler-best-fit-5de7cb"":{""active"":0,""idle"":1,""other"":1},""atlasexp-worker-w00-cpu-00-c06922"":{""active"":0,""idle"":4,""other"":0},""atlasexp-worker-w00-cpu-01-49e970"":{""active"":1,""idle"":3,""other"":0},""atlasexp-worker-w00-cpu-02-66e48e"":{""active"":0,""idle"":4,""other"":0},""atlasexp-worker-w00-cpu-03-1d132d"":{""active"":1,""idle"":3,""other"":0},""atlasexp-worker-w10-gpu-large-00-fcc321"":{""active"":1,""idle"":3,""other"":0},""atlasexp-worker-w10-gpu-large-01-cacb15"":{""active"":0,""idle"":4,""other"":0},""atlasexp-worker-w20-gpu-small-00-5218d4"":{""active"":0,""idle"":4,""other"":0},""atlasexp-worker-w20-gpu-small-01-360b0e"":{""active"":0,""idle"":3,""other"":1}}"
2026-09-30T13:53:50.764869637Z,bench-mixed-w8-best-fit-ropen-t3,0.440946,,0,36,0,0.000000,1562.588000,0,81920,81920,4,0,0.000000,16384,0,"{""atlasexp-api-ceec95"":{""active"":0,""idle"":4,""other"":0},""atlasexp-scheduler-best-fit-5de7cb"":{""active"":0,""idle"":1,""other"":1},""atlasexp-worker-w00-cpu-00-c06922"":{""active"":0,""idle"":4,""other"":0},""atlasexp-worker-w00-cpu-01-49e970"":{""active"":0,""idle"":4,""other"":0},""atlasexp-worker-w00-cpu-02-66e48e"":{""active"":0,""idle"":4,""other"":0},""atlasexp-worker-w00-cpu-03-1d132d"":{""active"":0,""idle"":4,""other"":0},""atlasexp-worker-w10-gpu-large-00-fcc321"":{""active"":0,""idle"":4,""other"":0},""atlasexp-worker-w10-gpu-large-01-cacb15"":{""active"":0,""idle"":4,""other"":0},""atlasexp-worker-w20-gpu-small-00-5218d4"":{""active"":0,""idle"":4,""other"":0},""atlasexp-worker-w20-gpu-small-01-360b0e"":{""active"":0,""idle"":3,""other"":1}}"
2026-09-30T13:53:51.015418428Z,bench-mixed-w8-best-fit-ropen-t3,0.319299,,1,37,0,0.000000,1813.241000,0,81920,81920,4,0,0.000000,16384,0,"{""atlasexp-api-ceec95"":{""active"":0,""idle"":4,""other"":0},""atlasexp-scheduler-best-fit-5de7cb"":{""active"":1,""idle"":1,""other"":0},""atlasexp-worker-w00-cpu-00-c06922"":{""active"":0,""idle"":4,""other"":0},""atlasexp-worker-w00-cpu-01-49e970"":{""active"":0,""idle"":4,""other"":0},""atlasexp-worker-w00-cpu-02-66e48e"":{""active"":0,""idle"":4,""other"":0},""atlasexp-worker-w00-cpu-03-1d132d"":{""active"":0,""idle"":4,""other"":0},""atlasexp-worker-w10-gpu-large-00-fcc321"":{""active"":0,""idle"":4,""other"":0},""atlasexp-worker-w10-gpu-large-01-cacb15"":{""active"":0,""idle"":4,""other"":0},""atlasexp-worker-w20-gpu-small-00-5218d4"":{""active"":0,""idle"":4,""other"":0},""atlasexp-worker-w20-gpu-small-01-360b0e"":{""active"":0,""idle"":4,""other"":0}}"
2026-09-30T13:53:51.265460412Z,bench-mixed-w8-best-fit-ropen-t3,0.439926,,1,37,0,0.000000,2063.277000,0,81920,81920,4,0,0.000000,16384,0,"{""atlasexp-api-ceec95"":{""active"":0,""idle"":4,""other"":0},""atlasexp-scheduler-best-fit-5de7cb"":{""active"":1,""idle"":1,""other"":0},""atlasexp-worker-w00-cpu-00-c06922"":{""active"":0,""idle"":4,""other"":0},""atlasexp-worker-w00-cpu-01-49e970"":{""active"":0,""idle"":4,""other"":0},""atlasexp-worker-w00-cpu-02-66e48e"":{""active"":0,""idle"":4,""other"":0},""atlasexp-worker-w00-cpu-03-1d132d"":{""active"":0,""idle"":4,""other"":0},""atlasexp-worker-w10-gpu-large-00-fcc321"":{""active"":0,""idle"":4,""other"":0},""atlasexp-worker-w10-gpu-large-01-cacb15"":{""active"":0,""idle"":4,""other"":0},""atlasexp-worker-w20-gpu-small-00-5218d4"":{""active"":0,""idle"":4,""other"":0},""atlasexp-worker-w20-gpu-small-01-360b0e"":{""active"":0,""idle"":4,""other"":0}}"
2026-09-30T13:53:51.515220421Z,bench-mixed-w8-best-fit-ropen-t3,0.240231,,0,36,0,0.000000,2313.203000,0,81920,81920,4,0,0.000000,16384,0,"{""atlasexp-api-ceec95"":{""active"":0,""idle"":4,""other"":0},""atlasexp-scheduler-best-fit-5de7cb"":{""active"":0,""idle"":1,""other"":1},""atlasexp-worker-w00-cpu-00-c06922"":{""active"":0,""idle"":4,""other"":0},""atlasexp-worker-w00-cpu-01-49e970"":{""active"":0,""idle"":4,""other"":0},""atlasexp-worker-w00-cpu-02-66e48e"":{""active"":0,""idle"":4,""other"":0},""atlasexp-worker-w00-cpu-03-1d132d"":{""active"":0,""idle"":3,""other"":1},""atlasexp-worker-w10-gpu-large-00-fcc321"":{""active"":0,""idle"":4,""other"":0},""atlasexp-worker-w10-gpu-large-01-cacb15"":{""active"":0,""idle"":4,""other"":0},""atlasexp-worker-w20-gpu-small-00-5218d4"":{""active"":0,""idle"":4,""other"":0},""atlasexp-worker-w20-gpu-small-01-360b0e"":{""active"":0,""idle"":4,""other"":0}}"
2026-09-30T13:53:51.764513697Z,bench-mixed-w8-best-fit-ropen-t3,0.521474,,1,37,0,0.000000,2562.348000,0,81920,81920,4,0,0.000000,16384,0,"{""atlasexp-api-ceec95"":{""active"":0,""idle"":4,""other"":0},""atlasexp-scheduler-best-fit-5de7cb"":{""active"":0,""idle"":2,""other"":0},""atlasexp-worker-w00-cpu-00-c06922"":{""active"":1,""idle"":3,""other"":0},""atlasexp-worker-w00-cpu-01-49e970"":{""active"":0,""idle"":4,""other"":0},""atlasexp-worker-w00-cpu-02-66e48e"":{""active"":0,""idle"":4,""other"":0},""atlasexp-worker-w00-cpu-03-1d132d"":{""active"":0,""idle"":4,""other"":0},""atlasexp-worker-w10-gpu-large-00-fcc321"":{""active"":0,""idle"":4,""other"":0},""atlasexp-worker-w10-gpu-large-01-cacb15"":{""active"":0,""idle"":4,""other"":0},""atlasexp-worker-w20-gpu-small-00-5218d4"":{""active"":0,""idle"":4,""other"":0},""atlasexp-worker-w20-gpu-small-01-360b0e"":{""active"":0,""idle"":4,""other"":0}}"
2026-09-30T13:53:52.014465011Z,bench-mixed-w8-best-fit-ropen-t3,0.240047,,4,34,0,0.000000,2812.218000,4096,81920,49152,3,1,0.050000,16384,28672,"{""atlasexp-api-ceec95"":{""active"":0,""idle"":4,""other"":0},""atlasexp-scheduler-best-fit-5de7cb"":{""active"":1,""idle"":1,""other"":0},""atlasexp-worker-w00-cpu-00-c06922"":{""active"":0,""idle"":4,""other"":0},""atlasexp-worker-w00-cpu-01-49e970"":{""active"":1,""idle"":3,""other"":0},""atlasexp-worker-w00-cpu-02-66e48e"":{""active"":0,""idle"":4,""other"":0},""atlasexp-worker-w00-cpu-03-1d132d"":{""active"":1,""idle"":3,""other"":0},""atlasexp-worker-w10-gpu-large-00-fcc321"":{""active"":0,""idle"":4,""other"":0},""atlasexp-worker-w10-gpu-large-01-cacb15"":{""active"":1,""idle"":3,""other"":0},""atlasexp-worker-w20-gpu-small-00-5218d4"":{""active"":0,""idle"":4,""other"":0},""atlasexp-worker-w20-gpu-small-01-360b0e"":{""active"":0,""idle"":4,""other"":0}}"
2026-09-30T13:53:52.26470717Z,bench-mixed-w8-best-fit-ropen-t3,0.799226,,2,36,0,0.000000,3062.394000,20480,81920,40960,2,2,0.250000,8192,20480,"{""atlasexp-api-ceec95"":{""active"":0,""idle"":4,""other"":0},""atlasexp-scheduler-best-fit-5de7cb"":{""active"":1,""idle"":1,""other"":0},""atlasexp-worker-w00-cpu-00-c06922"":{""active"":0,""idle"":4,""other"":0},""atlasexp-worker-w00-cpu-01-49e970"":{""active"":0,""idle"":4,""other"":0},""atlasexp-worker-w00-cpu-02-66e48e"":{""active"":1,""idle"":3,""other"":0},""atlasexp-worker-w00-cpu-03-1d132d"":{""active"":0,""idle"":4,""other"":0},""atlasexp-worker-w10-gpu-large-00-fcc321"":{""active"":0,""idle"":4,""other"":0},""atlasexp-worker-w10-gpu-large-01-cacb15"":{""active"":0,""idle"":4,""other"":0},""atlasexp-worker-w20-gpu-small-00-5218d4"":{""active"":0,""idle"":4,""other"":0},""atlasexp-worker-w20-gpu-small-01-360b0e"":{""active"":0,""idle"":4,""other"":0}}"
2026-09-30T13:53:52.515359293Z,bench-mixed-w8-best-fit-ropen-t3,0.478751,,6,32,0,0.000000,3313.272000,40960,81920,0,0,4,0.500000,0,40960,"{""atlasexp-api-ceec95"":{""active"":0,""idle"":4,""other"":0},""atlasexp-scheduler-best-fit-5de7cb"":{""active"":1,""idle"":1,""other"":0},""atlasexp-worker-w00-cpu-00-c06922"":{""active"":0,""idle"":4,""other"":0},""atlasexp-worker-w00-cpu-01-49e970"":{""active"":1,""idle"":3,""other"":0},""atlasexp-worker-w00-cpu-02-66e48e"":{""active"":0,""idle"":4,""other"":0},""atlasexp-worker-w00-cpu-03-1d132d"":{""active"":2,""idle"":2,""other"":0},""atlasexp-worker-w10-gpu-large-00-fcc321"":{""active"":1,""idle"":3,""other"":0},""atlasexp-worker-w10-gpu-large-01-cacb15"":{""active"":0,""idle"":4,""other"":0},""atlasexp-worker-w20-gpu-small-00-5218d4"":{""active"":0,""idle"":4,""other"":0},""atlasexp-worker-w20-gpu-small-01-360b0e"":{""active"":1,""idle"":3,""other"":0}}"
2026-09-30T13:53:52.765537422Z,bench-mixed-w8-best-fit-ropen-t3,0.359744,,2,34,1,0.500000,3563.429000,28672,81920,0,0,4,0.350000,0,53248,"{""atlasexp-api-ceec95"":{""active"":0,""idle"":4,""other"":0},""atlasexp-scheduler-best-fit-5de7cb"":{""active"":0,""idle"":1,""other"":1},""atlasexp-worker-w00-cpu-00-c06922"":{""active"":0,""idle"":4,""other"":0},""atlasexp-worker-w00-cpu-01-49e970"":{""active"":0,""idle"":4,""other"":0},""atlasexp-worker-w00-cpu-02-66e48e"":{""active"":0,""idle"":4,""other"":0},""atlasexp-worker-w00-cpu-03-1d132d"":{""active"":0,""idle"":4,""other"":0},""atlasexp-worker-w10-gpu-large-00-fcc321"":{""active"":1,""idle"":2,""other"":1},""atlasexp-worker-w10-gpu-large-01-cacb15"":{""active"":0,""idle"":4,""other"":0},""atlasexp-worker-w20-gpu-small-00-5218d4"":{""active"":0,""idle"":4,""other"":0},""atlasexp-worker-w20-gpu-small-01-360b0e"":{""active"":1,""idle"":3,""other"":0}}"
2026-09-30T13:53:53.015034938Z,bench-mixed-w8-best-fit-ropen-t3,0.601208,,0,38,0,0.000000,2437.804000,20480,81920,16384,2,2,0.250000,16384,45056,"{""atlasexp-api-ceec95"":{""active"":0,""idle"":4,""other"":0},""atlasexp-scheduler-best-fit-5de7cb"":{""active"":0,""idle"":2,""other"":0},""atlasexp-worker-w00-cpu-00-c06922"":{""active"":0,""idle"":4,""other"":0},""atlasexp-worker-w00-cpu-01-49e970"":{""active"":0,""idle"":4,""other"":0},""atlasexp-worker-w00-cpu-02-66e48e"":{""active"":0,""idle"":4,""other"":0},""atlasexp-worker-w00-cpu-03-1d132d"":{""active"":0,""idle"":4,""other"":0},""atlasexp-worker-w10-gpu-large-00-fcc321"":{""active"":0,""idle"":4,""other"":0},""atlasexp-worker-w10-gpu-large-01-cacb15"":{""active"":0,""idle"":4,""other"":0},""atlasexp-worker-w20-gpu-small-00-5218d4"":{""active"":0,""idle"":4,""other"":0},""atlasexp-worker-w20-gpu-small-01-360b0e"":{""active"":0,""idle"":4,""other"":0}}"
2026-09-30T13:53:53.265414555Z,bench-mixed-w8-best-fit-ropen-t3,0.279575,,1,37,0,0.000000,2688.261000,24576,81920,8192,1,3,0.300000,8192,49152,"{""atlasexp-api-ceec95"":{""active"":0,""idle"":4,""other"":0},""atlasexp-scheduler-best-fit-5de7cb"":{""active"":1,""idle"":1,""other"":0},""atlasexp-worker-w00-cpu-00-c06922"":{""active"":0,""idle"":4,""other"":0},""atlasexp-worker-w00-cpu-01-49e970"":{""active"":0,""idle"":4,""other"":0},""atlasexp-worker-w00-cpu-02-66e48e"":{""active"":0,""idle"":4,""other"":0},""atlasexp-worker-w00-cpu-03-1d132d"":{""active"":0,""idle"":4,""other"":0},""atlasexp-worker-w10-gpu-large-00-fcc321"":{""active"":0,""idle"":4,""other"":0},""atlasexp-worker-w10-gpu-large-01-cacb15"":{""active"":0,""idle"":4,""other"":0},""atlasexp-worker-w20-gpu-small-00-5218d4"":{""active"":0,""idle"":4,""other"":0},""atlasexp-worker-w20-gpu-small-01-360b0e"":{""active"":0,""idle"":4,""other"":0}}"
2026-09-30T13:53:53.514496526Z,bench-mixed-w8-best-fit-ropen-t3,0.441622,,0,35,0,0.000000,2937.485000,24576,81920,8192,1,3,0.300000,8192,49152,"{""atlasexp-api-ceec95"":{""active"":0,""idle"":4,""other"":0},""atlasexp-scheduler-best-fit-5de7cb"":{""active"":0,""idle"":2,""other"":0},""atlasexp-worker-w00-cpu-00-c06922"":{""active"":0,""idle"":3,""other"":1},""atlasexp-worker-w00-cpu-01-49e970"":{""active"":0,""idle"":4,""other"":0},""atlasexp-worker-w00-cpu-02-66e48e"":{""active"":0,""idle"":4,""other"":0},""atlasexp-worker-w00-cpu-03-1d132d"":{""active"":0,""idle"":3,""other"":1},""atlasexp-worker-w10-gpu-large-00-fcc321"":{""active"":0,""idle"":4,""other"":0},""atlasexp-worker-w10-gpu-large-01-cacb15"":{""active"":0,""idle"":4,""other"":0},""atlasexp-worker-w20-gpu-small-00-5218d4"":{""active"":0,""idle"":4,""other"":0},""atlasexp-worker-w20-gpu-small-01-360b0e"":{""active"":0,""idle"":3,""other"":1}}"
2026-09-30T13:53:53.765436077Z,bench-mixed-w8-best-fit-ropen-t3,0.199251,,0,38,0,0.000000,3188.357000,4096,81920,73728,3,1,0.050000,8192,4096,"{""atlasexp-api-ceec95"":{""active"":0,""idle"":4,""other"":0},""atlasexp-scheduler-best-fit-5de7cb"":{""active"":0,""idle"":2,""other"":0},""atlasexp-worker-w00-cpu-00-c06922"":{""active"":0,""idle"":4,""other"":0},""atlasexp-worker-w00-cpu-01-49e970"":{""active"":0,""idle"":4,""other"":0},""atlasexp-worker-w00-cpu-02-66e48e"":{""active"":0,""idle"":4,""other"":0},""atlasexp-worker-w00-cpu-03-1d132d"":{""active"":0,""idle"":4,""other"":0},""atlasexp-worker-w10-gpu-large-00-fcc321"":{""active"":0,""idle"":4,""other"":0},""atlasexp-worker-w10-gpu-large-01-cacb15"":{""active"":0,""idle"":4,""other"":0},""atlasexp-worker-w20-gpu-small-00-5218d4"":{""active"":0,""idle"":4,""other"":0},""atlasexp-worker-w20-gpu-small-01-360b0e"":{""active"":0,""idle"":4,""other"":0}}"
2026-09-30T13:53:54.014841571Z,bench-mixed-w8-best-fit-ropen-t3,0.240572,,0,37,0,0.000000,3437.524000,24576,81920,32768,1,3,0.300000,0,24576,"{""atlasexp-api-ceec95"":{""active"":0,""idle"":4,""other"":0},""atlasexp-scheduler-best-fit-5de7cb"":{""active"":0,""idle"":2,""other"":0},""atlasexp-worker-w00-cpu-00-c06922"":{""active"":0,""idle"":4,""other"":0},""atlasexp-worker-w00-cpu-01-49e970"":{""active"":0,""idle"":4,""other"":0},""atlasexp-worker-w00-cpu-02-66e48e"":{""active"":0,""idle"":3,""other"":1},""atlasexp-worker-w00-cpu-03-1d132d"":{""active"":0,""idle"":4,""other"":0},""atlasexp-worker-w10-gpu-large-00-fcc321"":{""active"":0,""idle"":4,""other"":0},""atlasexp-worker-w10-gpu-large-01-cacb15"":{""active"":0,""idle"":4,""other"":0},""atlasexp-worker-w20-gpu-small-00-5218d4"":{""active"":0,""idle"":4,""other"":0},""atlasexp-worker-w20-gpu-small-01-360b0e"":{""active"":0,""idle"":4,""other"":0}}"
2026-09-30T13:53:54.265162478Z,bench-mixed-w8-best-fit-ropen-t3,0.239692,,1,37,0,0.000000,3688.041000,36864,81920,8192,1,3,0.450000,8192,36864,"{""atlasexp-api-ceec95"":{""active"":0,""idle"":4,""other"":0},""atlasexp-scheduler-best-fit-5de7cb"":{""active"":0,""idle"":2,""other"":0},""atlasexp-worker-w00-cpu-00-c06922"":{""active"":0,""idle"":4,""other"":0},""atlasexp-worker-w00-cpu-01-49e970"":{""active"":0,""idle"":4,""other"":0},""atlasexp-worker-w00-cpu-02-66e48e"":{""active"":0,""idle"":4,""other"":0},""atlasexp-worker-w00-cpu-03-1d132d"":{""active"":0,""idle"":4,""other"":0},""atlasexp-worker-w10-gpu-large-00-fcc321"":{""active"":1,""idle"":3,""other"":0},""atlasexp-worker-w10-gpu-large-01-cacb15"":{""active"":0,""idle"":4,""other"":0},""atlasexp-worker-w20-gpu-small-00-5218d4"":{""active"":0,""idle"":4,""other"":0},""atlasexp-worker-w20-gpu-small-01-360b0e"":{""active"":0,""idle"":4,""other"":0}}"
